timestamp,close_A,close_B,spread
2026-07-06 05:45:00+00:00,4149.0,61.688,4.2085331978022085
2026-07-06 06:00:00+00:00,4153.8,61.912,4.206064834943877
2026-07-06 06:15:00+00:00,4157.6,61.935,4.206607815688069
2026-07-06 06:30:00+00:00,4157.2,61.821,4.208353937146303
2026-07-06 06:45:00+00:00,4152.2,61.729,4.2086397565466696
2026-07-06 07:00:00+00:00,4152.1,61.846,4.206722085181965
2026-07-06 07:15:00+00:00,4155.9,61.932,4.206247281377353
2026-07-06 07:30:00+00:00,4165.5,62.25,4.203433060070147
2026-07-06 07:45:00+00:00,4165.9,62.37,4.201603227154175
2026-07-06 08:00:00+00:00,4159.3,62.123,4.203985779126056
2026-07-06 08:15:00+00:00,4156.7,62.111,4.203553662311496
2026-07-06 08:30:00+00:00,4151.3,61.989,4.204219867233734
2026-07-06 08:45:00+00:00,4152.4,62.028,4.203855863317187
2026-07-06 09:00:00+00:00,4151.7,62.132,4.2020120137743335
2026-07-06 09:15:00+00:00,4144.9,62.045,4.201774013599437
2026-07-06 09:30:00+00:00,4142.4,61.907,4.203397350078449
2026-07-06 09:45:00+00:00,4145.9,62.016,4.2024827568031595
2026-07-06 10:00:00+00:00,4149.8,62.04,4.203036080984012
2026-07-06 10:15:00+00:00,4150.6,62.072,4.202713179495912
2026-07-06 10:30:00+00:00,4156.7,62.239,4.201494956316992
2026-07-06 10:45:00+00:00,4155.7,62.128,4.203039391831289
2026-07-06 11:00:00+00:00,4156.3,62.113,4.203425227601515
2026-07-06 11:15:00+00:00,4158.2,62.185,4.202723754203584
2026-07-06 11:30:00+00:00,4156.0,62.144,4.202854079550258
2026-07-06 11:45:00+00:00,4155.7,62.214,4.201656110016404
2026-07-06 12:00:00+00:00,4157.3,62.201,4.2022500272908125
2026-07-06 12:15:00+00:00,4146.9,62.053,4.202127487550171
2026-07-06 12:30:00+00:00,4134.4,61.536,4.207475124741858
2026-07-06 12:45:00+00:00,4141.5,61.632,4.207632103862658
2026-07-06 13:00:00+00:00,4142.9,61.521,4.209772724745634
2026-07-06 13:15:00+00:00,4145.3,61.7,4.207446510396068
2026-07-06 13:30:00+00:00,4150.1,61.992,4.203882364858324
2026-07-06 13:45:00+00:00,4141.6,61.892,4.203446534960265
2026-07-06 14:00:00+00:00,4142.8,61.858,4.204285731050619
2026-07-06 14:15:00+00:00,4139.0,61.737,4.205326064720211
2026-07-06 14:30:00+00:00,4131.5,61.587,4.205945006834659
2026-07-06 14:45:00+00:00,4139.5,61.762,4.205041997966982
2026-07-06 15:00:00+00:00,4141.1,61.705,4.2063517671051835
2026-07-06 15:15:00+00:00,4150.3,61.834,4.206482524776218
2026-07-06 15:30:00+00:00,4152.5,61.939,4.2053158117288385
2026-07-06 15:45:00+00:00,4149.0,61.843,4.206023704940605
2026-07-06 16:00:00+00:00,4143.4,61.632,4.2080907696361285
2026-07-06 16:15:00+00:00,4147.4,61.608,4.209445178626791
2026-07-06 16:30:00+00:00,4151.7,61.769,4.207871547411785
2026-07-06 16:45:00+00:00,4158.1,61.841,4.20824694324113
2026-07-06 17:00:00+00:00,4155.6,61.883,4.20696659573584
2026-07-06 17:15:00+00:00,4157.6,61.954,4.206301089503356
2026-07-06 17:30:00+00:00,4159.5,61.959,4.20667727775032
2026-07-06 17:45:00+00:00,4162.2,62.008,4.206535650640101
2026-07-06 18:00:00+00:00,4159.3,62.028,4.205516173863781
2026-07-06 18:15:00+00:00,4164.3,62.124,4.205171085541409
2026-07-06 18:30:00+00:00,4165.8,62.251,4.203489013514466
2026-07-06 18:45:00+00:00,4165.1,62.204,4.2040762575574675
2026-07-06 19:00:00+00:00,4161.8,62.096,4.2050213773521286
2026-07-06 19:15:00+00:00,4165.7,62.201,4.204268530919804
2026-07-06 19:30:00+00:00,4162.0,62.07,4.2054882265280185
2026-07-06 19:45:00+00:00,4165.3,62.1,4.205797591879084
2026-07-06 20:00:00+00:00,4164.7,62.024,4.206878116278561
2026-07-06 20:15:00+00:00,4165.8,62.048,4.206755333927042
2026-07-06 20:30:00+00:00,4166.0,62.066,4.206513286842307
2026-07-06 20:45:00+00:00,4167.3,62.11,4.206116616500242
2026-07-06 21:00:00+00:00,4170.9,62.178,4.205885879413472
2026-07-06 21:15:00+00:00,4169.9,62.131,4.206402274459799
2026-07-06 21:30:00+00:00,4168.9,62.163,4.205647523582537
2026-07-06 21:45:00+00:00,4169.3,62.12,4.206435436713902
2026-07-06 22:00:00+00:00,4167.8,62.147,4.205641051159075
2026-07-06 22:15:00+00:00,4167.7,62.133,4.2058423551132424
2026-07-06 22:30:00+00:00,4169.8,62.163,4.205863384568901
2026-07-06 22:45:00+00:00,4166.5,62.064,4.20666552312465
2026-07-06 23:00:00+00:00,4167.1,62.093,4.2063423680458305
2026-07-06 23:15:00+00:00,4165.2,62.044,4.206675761893236
2026-07-06 23:30:00+00:00,4162.6,62.01,4.206599495662364
2026-07-06 23:45:00+00:00,4158.9,61.811,4.208924553060255
2026-07-07 00:00:00+00:00,4156.9,61.928,4.206552463251401
2026-07-07 00:15:00+00:00,4160.2,61.99,4.2063453473089
2026-07-07 00:30:00+00:00,4151.5,61.638,4.209946430239904
2026-07-07 00:45:00+00:00,4147.5,61.515,4.210979974552467
2026-07-07 01:00:00+00:00,4143.5,61.307,4.213402091370477
2026-07-07 01:15:00+00:00,4134.3,61.079,4.214905198303985
2026-07-07 01:30:00+00:00,4143.2,61.428,4.211357957846235
2026-07-07 01:45:00+00:00,4142.6,61.548,4.209261530826291
2026-07-07 02:00:00+00:00,4146.1,61.646,4.208515067233482
2026-07-07 02:15:00+00:00,4145.3,61.558,4.209750621493479
2026-07-07 02:30:00+00:00,4142.3,61.531,4.209465355256045
2026-07-07 02:45:00+00:00,4137.6,61.305,4.212009782893188
2026-07-07 03:00:00+00:00,4139.6,61.294,4.2126724849245605
2026-07-07 03:15:00+00:00,4135.0,61.043,4.2156640735897115
2026-07-07 03:30:00+00:00,4130.1,61.059,4.214216288898156
2026-07-07 03:45:00+00:00,4132.9,61.133,4.213682800142694
2026-07-07 04:00:00+00:00,4140.9,61.216,4.2142598412398
2026-07-07 04:15:00+00:00,4135.4,61.054,4.2155806194907814
2026-07-07 04:30:00+00:00,4133.1,61.02,4.2155813304301395
2026-07-07 04:45:00+00:00,4127.6,60.899,4.2162346490217715
2026-07-07 05:00:00+00:00,4123.5,60.661,4.219156608820799
2026-07-07 05:15:00+00:00,4129.7,60.722,4.219653973470196
2026-07-07 05:30:00+00:00,4122.4,60.501,4.2215309031882
2026-07-07 05:45:00+00:00,4126.6,60.578,4.2212773114931235
2026-07-07 06:00:00+00:00,4124.8,60.769,4.217693022220903
2026-07-07 06:15:00+00:00,4130.7,61.003,4.215279119826569
2026-07-07 06:30:00+00:00,4133.7,61.23,4.212290903178104
2026-07-07 06:45:00+00:00,4132.4,61.159,4.213136600604019
2026-07-07 07:00:00+00:00,4130.9,61.041,4.21470481034814
2026-07-07 07:15:00+00:00,4130.0,61.035,4.214585215833315
2026-07-07 07:30:00+00:00,4131.3,60.987,4.215686679694153
2026-07-07 07:45:00+00:00,4127.6,60.865,4.21679310638
2026-07-07 08:00:00+00:00,4139.2,61.265,4.213049094030355
2026-07-07 08:15:00+00:00,4138.6,61.241,4.213295945524962
2026-07-07 08:30:00+00:00,4131.7,61.054,4.21468550506201
2026-07-07 08:45:00+00:00,4128.4,60.961,4.21541088624846
2026-07-07 09:00:00+00:00,4129.3,60.942,4.215940587878924
2026-07-07 09:15:00+00:00,4123.1,60.825,4.216359697927032
2026-07-07 09:30:00+00:00,4135.3,61.021,4.2160970889929095
2026-07-07 09:45:00+00:00,4133.7,60.928,4.217235329499067
2026-07-07 10:00:00+00:00,4135.5,61.016,4.216227394270024
2026-07-07 10:15:00+00:00,4140.0,61.124,4.215546479076349
2026-07-07 10:30:00+00:00,4138.4,60.994,4.217289020009458
2026-07-07 10:45:00+00:00,4136.4,60.831,4.219481595856384
2026-07-07 11:00:00+00:00,4134.3,60.762,4.2201087129710055
2026-07-07 11:15:00+00:00,4146.1,61.04,4.218394025362032
2026-07-07 11:30:00+00:00,4150.0,61.178,4.2170759654580365
2026-07-07 11:45:00+00:00,4160.0,61.424,4.215469714996867
2026-07-07 12:00:00+00:00,4174.7,61.704,4.214449019784046
2026-07-07 12:15:00+00:00,4167.6,61.707,4.212698232873893
2026-07-07 12:30:00+00:00,4167.5,61.421,4.2173198184032294
2026-07-07 12:45:00+00:00,4173.7,61.67,4.214760622548085
2026-07-07 13:00:00+00:00,4172.8,61.414,4.218704730100886
2026-07-07 13:15:00+00:00,4167.6,61.292,4.2194462808220985
2026-07-07 13:30:00+00:00,4178.9,61.839,4.2132690996067925
2026-07-07 13:45:00+00:00,4160.2,61.359,4.216576569358589
2026-07-07 14:00:00+00:00,4153.0,61.191,4.217586123750212
2026-07-07 14:15:00+00:00,4157.9,61.119,4.219942634636828
2026-07-07 14:30:00+00:00,4152.5,60.966,4.221149509755651
2026-07-07 14:45:00+00:00,4155.9,60.964,4.22200076430834
2026-07-07 15:00:00+00:00,4149.8,60.828,4.222765210014138
2026-07-07 15:15:00+00:00,4144.4,60.76,4.222581626650024
2026-07-07 15:30:00+00:00,4148.2,60.86,4.221853639725953
2026-07-07 15:45:00+00:00,4140.0,60.677,4.222886353244796
2026-07-07 16:00:00+00:00,4143.1,60.877,4.220344143812316
2026-07-07 16:15:00+00:00,4147.8,61.008,4.2193283490640665
2026-07-07 16:30:00+00:00,4146.7,60.893,4.220949890597243
2026-07-07 16:45:00+00:00,4145.3,60.96,4.219512529929019
2026-07-07 17:00:00+00:00,4143.8,60.853,4.220907400446912
2026-07-07 17:15:00+00:00,4146.7,61.03,4.2187025696215565
2026-07-07 17:30:00+00:00,4148.5,61.044,4.218907186475712
2026-07-07 17:45:00+00:00,4145.3,61.046,4.21810276296275
2026-07-07 18:00:00+00:00,4143.7,60.984,4.218732852810393
2026-07-07 18:15:00+00:00,4143.6,60.941,4.219414071177823
2026-07-07 18:30:00+00:00,4142.6,60.906,4.219747196991074
2026-07-07 18:45:00+00:00,4127.8,60.483,4.2231375225595915
2026-07-07 19:00:00+00:00,4107.8,59.833,4.229085536157483
2026-07-07 19:15:00+00:00,4106.0,59.799,4.229215659170141
2026-07-07 19:30:00+00:00,4110.7,60.035,4.226420883807127
2026-07-07 19:45:00+00:00,4117.2,60.26,4.224260065950249
2026-07-07 20:00:00+00:00,4115.4,60.233,4.224270938852881
2026-07-07 20:15:00+00:00,4112.9,60.176,4.224610053053458
2026-07-07 20:30:00+00:00,4107.8,59.946,4.227198727392612
2026-07-07 20:45:00+00:00,4108.8,60.003,4.226491733083445
2026-07-07 21:00:00+00:00,4109.8,59.985,4.227035113538879
2026-07-07 21:15:00+00:00,4110.2,59.991,4.227032417135844
2026-07-07 21:30:00+00:00,4110.3,59.992,4.227040077528085
2026-07-07 21:45:00+00:00,4109.8,60.006,4.226685087283336
2026-07-07 22:00:00+00:00,4105.3,59.865,4.2279420736551865
2026-07-07 22:15:00+00:00,4101.4,59.713,4.2295339056845025
2026-07-07 22:30:00+00:00,4103.3,59.705,4.230131038015198
2026-07-07 22:45:00+00:00,4100.9,59.809,4.227805589493658
2026-07-07 23:00:00+00:00,4107.8,59.889,4.228150035512922
2026-07-07 23:15:00+00:00,4107.6,59.965,4.2268331366404555
2026-07-07 23:30:00+00:00,4100.8,59.708,4.229471340838813
2026-07-07 23:45:00+00:00,4099.9,59.698,4.2294193431511795
2026-07-08 00:00:00+00:00,4102.1,59.743,4.229202287550459
2026-07-08 00:15:00+00:00,4107.5,59.876,4.228294092858434
2026-07-08 00:30:00+00:00,4125.9,60.25,4.226536884418008
2026-07-08 00:45:00+00:00,4115.1,60.122,4.226042583021291
2026-07-08 01:00:00+00:00,4110.6,60.054,4.226080124771972
2026-07-08 01:15:00+00:00,4105.1,60.011,4.225457503373815
2026-07-08 01:30:00+00:00,4103.7,59.762,4.229274277296819
2026-07-08 01:45:00+00:00,4112.7,60.034,4.2269239577161235
2026-07-08 02:00:00+00:00,4114.0,59.95,4.228640188739379
2026-07-08 02:15:00+00:00,4121.2,60.046,4.228788726920911
2026-07-08 02:30:00+00:00,4120.1,60.153,4.226741397404999
2026-07-08 02:45:00+00:00,4115.3,60.045,4.227372733350876
2026-07-08 03:00:00+00:00,4129.3,60.574,4.221997421958606
2026-07-08 03:15:00+00:00,4130.6,60.7,4.220234255788097
2026-07-08 03:30:00+00:00,4127.3,60.612,4.220885825864836
2026-07-08 03:45:00+00:00,4124.3,60.386,4.223894297404634
2026-07-08 04:00:00+00:00,4125.0,60.361,4.2244780977432805
2026-07-08 04:15:00+00:00,4127.1,60.4,4.22434115519429
2026-07-08 04:30:00+00:00,4124.4,60.398,4.2237198418340345
2026-07-08 04:45:00+00:00,4125.9,60.367,4.224596858771605
2026-07-08 05:00:00+00:00,4127.5,60.521,4.222436763547321
2026-07-08 05:15:00+00:00,4123.9,60.373,4.224012611410184
2026-07-08 05:30:00+00:00,4129.2,60.826,4.2178216334486915
2026-07-08 05:45:00+00:00,4128.6,60.861,4.217101069949187
2026-07-08 06:00:00+00:00,4131.9,60.778,4.219264747205188
2026-07-08 06:15:00+00:00,4131.9,60.985,4.215864696296194
2026-07-08 06:30:00+00:00,4127.8,60.84,4.217252388984183
2026-07-08 06:45:00+00:00,4124.9,60.71,4.218688626908344
2026-07-08 07:00:00+00:00,4119.4,60.541,4.2201419792086
2026-07-08 07:15:00+00:00,4120.3,60.588,4.2195844015618515
2026-07-08 07:30:00+00:00,4127.4,60.8,4.217813158787902
2026-07-08 07:45:00+00:00,4121.9,60.637,4.219164233273388
2026-07-08 08:00:00+00:00,4118.5,60.61,4.21878440241811
2026-07-08 08:15:00+00:00,4091.3,59.728,4.226817124772272
2026-07-08 08:30:00+00:00,4068.6,58.897,4.235264083343558
2026-07-08 08:45:00+00:00,4057.5,58.435,4.240407274003626
2026-07-08 09:00:00+00:00,4055.0,58.463,4.239311891043168
2026-07-08 09:15:00+00:00,4057.9,58.587,4.237908048432246
2026-07-08 09:30:00+00:00,4049.0,58.58,4.235831874632574
2026-07-08 09:45:00+00:00,4044.9,58.325,4.239181289400645
2026-07-08 10:00:00+00:00,4044.3,58.543,4.23530223440388
2026-07-08 10:15:00+00:00,4052.1,58.528,4.237485272026373
2026-07-08 10:30:00+00:00,4058.5,58.635,4.237236938288203
2026-07-08 10:45:00+00:00,4054.7,58.449,4.239477401943435
2026-07-08 11:00:00+00:00,4051.6,58.432,4.239003458840139
2026-07-08 11:15:00+00:00,4052.0,58.423,4.239256217450844
2026-07-08 11:30:00+00:00,4065.5,58.873,4.234909434164321
2026-07-08 11:45:00+00:00,4063.0,58.751,4.236368721831723
2026-07-08 12:00:00+00:00,4072.2,58.825,4.237371738324342
2026-07-08 12:15:00+00:00,4072.1,58.564,4.241793942554359
2026-07-08 12:30:00+00:00,4078.0,58.587,4.242849122165645
2026-07-08 12:45:00+00:00,4073.2,58.579,4.241807939716213
2026-07-08 13:00:00+00:00,4073.0,58.654,4.2404793336810025
2026-07-08 13:15:00+00:00,4067.8,58.373,4.244004137591234
2026-07-08 13:30:00+00:00,4074.5,58.573,4.24222947920884
2026-07-08 13:45:00+00:00,4071.0,58.468,4.243164352475932
2026-07-08 14:00:00+00:00,4058.5,58.312,4.242760822121318
2026-07-08 14:15:00+00:00,4062.6,58.33,4.243461900954109
2026-07-08 14:30:00+00:00,4037.3,57.702,4.248039595741869
2026-07-08 14:45:00+00:00,4042.8,57.844,4.246943068447962
2026-07-08 15:00:00+00:00,4036.7,57.597,4.2497123224711215
2026-07-08 15:15:00+00:00,4031.7,57.477,4.250558534439163
2026-07-08 15:30:00+00:00,4034.6,57.417,4.252322016476205
2026-07-08 15:45:00+00:00,4036.4,57.437,4.252419789626612
2026-07-08 16:00:00+00:00,4042.0,57.569,4.251510669584779
2026-07-08 16:15:00+00:00,4045.3,57.596,4.251857871533022
2026-07-08 16:30:00+00:00,4058.4,57.917,4.249533135096567
2026-07-08 16:45:00+00:00,4065.1,57.951,4.250595796033067
2026-07-08 17:00:00+00:00,4068.7,57.974,4.2510841829162
2026-07-08 17:15:00+00:00,4075.4,58.342,4.246401934718502
2026-07-08 17:30:00+00:00,4072.2,58.237,4.247417781365084
2026-07-08 17:45:00+00:00,4068.0,58.158,4.247743312429924
2026-07-08 18:00:00+00:00,4077.2,58.493,4.244258668335709
2026-07-08 18:15:00+00:00,4072.5,58.296,4.246478860108219
2026-07-08 18:30:00+00:00,4080.4,58.516,4.244650080692525
2026-07-08 18:45:00+00:00,4086.1,58.555,4.245379765397008
2026-07-08 19:00:00+00:00,4088.1,58.539,4.246142394642914
2026-07-08 19:15:00+00:00,4089.8,58.635,4.244919560172686
2026-07-08 19:30:00+00:00,4085.3,58.539,4.245457245229075
2026-07-08 19:45:00+00:00,4083.1,58.436,4.2466796445446375
2026-07-08 20:00:00+00:00,4079.9,58.371,4.247008566136567
2026-07-08 20:15:00+00:00,4077.6,58.29,4.247833306968373
2026-07-08 20:30:00+00:00,4076.5,58.184,4.249383653250726
2026-07-08 20:45:00+00:00,4079.2,58.301,4.2480369238729425
2026-07-08 21:00:00+00:00,4081.0,58.348,4.247672253181839
2026-07-08 21:15:00+00:00,4079.1,58.36,4.247000931175165
2026-07-08 21:30:00+00:00,4081.5,58.372,4.247383524085912
2026-07-08 21:45:00+00:00,4081.4,58.393,4.246999326158647
2026-07-08 22:00:00+00:00,4080.1,58.459,4.245551123078282
2026-07-08 22:15:00+00:00,4075.4,58.375,4.245836464377775
2026-07-08 22:30:00+00:00,4079.1,58.389,4.246504138901202
2026-07-08 22:45:00+00:00,4078.4,58.409,4.245990046072292
2026-07-08 23:00:00+00:00,4078.8,58.412,4.2460367583118455
2026-07-08 23:15:00+00:00,4079.0,58.436,4.245675001047291
2026-07-08 23:30:00+00:00,4077.5,58.451,4.2450505380835795
2026-07-08 23:45:00+00:00,4077.6,58.433,4.2453830602895835
2026-07-09 00:00:00+00:00,4086.9,58.586,4.2450462552500134
2026-07-09 00:15:00+00:00,4079.8,58.407,4.246367500923981
2026-07-09 00:30:00+00:00,4078.1,58.361,4.246738614126398
2026-07-09 00:45:00+00:00,4074.8,58.315,4.246717594572898
2026-07-09 01:00:00+00:00,4074.6,58.231,4.248110002367852
2026-07-09 01:15:00+00:00,4068.6,57.982,4.25092162136594
2026-07-09 01:30:00+00:00,4073.6,58.14,4.249428513232357
2026-07-09 01:45:00+00:00,4074.1,58.201,4.2485026056659745
2026-07-09 02:00:00+00:00,4080.3,58.337,4.247689253683983
2026-07-09 02:15:00+00:00,4081.2,58.4,4.246830451966969
2026-07-09 02:30:00+00:00,4072.3,58.147,4.2489889424667515
2026-07-09 02:45:00+00:00,4066.0,57.892,4.251835788412934
2026-07-09 03:00:00+00:00,4059.6,57.726,4.2531320469674805
2026-07-09 03:15:00+00:00,4060.1,57.752,4.252804901997464
2026-07-09 03:30:00+00:00,4062.6,57.843,4.251845997994286
2026-07-09 03:45:00+00:00,4065.2,57.885,4.25175993760592
2026-07-09 04:00:00+00:00,4063.4,57.858,4.251783607807208
2026-07-09 04:15:00+00:00,4061.1,57.803,4.252168474414252
2026-07-09 04:30:00+00:00,4060.4,57.901,4.250302114323303
2026-07-09 04:45:00+00:00,4065.9,58.041,4.24924074232562
2026-07-09 05:00:00+00:00,4074.5,58.243,4.247879405209479
2026-07-09 05:15:00+00:00,4073.1,58.184,4.2485492564221055
2026-07-09 05:30:00+00:00,4077.3,58.323,4.247193756922799
2026-07-09 05:45:00+00:00,4084.1,58.478,4.246206049652724
2026-07-09 06:00:00+00:00,4093.7,58.617,4.246179728668032
2026-07-09 06:15:00+00:00,4103.5,58.922,4.243381011720136
2026-07-09 06:30:00+00:00,4104.0,59.008,4.242044358916477
2026-07-09 06:45:00+00:00,4109.6,59.057,4.242577899928312
2026-07-09 07:00:00+00:00,4103.6,59.028,4.241608008612355
2026-07-09 07:15:00+00:00,4110.5,59.204,4.240310847417246
2026-07-09 07:30:00+00:00,4110.6,59.217,4.240115619407948
2026-07-09 07:45:00+00:00,4109.5,59.245,4.2393752573198515
2026-07-09 08:00:00+00:00,4109.6,59.23,4.239652808864184
2026-07-09 08:15:00+00:00,4116.3,59.441,4.2377257566395
2026-07-09 08:30:00+00:00,4115.0,59.344,4.239043092363935
2026-07-09 08:45:00+00:00,4110.6,59.218,4.240098732507961
2026-07-09 09:00:00+00:00,4109.7,59.192,4.240318914502204
2026-07-09 09:15:00+00:00,4109.5,59.219,4.2398142092447815
2026-07-09 09:30:00+00:00,4105.2,59.112,4.240575792285212
2026-07-09 09:45:00+00:00,4107.6,59.205,4.23958819754122
2026-07-09 10:00:00+00:00,4106.7,59.093,4.2412625911889
2026-07-09 10:15:00+00:00,4105.6,58.99,4.242739236406334
2026-07-09 10:30:00+00:00,4105.0,58.968,4.242966097999541
2026-07-09 10:45:00+00:00,4100.2,58.896,4.243017855353809
2026-07-09 11:00:00+00:00,4105.6,58.977,4.242959637027738
2026-07-09 11:15:00+00:00,4102.4,58.889,4.243673131285675
2026-07-09 11:30:00+00:00,4107.6,59.007,4.2429381143882745
2026-07-09 11:45:00+00:00,4109.5,59.06,4.242502769272778
2026-07-09 12:00:00+00:00,4114.8,59.158,4.2421336786118315
2026-07-09 12:15:00+00:00,4108.5,59.163,4.240516930875201
2026-07-09 12:30:00+00:00,4115.2,59.487,4.236684913318467
2026-07-09 12:45:00+00:00,4109.8,59.343,4.237795474803721
2026-07-09 13:00:00+00:00,4122.7,59.746,4.234161324544068
2026-07-09 13:15:00+00:00,4128.1,59.888,4.233096380512111
2026-07-09 13:30:00+00:00,4129.4,60.287,4.22677090518328
2026-07-09 13:45:00+00:00,4122.8,60.274,4.2253869898593255
2026-07-09 14:00:00+00:00,4125.5,60.15,4.22810106112371
2026-07-09 14:15:00+00:00,4125.8,60.163,4.227957673939366
2026-07-09 14:30:00+00:00,4125.3,60.116,4.228617994325161
2026-07-09 14:45:00+00:00,4129.0,60.27,4.226956058391138
2026-07-09 15:00:00+00:00,4126.6,60.315,4.225628273333783
2026-07-09 15:15:00+00:00,4128.6,60.336,4.225764704920488
2026-07-09 15:30:00+00:00,4132.7,60.401,4.225680564283188
2026-07-09 15:45:00+00:00,4128.6,60.33,4.225864152983819
2026-07-09 16:00:00+00:00,4131.5,60.434,4.224843955669787
2026-07-09 16:15:00+00:00,4133.6,60.504,4.224194498419246
2026-07-09 16:30:00+00:00,4134.9,60.535,4.223996713208799
2026-07-09 16:45:00+00:00,4129.9,60.42,4.224688296628351
2026-07-09 17:00:00+00:00,4128.9,60.314,4.226202057397336
2026-07-09 17:15:00+00:00,4132.7,60.361,4.226343024352793
2026-07-09 17:30:00+00:00,4134.1,60.313,4.227477260375698
2026-07-09 17:45:00+00:00,4137.7,60.447,4.226128408847898
2026-07-09 18:00:00+00:00,4130.6,60.195,4.22858866146656
2026-07-09 18:15:00+00:00,4126.1,60.131,4.228562414339395
2026-07-09 18:30:00+00:00,4126.7,60.094,4.229323332135475
2026-07-09 18:45:00+00:00,4126.4,60.074,4.229583499502434
2026-07-09 19:00:00+00:00,4125.1,59.95,4.231334659425658
2026-07-09 19:15:00+00:00,4122.6,59.96,4.2305616380306885
2026-07-09 19:30:00+00:00,4122.4,59.932,4.230980210833117
2026-07-09 19:45:00+00:00,4123.8,59.935,4.231269705696551
2026-07-09 20:00:00+00:00,4123.6,59.957,4.2308542085951135
2026-07-09 20:15:00+00:00,4124.1,59.916,4.231659511839012
2026-07-09 20:30:00+00:00,4126.7,59.986,4.231122133419971
2026-07-09 20:45:00+00:00,4126.0,59.978,4.231085865314422
2026-07-09 21:00:00+00:00,4125.5,60.037,4.229981464716388
2026-07-09 21:15:00+00:00,4128.0,60.027,4.230753846158933
2026-07-09 21:30:00+00:00,4129.9,60.037,4.231047433758866
2026-07-09 21:45:00+00:00,4128.8,59.992,4.2315308668354294
2026-07-09 22:00:00+00:00,4125.6,59.972,4.2310889561040925
2026-07-09 22:15:00+00:00,4125.7,59.948,4.231513461558826
2026-07-09 22:30:00+00:00,4125.7,59.992,4.230779761342488
2026-07-09 22:45:00+00:00,4124.6,59.983,4.230663135627652
2026-07-09 23:00:00+00:00,4125.7,60.067,4.229530375461279
2026-07-09 23:15:00+00:00,4124.8,60.061,4.229412100311644
2026-07-09 23:30:00+00:00,4124.7,60.068,4.229271315033263
2026-07-09 23:45:00+00:00,4125.8,60.043,4.229954247153066
2026-07-10 00:00:00+00:00,4125.0,59.954,4.231243697252532
2026-07-10 00:15:00+00:00,4121.0,59.897,4.231224710944087
2026-07-10 00:30:00+00:00,4125.0,60.057,4.229527187511092
2026-07-10 00:45:00+00:00,4129.0,60.201,4.2281015624136
2026-07-10 01:00:00+00:00,4127.0,60.116,4.229030000680734
2026-07-10 01:15:00+00:00,4124.1,60.091,4.228743013234008
2026-07-10 01:30:00+00:00,4114.8,59.887,4.229886056070173
2026-07-10 01:45:00+00:00,4119.8,60.172,4.226352769640392
2026-07-10 02:00:00+00:00,4127.2,60.25,4.226851917559676
2026-07-10 02:15:00+00:00,4128.2,60.253,4.22704439193788
2026-07-10 02:30:00+00:00,4128.1,60.318,4.225941965022846
2026-07-10 02:45:00+00:00,4129.7,60.436,4.224375090213946
2026-07-10 03:00:00+00:00,4129.6,60.618,4.2213439502906995
2026-07-10 03:15:00+00:00,4128.0,60.406,4.224459869405952
2026-07-10 03:30:00+00:00,4124.6,60.378,4.224099524190696
2026-07-10 03:45:00+00:00,4122.7,60.44,4.222612430103498
2026-07-10 04:00:00+00:00,4122.9,60.508,4.221536490528963
2026-07-10 04:15:00+00:00,4119.1,60.41,4.222235317728046
2026-07-10 04:30:00+00:00,4122.0,60.471,4.221929850176172
2026-07-10 04:45:00+00:00,4117.6,60.361,4.2226825473130445
2026-07-10 05:00:00+00:00,4117.3,60.333,4.223073669988178
2026-07-10 05:15:00+00:00,4117.1,60.257,4.224285562811425
2026-07-10 05:30:00+00:00,4112.6,60.121,4.2254515127411105
2026-07-10 05:45:00+00:00,4119.0,60.258,4.224730350796824
2026-07-10 06:00:00+00:00,4118.5,60.197,4.22562178119532
2026-07-10 06:15:00+00:00,4116.9,60.17,4.225681842711436
2026-07-10 06:30:00+00:00,4113.3,60.099,4.225987702563094
2026-07-10 06:45:00+00:00,4114.1,60.095,4.226248733756293
2026-07-10 07:00:00+00:00,4113.5,60.092,4.226152805408808
2026-07-10 07:15:00+00:00,4113.7,60.122,4.225702314692128
2026-07-10 07:30:00+00:00,4107.3,59.935,4.227260515648757
2026-07-10 07:45:00+00:00,4108.9,59.959,4.2272496364555225
2026-07-10 08:00:00+00:00,4107.5,59.957,4.226942211284307
2026-07-10 08:15:00+00:00,4105.7,59.7,4.2307995107019725
2026-07-10 08:30:00+00:00,4102.9,59.641,4.231106062708486
2026-07-10 08:45:00+00:00,4099.3,59.544,4.231855971351155
2026-07-10 09:00:00+00:00,4102.3,59.573,4.232100619721705
2026-07-10 09:15:00+00:00,4104.1,59.581,4.232405021725442
2026-07-10 09:30:00+00:00,4105.1,59.579,4.2326822191372235
2026-07-10 09:45:00+00:00,4107.0,59.524,4.234068521388755
2026-07-10 10:00:00+00:00,4108.8,59.583,4.233515995570824
2026-07-10 10:15:00+00:00,4111.9,59.691,4.232459232507919
2026-07-10 10:30:00+00:00,4110.7,59.574,4.234129372010297
2026-07-10 10:45:00+00:00,4107.5,59.324,4.237555904031707
2026-07-10 11:00:00+00:00,4108.6,59.51,4.234693251201651
2026-07-10 11:15:00+00:00,4103.0,59.372,4.235650957679668
2026-07-10 11:30:00+00:00,4108.8,59.56,4.233902086239779
2026-07-10 11:45:00+00:00,4104.9,59.436,4.2350365576597735
2026-07-10 12:00:00+00:00,4117.1,59.817,4.231614409513259
2026-07-10 12:15:00+00:00,4108.2,59.762,4.2303702478883825
2026-07-10 12:30:00+00:00,4101.2,59.563,4.2320003168732026
2026-07-10 12:45:00+00:00,4104.1,59.671,4.230895612791632
2026-07-10 13:00:00+00:00,4106.6,59.831,4.22882679323607
2026-07-10 13:15:00+00:00,4089.0,59.42,4.231424850330181
2026-07-10 13:30:00+00:00,4101.7,59.716,4.229556809710413
2026-07-10 13:45:00+00:00,4101.8,59.767,4.228727511567366
2026-07-10 14:00:00+00:00,4104.6,59.742,4.229828284361005
2026-07-10 14:15:00+00:00,4109.4,59.956,4.2274213515635655
2026-07-10 14:30:00+00:00,4101.6,59.639,4.230822697983814
2026-07-10 14:45:00+00:00,4095.1,59.49,4.2317381848136115
2026-07-10 15:00:00+00:00,4100.1,59.584,4.231379560984263
2026-07-10 15:15:00+00:00,4104.2,59.825,4.228342484812227
2026-07-10 15:30:00+00:00,4107.5,59.82,4.229229796709621
2026-07-10 15:45:00+00:00,4115.1,60.003,4.2280238531803285
2026-07-10 16:00:00+00:00,4111.3,59.897,4.228868138785875
2026-07-10 16:15:00+00:00,4115.2,59.918,4.22946575378845
2026-07-10 16:30:00+00:00,4111.6,59.891,4.2290412827234505
2026-07-10 16:45:00+00:00,4107.0,59.77,4.229944251120395
2026-07-10 17:00:00+00:00,4106.4,59.684,4.2312380334679185
2026-07-10 17:15:00+00:00,4108.5,59.744,4.23074451001193
2026-07-10 17:30:00+00:00,4107.4,59.645,4.232135181172083
2026-07-10 17:45:00+00:00,4103.7,59.594,4.232089386900824
2026-07-10 18:00:00+00:00,4105.9,59.657,4.231568749805048
2026-07-10 18:15:00+00:00,4106.4,59.67,4.231472629712103
2026-07-10 18:30:00+00:00,4101.7,59.59,4.231669026142869
2026-07-10 18:45:00+00:00,4102.4,59.618,4.231369905389046
2026-07-10 19:00:00+00:00,4102.5,59.699,4.23003655312474
2026-07-10 19:15:00+00:00,4104.3,59.716,4.230190492402834
2026-07-10 19:30:00+00:00,4104.5,59.701,4.23049044111129
2026-07-10 19:45:00+00:00,4109.0,59.743,4.2308829397466665
2026-07-10 20:00:00+00:00,4113.0,59.785,4.231153174858881
2026-07-10 20:15:00+00:00,4113.0,59.802,4.23086886301705
2026-07-10 20:30:00+00:00,4113.4,59.795,4.231083170694588
2026-07-10 20:45:00+00:00,4121.0,59.914,4.230940930654897
2026-07-10 21:00:00+00:00,4120.3,59.888,4.231205104064557
2026-07-10 21:15:00+00:00,4120.9,59.891,4.231300621674212
2026-07-10 21:30:00+00:00,4119.7,59.93,4.230358409688318
2026-07-10 21:45:00+00:00,4119.7,59.877,4.231243166062442
2026-07-10 22:00:00+00:00,4121.0,59.89,4.231341585062446
2026-07-10 22:15:00+00:00,4121.2,59.908,4.2310896099407636
2026-07-10 22:30:00+00:00,4120.4,59.887,4.231246071822836
2026-07-10 22:45:00+00:00,4120.5,59.872,4.231520844111759
2026-07-10 23:00:00+00:00,4120.5,59.878,4.231420635343408
2026-07-10 23:15:00+00:00,4120.4,59.915,4.230778633875058
2026-07-10 23:30:00+00:00,4120.3,59.899,4.231021444735399
2026-07-10 23:45:00+00:00,4119.4,59.905,4.230702826578515
2026-07-11 00:00:00+00:00,4120.2,59.906,4.230880317804747
2026-07-11 00:15:00+00:00,4120.1,59.895,4.231039684710382
2026-07-11 00:30:00+00:00,4119.5,59.904,4.230743794900518
2026-07-11 00:45:00+00:00,4119.4,59.904,4.23071951981525
2026-07-11 01:00:00+00:00,4118.6,59.909,4.230441834518945
2026-07-11 01:15:00+00:00,4118.4,59.918,4.230243056587012
2026-07-11 01:30:00+00:00,4118.4,59.921,4.230192989413544
2026-07-11 01:45:00+00:00,4117.2,59.903,4.230202012312682
2026-07-11 02:00:00+00:00,4118.0,59.895,4.230529858404441
2026-07-11 02:15:00+00:00,4117.3,59.899,4.230293077217523
2026-07-11 02:30:00+00:00,4117.7,59.898,4.230406918453141
2026-07-11 02:45:00+00:00,4117.7,59.903,4.230323446695762
2026-07-11 03:00:00+00:00,4117.6,59.91,4.230182312242712
2026-07-11 03:15:00+00:00,4116.4,59.904,4.22999099310681
2026-07-11 03:30:00+00:00,4116.5,59.922,4.229714850249428
2026-07-11 03:45:00+00:00,4116.8,59.924,4.229754348872344
2026-07-11 04:00:00+00:00,4117.3,59.927,4.229825732893092
2026-07-11 04:15:00+00:00,4117.3,59.932,4.229742301527856
2026-07-11 04:30:00+00:00,4116.9,59.937,4.229561721357776
2026-07-11 04:45:00+00:00,4117.7,59.935,4.229789392376421
2026-07-11 05:00:00+00:00,4116.8,59.935,4.229570799868417
2026-07-11 05:15:00+00:00,4117.5,59.927,4.229874307236133
2026-07-11 05:30:00+00:00,4117.9,59.928,4.2299547620144695
2026-07-11 05:45:00+00:00,4118.6,59.945,4.229841103611631
2026-07-11 06:00:00+00:00,4117.3,59.945,4.229525412549137
2026-07-11 06:15:00+00:00,4117.9,59.921,4.230071575671787
2026-07-11 06:30:00+00:00,4118.3,59.899,4.2305359253415
2026-07-11 06:45:00+00:00,4118.2,59.903,4.230444866334324
2026-07-11 07:00:00+00:00,4117.6,59.895,4.23043271915525
2026-07-11 07:15:00+00:00,4117.4,59.908,4.230167123045058
2026-07-11 07:30:00+00:00,4117.3,59.9,4.23027638258735
2026-07-11 07:45:00+00:00,4117.7,59.903,4.230323446695762
2026-07-11 08:00:00+00:00,4118.0,59.903,4.230396300248012
2026-07-11 08:15:00+00:00,4118.1,59.903,4.230420583586001
2026-07-11 08:30:00+00:00,4118.4,59.9,4.230543512280404
2026-07-11 08:45:00+00:00,4118.4,59.908,4.230409965271658
2026-07-11 09:00:00+00:00,4118.5,59.904,4.230501017526176
2026-07-11 09:15:00+00:00,4117.7,59.91,4.2302065979396515
2026-07-11 09:30:00+00:00,4117.7,59.909,4.230223289783182
2026-07-11 09:45:00+00:00,4119.8,59.91,4.230716461380135
2026-07-11 10:00:00+00:00,4119.9,59.911,4.230724042543594
2026-07-11 10:15:00+00:00,4120.0,59.913,4.2307149323887865
2026-07-11 10:30:00+00:00,4120.2,59.913,4.2307634748998995
2026-07-11 10:45:00+00:00,4120.2,59.913,4.2307634748998995
2026-07-11 11:00:00+00:00,4120.3,59.919,4.230687605075486
2026-07-11 11:15:00+00:00,4120.3,59.901,4.23098805575376
2026-07-11 11:30:00+00:00,4120.2,59.901,4.230963785381816
2026-07-11 11:45:00+00:00,4120.3,59.904,4.230937974371503
2026-07-11 12:00:00+00:00,4119.2,59.896,4.230804523803547
2026-07-11 12:15:00+00:00,4119.2,59.877,4.231121790635962
2026-07-11 12:30:00+00:00,4118.6,59.863,4.231209960662981
2026-07-11 12:45:00+00:00,4118.2,59.855,4.231246482970713
2026-07-11 13:00:00+00:00,4118.5,59.845,4.23148641205597
2026-07-11 13:15:00+00:00,4118.9,59.854,4.231433152882306
2026-07-11 13:30:00+00:00,4119.8,59.859,4.231568100837465
2026-07-11 13:45:00+00:00,4119.9,59.85,4.231742738200364
2026-07-11 14:00:00+00:00,4119.9,59.856,4.231642492598556
2026-07-11 14:15:00+00:00,4119.2,59.855,4.231489278028598
2026-07-11 14:30:00+00:00,4120.0,59.885,4.231182385944102
2026-07-11 14:45:00+00:00,4120.0,59.883,4.231215783846717
2026-07-11 15:00:00+00:00,4116.3,59.878,4.230400821735209
2026-07-11 15:15:00+00:00,4116.2,59.888,4.230209535476287
2026-07-11 15:30:00+00:00,4114.6,59.826,4.2308565539654195
2026-07-11 15:45:00+00:00,4114.6,59.839,4.230639280743489
2026-07-11 16:00:00+00:00,4114.9,59.84,4.230695477813092
2026-07-11 16:15:00+00:00,4114.6,59.839,4.230639280743489
2026-07-11 16:30:00+00:00,4115.0,59.867,4.230268677997951
2026-07-11 16:45:00+00:00,4115.1,59.851,4.230560273850312
2026-07-11 17:00:00+00:00,4115.1,59.856,4.230476736546681
2026-07-11 17:15:00+00:00,4115.2,59.839,4.230785092306604
2026-07-11 17:30:00+00:00,4115.5,59.838,4.230874701764913
2026-07-11 17:45:00+00:00,4115.4,59.847,4.230700008298947
2026-07-11 18:00:00+00:00,4115.0,59.83,4.230886905709229
2026-07-11 18:15:00+00:00,4114.5,59.821,4.230915829166572
2026-07-11 18:30:00+00:00,4114.9,59.832,4.230829176589948
2026-07-11 18:45:00+00:00,4115.0,59.835,4.23080333908569
2026-07-11 19:00:00+00:00,4115.1,59.834,4.230844352893038
2026-07-11 19:15:00+00:00,4115.0,59.835,4.23080333908569
2026-07-11 19:30:00+00:00,4115.0,59.816,4.231120929413556
2026-07-11 19:45:00+00:00,4115.0,59.808,4.231254681838018
2026-07-11 20:00:00+00:00,4115.1,59.782,4.231713801850966
2026-07-11 20:15:00+00:00,4115.1,59.794,4.231513092677883
2026-07-11 20:30:00+00:00,4115.1,59.797,4.231462921678383
2026-07-11 20:45:00+00:00,4115.3,59.793,4.231578417214812
2026-07-11 21:00:00+00:00,4113.1,59.788,4.231127309164712
2026-07-11 21:15:00+00:00,4112.5,59.801,4.230764011848833
2026-07-11 21:30:00+00:00,4112.4,59.825,4.230338444874127
2026-07-11 21:45:00+00:00,4112.5,59.818,4.2304797760649775
2026-07-11 22:00:00+00:00,4112.6,59.861,4.229785502955894
2026-07-11 22:15:00+00:00,4112.1,59.842,4.229981370337849
2026-07-11 22:30:00+00:00,4111.7,59.84,4.22991751360883
2026-07-11 22:45:00+00:00,4112.2,59.83,4.230206236682561
2026-07-11 23:00:00+00:00,4112.1,59.803,4.230633298983112
2026-07-11 23:15:00+00:00,4110.3,59.783,4.230529957922527
2026-07-11 23:30:00+00:00,4110.8,59.763,4.230986195383162
2026-07-11 23:45:00+00:00,4110.7,59.773,4.230794555309027
2026-07-12 00:00:00+00:00,4109.7,59.736,4.231170458392053
2026-07-12 00:15:00+00:00,4109.5,59.728,4.231255723416327
2026-07-12 00:30:00+00:00,4109.5,59.736,4.231121791855154
2026-07-12 00:45:00+00:00,4108.8,59.717,4.231269557073716
2026-07-12 01:00:00+00:00,4108.6,59.724,4.2311036671939934
2026-07-12 01:15:00+00:00,4109.9,59.752,4.23095131323927
2026-07-12 01:30:00+00:00,4110.4,59.771,4.230755032858009
2026-07-12 01:45:00+00:00,4108.8,59.746,4.230784051091619
2026-07-12 02:00:00+00:00,4108.4,59.743,4.230736908154905
2026-07-12 02:15:00+00:00,4108.6,59.753,4.23061821810221
2026-07-12 02:30:00+00:00,4108.2,59.752,4.230537592300307
2026-07-12 02:45:00+00:00,4109.4,59.767,4.2305786422596485
2026-07-12 03:00:00+00:00,4109.6,59.773,4.230526925172276
2026-07-12 03:15:00+00:00,4109.7,59.786,4.230333792290135
2026-07-12 03:30:00+00:00,4109.6,59.784,4.230342912525069
2026-07-12 03:45:00+00:00,4109.8,59.791,4.2302744965479375
2026-07-12 04:00:00+00:00,4110.4,59.793,4.230387029106909
2026-07-12 04:15:00+00:00,4110.3,59.784,4.2305132308991835
2026-07-12 04:30:00+00:00,4110.3,59.797,4.230295805053085
2026-07-12 04:45:00+00:00,4110.0,59.796,4.230239538403012
2026-07-12 05:00:00+00:00,4109.1,59.796,4.230020536321617
2026-07-12 05:15:00+00:00,4107.2,59.799,4.229507871708138
2026-07-12 05:30:00+00:00,4107.5,59.791,4.229714701953591
2026-07-12 05:45:00+00:00,4107.9,59.79,4.229828805113485
2026-07-12 06:00:00+00:00,4107.3,59.784,4.229783090679831
2026-07-12 06:15:00+00:00,4107.3,59.785,4.229766363936277
2026-07-12 06:30:00+00:00,4107.2,59.753,4.2302774113606745
2026-07-12 06:45:00+00:00,4107.3,59.746,4.2304189143438515
2026-07-12 07:00:00+00:00,4107.7,59.751,4.23043261307093
2026-07-12 07:15:00+00:00,4107.4,59.735,4.230627390636806
2026-07-12 07:30:00+00:00,4107.2,59.741,4.230478258265797
2026-07-12 07:45:00+00:00,4107.4,59.753,4.230326105149792
2026-07-12 08:00:00+00:00,4107.7,59.733,4.230733908644165
2026-07-12 08:15:00+00:00,4107.7,59.74,4.2306167273562085
2026-07-12 08:30:00+00:00,4107.6,59.725,4.230843502112267
2026-07-12 08:45:00+00:00,4107.2,59.728,4.2306958879446475
2026-07-12 09:00:00+00:00,4107.0,59.728,4.230647191784331
2026-07-12 09:15:00+00:00,4106.8,59.726,4.230631978945822
2026-07-12 09:30:00+00:00,4107.0,59.729,4.230630449358185
2026-07-12 09:45:00+00:00,4107.0,59.727,4.2306639344907895
2026-07-12 10:00:00+00:00,4107.1,59.755,4.230219593014287
2026-07-12 10:15:00+00:00,4107.2,59.745,4.230411304815159
2026-07-12 10:30:00+00:00,4107.3,59.743,4.230469128171077
2026-07-12 10:45:00+00:00,4107.7,59.748,4.230482822696126
2026-07-12 11:00:00+00:00,4107.0,59.731,4.230596965346797
2026-07-12 11:15:00+00:00,4107.0,59.753,4.230228715200358
2026-07-12 11:30:00+00:00,4106.9,59.742,4.230388474353125
2026-07-12 11:45:00+00:00,4106.9,59.778,4.229786064696353
2026-07-12 12:00:00+00:00,4105.8,59.747,4.230036906840432
2026-07-12 12:15:00+00:00,4106.2,59.761,4.229900031313036
2026-07-12 12:30:00+00:00,4105.9,59.776,4.229576000072903
2026-07-12 12:45:00+00:00,4105.9,59.802,4.2291411374659065
2026-07-12 13:00:00+00:00,4104.4,59.824,4.228407929753296
2026-07-12 13:15:00+00:00,4104.2,59.705,4.2303503496213155
2026-07-12 13:30:00+00:00,4103.9,59.72,4.230026047411013
2026-07-12 13:45:00+00:00,4103.7,59.686,4.2305467977283975
2026-07-12 14:00:00+00:00,4103.9,59.674,4.230796605433629
2026-07-12 14:15:00+00:00,4102.8,59.679,4.230444746710306
2026-07-12 14:30:00+00:00,4102.0,59.671,4.230383798398475
2026-07-12 14:45:00+00:00,4103.3,59.67,4.230717425466556
2026-07-12 15:00:00+00:00,4107.5,59.705,4.231154080926076
2026-07-12 15:15:00+00:00,4107.9,59.685,4.231586495459296
2026-07-12 15:30:00+00:00,4108.3,59.657,4.232153103745369
2026-07-12 15:45:00+00:00,4108.3,59.679,4.231784396896653
2026-07-12 16:00:00+00:00,4106.9,59.661,4.231745224391654
2026-07-12 16:15:00+00:00,4106.9,59.643,4.232046974544819
2026-07-12 16:30:00+00:00,4106.7,59.646,4.231947976811513
2026-07-12 16:45:00+00:00,4106.1,59.647,4.231785097984198
2026-07-12 17:00:00+00:00,4105.8,59.637,4.231879700366013
2026-07-12 17:15:00+00:00,4105.0,59.636,4.231701603320376
2026-07-12 17:30:00+00:00,4104.0,59.625,4.2316424376421
2026-07-12 17:45:00+00:00,4103.9,59.626,4.231601299525668
2026-07-12 18:00:00+00:00,4103.9,59.632,4.2315006773451005
2026-07-12 18:15:00+00:00,4103.9,59.642,4.231332996207159
2026-07-12 18:30:00+00:00,4103.5,59.6,4.231939972998462
2026-07-12 18:45:00+00:00,4103.2,59.623,4.231481030406071
2026-07-12 19:00:00+00:00,4103.3,59.623,4.231505401331558
2026-07-12 19:15:00+00:00,4103.3,59.62,4.23155571875062
2026-07-12 19:30:00+00:00,4103.1,59.639,4.231188342069938
2026-07-12 19:45:00+00:00,4103.2,59.63,4.231363632940044
2026-07-12 20:00:00+00:00,4103.0,59.612,4.23161679635564
2026-07-12 20:15:00+00:00,4103.5,59.635,4.231352897039134
2026-07-12 20:30:00+00:00,4103.9,59.637,4.231416833261509
2026-07-12 20:45:00+00:00,4104.0,59.641,4.231374129824348
2026-07-12 21:00:00+00:00,4103.9,59.631,4.231517447005431
2026-07-12 21:15:00+00:00,4103.9,59.634,4.23146713886808
2026-07-12 21:30:00+00:00,4101.6,59.585,4.231728555926721
2026-07-12 21:45:00+00:00,4098.6,59.567,4.231299001513342
2026-07-12 22:00:00+00:00,4084.0,58.77,4.241200658659997
2026-07-12 22:15:00+00:00,4085.7,58.782,4.2414126656524616
2026-07-12 22:30:00+00:00,4081.4,58.724,4.241346843917771
2026-07-12 22:45:00+00:00,4079.6,58.776,4.240020615058387
2026-07-12 23:00:00+00:00,4071.8,58.687,4.239622203880199
2026-07-12 23:15:00+00:00,4076.8,58.829,4.2384327153361
2026-07-12 23:30:00+00:00,4080.4,58.839,4.23914540146088
2026-07-12 23:45:00+00:00,4085.6,58.971,4.238178077689663
2026-07-13 00:00:00+00:00,4088.3,59.301,4.2332583454416435
2026-07-13 00:15:00+00:00,4077.6,59.045,4.234963993972587
2026-07-13 00:30:00+00:00,4074.3,58.949,4.235781568467049
2026-07-13 00:45:00+00:00,4076.3,58.84,4.238123097471083
2026-07-13 01:00:00+00:00,4081.5,58.931,4.237852578899973
2026-07-13 01:15:00+00:00,4080.5,58.801,4.239815947346609
2026-07-13 01:30:00+00:00,4086.6,59.007,4.237812526539463
2026-07-13 01:45:00+00:00,4076.4,58.534,4.243361742964852
2026-07-13 02:00:00+00:00,4073.3,58.467,4.24374626820994
2026-07-13 02:15:00+00:00,4069.0,58.367,4.244401886372028
2026-07-13 02:30:00+00:00,4074.4,58.409,4.245008788020836
2026-07-13 02:45:00+00:00,4072.5,58.441,4.243994642172683
2026-07-13 03:00:00+00:00,4058.9,58.142,4.245778985661534
2026-07-13 03:15:00+00:00,4063.8,58.257,4.24500951854932
2026-07-13 03:30:00+00:00,4060.4,58.117,4.246578549883842
2026-07-13 03:45:00+00:00,4062.1,58.21,4.245398198968232
2026-07-13 04:00:00+00:00,4055.9,58.107,4.245641751606525
2026-07-13 04:15:00+00:00,4056.3,58.182,4.244450478482358
2026-07-13 04:30:00+00:00,4055.7,58.146,4.244921489058001
2026-07-13 04:45:00+00:00,4060.8,58.275,4.243962092598248
2026-07-13 05:00:00+00:00,4072.0,58.507,4.242743153031351
2026-07-13 05:15:00+00:00,4060.4,58.16,4.245838936685012
2026-07-13 05:30:00+00:00,4067.5,58.347,4.244375895564115
2026-07-13 05:45:00+00:00,4056.3,58.073,4.24632566719579
2026-07-13 06:00:00+00:00,4053.1,57.824,4.249833384995783
2026-07-13 06:15:00+00:00,4061.5,58.046,4.248071842836661
2026-07-13 06:30:00+00:00,4063.1,58.161,4.2464864810150695
2026-07-13 06:45:00+00:00,4056.7,58.004,4.247613140520925
2026-07-13 07:00:00+00:00,4058.4,58.264,4.243559679336866
2026-07-13 07:15:00+00:00,4060.5,58.284,4.243733784570858
2026-07-13 07:30:00+00:00,4061.1,58.34,4.242921187420275
2026-07-13 07:45:00+00:00,4066.3,58.521,4.241103109872895
2026-07-13 08:00:00+00:00,4077.1,58.923,4.236909723562374
2026-07-13 08:15:00+00:00,4076.1,58.876,4.237462390568047
2026-07-13 08:30:00+00:00,4077.3,58.96,4.23633103574833
2026-07-13 08:45:00+00:00,4076.2,58.886,4.2373170894494185
2026-07-13 09:00:00+00:00,4075.8,58.742,4.239667351885814
2026-07-13 09:15:00+00:00,4074.6,58.67,4.240599338410032
2026-07-13 09:30:00+00:00,4073.8,58.649,4.2407609791242935
2026-07-13 09:45:00+00:00,4070.3,58.498,4.242479420174698
2026-07-13 10:00:00+00:00,4068.8,58.518,4.241768995449922
2026-07-13 10:15:00+00:00,4066.7,58.425,4.242843258316035
2026-07-13 10:30:00+00:00,4055.1,58.313,4.2419055740962
2026-07-13 10:45:00+00:00,4062.0,58.442,4.24139593270859
2026-07-13 11:00:00+00:00,4066.1,58.483,4.2417034743662825
2026-07-13 11:15:00+00:00,4063.7,58.631,4.238585600690644
2026-07-13 11:30:00+00:00,4066.5,58.733,4.237536208157865
2026-07-13 11:45:00+00:00,4059.1,58.56,4.238664683492368
2026-07-13 12:00:00+00:00,4058.2,58.465,4.240066519941242
2026-07-13 12:15:00+00:00,4062.3,58.333,4.243336623703525
2026-07-13 12:30:00+00:00,4064.9,58.466,4.241699032736905
2026-07-13 12:45:00+00:00,4067.8,58.696,4.2384860103397015
2026-07-13 13:00:00+00:00,4063.5,58.454,4.241559830057267
2026-07-13 13:15:00+00:00,4065.1,58.626,4.239015337735071
2026-07-13 13:30:00+00:00,4055.0,58.368,4.240938172097647
2026-07-13 13:45:00+00:00,4044.5,58.222,4.240849922274362
2026-07-13 14:00:00+00:00,4037.5,58.177,4.239890879904709
2026-07-13 14:15:00+00:00,4019.1,58.042,4.237646389534963
2026-07-13 14:30:00+00:00,4008.7,57.817,4.238939428132372
2026-07-13 14:45:00+00:00,4016.4,58.139,4.235304562884872
2026-07-13 15:00:00+00:00,4017.6,58.057,4.23701470182731
2026-07-13 15:15:00+00:00,4021.2,58.131,4.23663656014471
2026-07-13 15:30:00+00:00,4016.4,58.035,4.237094981184695
2026-07-13 15:45:00+00:00,4017.5,57.999,4.237989328593193
2026-07-13 16:00:00+00:00,4017.4,58.028,4.237464553523792
2026-07-13 16:15:00+00:00,4006.0,57.741,4.239581023124667
2026-07-13 16:30:00+00:00,4003.0,57.672,4.240027571890296
2026-07-13 16:45:00+00:00,3995.1,57.616,4.23902358226969
2026-07-13 17:00:00+00:00,4000.8,57.734,4.238403365367028
2026-07-13 17:15:00+00:00,4001.7,57.661,4.239893514709802
2026-07-13 17:30:00+00:00,4000.3,57.597,4.24065415427754
2026-07-13 17:45:00+00:00,3995.6,57.359,4.243619272270343
2026-07-13 18:00:00+00:00,3996.4,57.469,4.24190356287341
2026-07-13 18:15:00+00:00,3998.4,57.525,4.241429924159259
2026-07-13 18:30:00+00:00,4002.5,57.592,4.241290775703868
2026-07-13 18:45:00+00:00,4002.5,57.625,4.240717943554057
2026-07-13 19:00:00+00:00,4001.5,57.52,4.24229185639431
2026-07-13 19:15:00+00:00,4001.5,57.495,4.242726582306473
2026-07-13 19:30:00+00:00,4000.9,57.602,4.240717325472058
2026-07-13 19:45:00+00:00,4004.9,57.727,4.239548888728009
2026-07-13 20:00:00+00:00,4002.3,57.629,4.240598561628417
2026-07-13 20:15:00+00:00,4002.8,57.628,4.240740834517075
2026-07-13 20:30:00+00:00,4003.0,57.597,4.241328875980445
2026-07-13 20:45:00+00:00,4004.9,57.689,4.2402073763098524
2026-07-13 21:00:00+00:00,4005.4,57.707,4.240020246357888
2026-07-13 21:15:00+00:00,4005.2,57.709,4.239935655280312
2026-07-13 21:30:00+00:00,4007.6,57.708,4.240552025301582
2026-07-13 21:45:00+00:00,4008.1,57.69,4.240988744284454
2026-07-13 22:00:00+00:00,4006.7,57.683,4.240760736134172
2026-07-13 22:15:00+00:00,4007.2,57.696,4.240660175022501
2026-07-13 22:30:00+00:00,4006.2,57.69,4.24051459182308
2026-07-13 22:45:00+00:00,4003.9,57.648,4.240668611092517
2026-07-13 23:00:00+00:00,4002.6,57.527,4.242445026134075
2026-07-13 23:15:00+00:00,4000.1,57.529,4.241785471300759
2026-07-13 23:30:00+00:00,3998.0,57.456,4.242530077576618
2026-07-13 23:45:00+00:00,4002.5,57.639,4.240475022953196
2026-07-14 00:00:00+00:00,3996.9,57.347,4.2441538078020224
2026-07-14 00:15:00+00:00,3997.7,57.286,4.24541820895614
2026-07-14 00:30:00+00:00,4004.8,57.427,4.244734344672261
2026-07-14 00:45:00+00:00,4006.9,57.501,4.243970815041876
2026-07-14 01:00:00+00:00,3999.3,56.931,4.25203461654779
2026-07-14 01:15:00+00:00,4000.4,57.158,4.24833027215599
2026-07-14 01:30:00+00:00,4004.0,57.179,4.248862442326263
2026-07-14 01:45:00+00:00,4013.0,57.432,4.246692730992735
2026-07-14 02:00:00+00:00,4019.1,57.606,4.245186547007508
2026-07-14 02:15:00+00:00,4019.4,57.727,4.243162915068565
2026-07-14 02:30:00+00:00,4013.4,57.589,4.244062464110311
2026-07-14 02:45:00+00:00,4015.1,57.597,4.244347049658819
2026-07-14 03:00:00+00:00,4016.0,57.439,4.247318146253895
2026-07-14 03:15:00+00:00,4019.7,57.61,4.24526638821838
2026-07-14 03:30:00+00:00,4018.2,57.6,4.245066752442214
2026-07-14 03:45:00+00:00,4018.6,57.7,4.243431688736399
2026-07-14 04:00:00+00:00,4017.3,57.602,4.244808024848365
2026-07-14 04:15:00+00:00,4018.6,57.561,4.245843607206381
2026-07-14 04:30:00+00:00,4023.2,57.721,4.244211826084836
2026-07-14 04:45:00+00:00,4023.1,57.842,4.242092873313383
2026-07-14 05:00:00+00:00,4024.4,57.961,4.240360739836127
2026-07-14 05:15:00+00:00,4025.6,58.013,4.239762123703766
2026-07-14 05:30:00+00:00,4032.9,58.303,4.2365874491198
2026-07-14 05:45:00+00:00,4033.0,58.25,4.237521702427558
2026-07-14 06:00:00+00:00,4032.6,58.183,4.238573392354924
2026-07-14 06:15:00+00:00,4025.2,58.062,4.2388184729323175
2026-07-14 06:30:00+00:00,4025.8,58.186,4.2368341518944685
2026-07-14 06:45:00+00:00,4025.7,58.186,4.236809311802559
2026-07-14 07:00:00+00:00,4026.3,58.125,4.23800725516435
2026-07-14 07:15:00+00:00,4030.0,58.153,4.238444186593139
2026-07-14 07:30:00+00:00,4025.3,57.989,4.240101383849433
2026-07-14 07:45:00+00:00,4022.2,58.001,4.239124043823404
2026-07-14 08:00:00+00:00,4018.1,57.905,4.239760696432819
2026-07-14 08:15:00+00:00,4024.4,58.056,4.2387230484420595
2026-07-14 08:30:00+00:00,4022.6,58.112,4.237311555740292
2026-07-14 08:45:00+00:00,4019.1,57.991,4.2385254498589084
2026-07-14 09:00:00+00:00,4022.7,58.172,4.236304458638243
2026-07-14 09:15:00+00:00,4018.6,58.011,4.238056214513888
2026-07-14 09:30:00+00:00,4019.3,58.017,4.238126966049285
2026-07-14 09:45:00+00:00,4023.5,58.122,4.237363199913885
2026-07-14 10:00:00+00:00,4020.0,57.999,4.238611412594592
2026-07-14 10:15:00+00:00,4019.5,57.967,4.239038912661139
2026-07-14 10:30:00+00:00,4021.4,57.925,4.240236309373107
2026-07-14 10:45:00+00:00,4022.7,57.882,4.241302142537235
2026-07-14 11:00:00+00:00,4024.0,57.918,4.241003494685042
2026-07-14 11:15:00+00:00,4027.3,58.025,4.239977503060455
2026-07-14 11:30:00+00:00,4029.2,58.05,4.2400184159246255
2026-07-14 11:45:00+00:00,4032.8,58.103,4.239998905131726
2026-07-14 12:00:00+00:00,4026.7,57.907,4.241864185560592
2026-07-14 12:15:00+00:00,4029.8,58.012,4.240822140219662
2026-07-14 12:30:00+00:00,4094.0,59.177,4.236744813335717
2026-07-14 12:45:00+00:00,4077.9,59.028,4.235325521408109
2026-07-14 13:00:00+00:00,4076.3,58.996,4.235475348207063
2026-07-14 13:15:00+00:00,4083.3,59.23,4.233232593717264
2026-07-14 13:30:00+00:00,4088.6,59.558,4.22900726448252
2026-07-14 13:45:00+00:00,4078.8,59.126,4.2338873465017635
2026-07-14 14:00:00+00:00,4083.4,59.141,4.234760830391302
2026-07-14 14:15:00+00:00,4077.4,59.135,4.233391843659958
2026-07-14 14:30:00+00:00,4080.7,59.242,4.23239307150742
2026-07-14 14:45:00+00:00,4086.0,59.327,4.232257261023912
2026-07-14 15:00:00+00:00,4090.6,59.378,4.232523150149882
2026-07-14 15:15:00+00:00,4086.1,59.219,4.234103812547335
2026-07-14 15:30:00+00:00,4075.6,58.954,4.236015775305081
2026-07-14 15:45:00+00:00,4067.8,58.816,4.236443665018173
2026-07-14 16:00:00+00:00,4065.2,58.844,4.2353283468756455
2026-07-14 16:15:00+00:00,4062.2,58.851,4.234471151842027
2026-07-14 16:30:00+00:00,4063.1,58.825,4.235134573426824
2026-07-14 16:45:00+00:00,4062.7,58.779,4.23581840793869
2026-07-14 17:00:00+00:00,4057.5,58.686,4.236121101852335
2026-07-14 17:15:00+00:00,4063.3,58.843,4.234877850170606
2026-07-14 17:30:00+00:00,4061.4,58.787,4.235362278717061
2026-07-14 17:45:00+00:00,4064.3,58.844,4.23510693104351
2026-07-14 18:00:00+00:00,4062.1,58.872,4.234089764627578
2026-07-14 18:15:00+00:00,4059.4,58.789,4.234835695849555
2026-07-14 18:30:00+00:00,4046.4,58.577,4.235240747845247
2026-07-14 18:45:00+00:00,4055.3,58.661,4.236004835754538
2026-07-14 19:00:00+00:00,4057.6,58.817,4.233916016037887
2026-07-14 19:15:00+00:00,4053.9,58.766,4.233871203340272
2026-07-14 19:30:00+00:00,4054.1,58.782,4.23364830811272
2026-07-14 19:45:00+00:00,4058.3,58.842,4.23366356005835
2026-07-14 20:00:00+00:00,4056.2,58.796,4.233928028340291
2026-07-14 20:15:00+00:00,4055.6,58.733,4.234852171629459
2026-07-14 20:30:00+00:00,4052.6,58.716,4.234401667336242
2026-07-14 20:45:00+00:00,4053.7,58.746,4.234162257687068
2026-07-14 21:00:00+00:00,4053.8,58.772,4.233744440790164
2026-07-14 21:15:00+00:00,4057.4,58.787,4.234376911341673
2026-07-14 21:30:00+00:00,4060.2,58.797,4.234896679271402
2026-07-14 21:45:00+00:00,4059.3,58.806,4.23452193342261
2026-07-14 22:00:00+00:00,4052.6,58.727,4.234214342420629
2026-07-14 22:15:00+00:00,4052.7,58.735,4.234102803367896
2026-07-14 22:30:00+00:00,4051.7,58.71,4.234281755039228
2026-07-14 22:45:00+00:00,4051.3,58.711,4.234165993444908
2026-07-14 23:00:00+00:00,4050.1,58.706,4.233954914892527
2026-07-14 23:15:00+00:00,4053.6,58.826,4.232776720117754
2026-07-14 23:30:00+00:00,4056.3,58.846,4.233102645050326
2026-07-14 23:45:00+00:00,4055.1,58.819,4.233265695196623
2026-07-15 00:00:00+00:00,4054.1,58.812,4.233138077987869
2026-07-15 00:15:00+00:00,4060.0,58.951,4.232231662227863
2026-07-15 00:30:00+00:00,4056.7,58.806,4.233881223691476
2026-07-15 00:45:00+00:00,4062.4,58.971,4.2324834133066425
2026-07-15 01:00:00+00:00,4058.3,58.988,4.231185412307894
2026-07-15 01:15:00+00:00,4056.5,58.982,4.230843499222981
2026-07-15 01:30:00+00:00,4039.7,58.558,4.233907994707869
2026-07-15 01:45:00+00:00,4039.6,58.469,4.235404256898831
2026-07-15 02:00:00+00:00,4038.9,58.417,4.236120713288895
2026-07-15 02:15:00+00:00,4034.9,58.41,4.235249689197264
2026-07-15 02:30:00+00:00,4044.1,58.717,4.232285014743848
2026-07-15 02:45:00+00:00,4038.3,58.566,4.233424766897274
2026-07-15 03:00:00+00:00,4036.6,58.476,4.23454161881665
2026-07-15 03:15:00+00:00,4032.0,58.287,4.236638725822119
2026-07-15 03:30:00+00:00,4031.8,58.372,4.235131882540824
2026-07-15 03:45:00+00:00,4033.7,58.427,4.234661236115361
2026-07-15 04:00:00+00:00,4034.0,58.44,4.234513131631658
2026-07-15 04:15:00+00:00,4036.1,58.507,4.233887752974485
2026-07-15 04:30:00+00:00,4032.1,58.421,4.234367196792319
2026-07-15 04:45:00+00:00,4035.1,58.507,4.233639958345405
2026-07-15 05:00:00+00:00,4027.2,58.299,4.235241683830376
2026-07-15 05:15:00+00:00,4026.1,58.31,4.234779839206629
2026-07-15 05:30:00+00:00,4031.3,58.456,4.233569849079023
2026-07-15 05:45:00+00:00,4036.2,58.549,4.233194923781044
2026-07-15 06:00:00+00:00,4030.3,58.331,4.235462409402046
2026-07-15 06:15:00+00:00,4028.0,58.214,4.236899378200353
2026-07-15 06:30:00+00:00,4034.6,58.296,4.237128962832269
2026-07-15 06:45:00+00:00,4034.4,58.376,4.235708024299196
2026-07-15 07:00:00+00:00,4031.5,58.374,4.235023208903731
2026-07-15 07:15:00+00:00,4026.4,58.15,4.237602076497477
2026-07-15 07:30:00+00:00,4024.6,58.104,4.237946297728401
2026-07-15 07:45:00+00:00,4026.7,58.19,4.236988942263549
2026-07-15 08:00:00+00:00,4020.4,58.108,4.236833331139948
2026-07-15 08:15:00+00:00,4028.1,58.294,4.235550907638508
2026-07-15 08:30:00+00:00,4030.6,58.349,4.235228306608263
2026-07-15 08:45:00+00:00,4033.3,58.401,4.235007165444511
2026-07-15 09:00:00+00:00,4032.6,58.359,4.235553019720186
2026-07-15 09:15:00+00:00,4029.3,58.353,4.234837171290475
2026-07-15 09:30:00+00:00,4030.0,58.36,4.234890931286143
2026-07-15 09:45:00+00:00,4032.3,58.299,4.236507271194537
2026-07-15 10:00:00+00:00,4035.7,58.266,4.237916314849728
2026-07-15 10:15:00+00:00,4031.1,58.088,4.239835468471528
2026-07-15 10:30:00+00:00,4033.9,58.111,4.240133954234885
2026-07-15 10:45:00+00:00,4029.6,58.042,4.240255508015354
2026-07-15 11:00:00+00:00,4032.2,57.945,4.242573126909257
2026-07-15 11:15:00+00:00,4032.7,58.004,4.241679432108002
2026-07-15 11:30:00+00:00,4040.2,58.181,4.240490633723892
2026-07-15 11:45:00+00:00,4041.3,58.194,4.240539444733171
2026-07-15 12:00:00+00:00,4041.0,58.108,4.2419441170678365
2026-07-15 12:15:00+00:00,4042.7,57.972,4.244707929202366
2026-07-15 12:30:00+00:00,4063.1,58.381,4.242711013607164
2026-07-15 12:45:00+00:00,4070.7,58.662,4.239778096068427
2026-07-15 13:00:00+00:00,4065.2,58.535,4.240593355331976
2026-07-15 13:15:00+00:00,4058.4,58.364,4.241844824850705
2026-07-15 13:30:00+00:00,4064.5,58.404,4.24266163254731
2026-07-15 13:45:00+00:00,4064.8,58.366,4.243386291765604
2026-07-15 14:00:00+00:00,4065.7,58.408,4.242888342125129
2026-07-15 14:15:00+00:00,4060.6,58.229,4.244702512504953
2026-07-15 14:30:00+00:00,4060.7,58.1,4.246944987669466
2026-07-15 14:45:00+00:00,4061.8,58.15,4.246355625134336
2026-07-15 15:00:00+00:00,4046.1,57.641,4.2512746131469425
2026-07-15 15:15:00+00:00,4049.5,57.733,4.250519761917543
2026-07-15 15:30:00+00:00,4050.5,57.81,4.249433838176161
2026-07-15 15:45:00+00:00,4048.0,57.678,4.251102392655567
2026-07-15 16:00:00+00:00,4039.2,57.526,4.251564912028175
2026-07-15 16:15:00+00:00,4035.3,57.034,4.259188346150205
2026-07-15 16:30:00+00:00,4029.3,56.748,4.2627275291334
2026-07-15 16:45:00+00:00,4033.7,56.921,4.260775006291107
2026-07-15 17:00:00+00:00,4039.6,56.983,4.261147978415955
2026-07-15 17:15:00+00:00,4049.8,57.318,4.257808065649243
2026-07-15 17:30:00+00:00,4063.0,57.654,4.255217267464541
2026-07-15 17:45:00+00:00,4064.4,57.682,4.255076243172364
2026-07-15 18:00:00+00:00,4067.8,58.119,4.248364958978477
2026-07-15 18:15:00+00:00,4077.3,58.243,4.248566370078615
2026-07-15 18:30:00+00:00,4070.9,58.046,4.25038358455774
2026-07-15 18:45:00+00:00,4061.2,57.915,4.250257357042758
2026-07-15 19:00:00+00:00,4064.2,58.021,4.249167186665057
2026-07-15 19:15:00+00:00,4058.5,57.859,4.2505597098997265
2026-07-15 19:30:00+00:00,4054.9,57.716,4.252146873897965
2026-07-15 19:45:00+00:00,4058.2,57.789,4.251696358385393
2026-07-15 20:00:00+00:00,4059.9,57.757,4.25266906757305
2026-07-15 20:15:00+00:00,4063.5,57.842,4.252084794793949
2026-07-15 20:30:00+00:00,4064.5,57.853,4.252140702637429
2026-07-15 20:45:00+00:00,4064.4,57.827,4.252565614976045
2026-07-15 21:00:00+00:00,4064.5,57.878,4.251708666270528
2026-07-15 21:15:00+00:00,4064.4,57.892,4.251442203836368
2026-07-15 21:30:00+00:00,4065.9,57.897,4.2517248299249975
2026-07-15 21:45:00+00:00,4066.1,57.888,4.251929478868745
2026-07-15 22:00:00+00:00,4065.8,57.873,4.252114850013102
2026-07-15 22:15:00+00:00,4063.8,57.887,4.251380941122663
2026-07-15 22:30:00+00:00,4060.8,57.825,4.251714069402566
2026-07-15 22:45:00+00:00,4061.2,57.831,4.251708811343503
2026-07-15 23:00:00+00:00,4061.4,57.892,4.250703814967259
2026-07-15 23:15:00+00:00,4059.0,57.877,4.250371847794166
2026-07-15 23:30:00+00:00,4058.6,57.835,4.250999236795503
2026-07-15 23:45:00+00:00,4059.1,57.819,4.251399111760399
2026-07-16 00:00:00+00:00,4057.3,57.783,4.251578391968075
2026-07-16 00:15:00+00:00,4060.1,57.77,4.252493273041149
2026-07-16 00:30:00+00:00,4056.2,57.606,4.25437512477649
2026-07-16 00:45:00+00:00,4046.3,57.507,4.253651482760763
2026-07-16 01:00:00+00:00,4046.3,57.393,4.255635817615542
2026-07-16 01:15:00+00:00,4036.8,56.973,4.260630106486576
2026-07-16 01:30:00+00:00,4042.1,57.209,4.257808409219105
2026-07-16 01:45:00+00:00,4040.1,57.139,4.258537827349665
2026-07-16 02:00:00+00:00,4033.3,57.008,4.259148569556282
2026-07-16 02:15:00+00:00,4035.3,57.162,4.256946585429948
2026-07-16 02:30:00+00:00,4028.9,57.051,4.2573030601904716
2026-07-16 02:45:00+00:00,4033.5,57.16,4.256535411315363
2026-07-16 03:00:00+00:00,4031.3,57.001,4.258775372027633
2026-07-16 03:15:00+00:00,4034.7,57.155,4.256920353019871
2026-07-16 03:30:00+00:00,4037.5,57.188,4.2570368813639945
2026-07-16 03:45:00+00:00,4037.4,57.234,4.256208072031201
2026-07-16 04:00:00+00:00,4038.4,57.25,4.25617621047249
2026-07-16 04:15:00+00:00,4034.7,57.124,4.257462884906927
2026-07-16 04:30:00+00:00,4034.7,57.071,4.258391121761526
2026-07-16 04:45:00+00:00,4035.3,57.112,4.257821675182486
2026-07-16 05:00:00+00:00,4032.5,57.134,4.256742423960437
2026-07-16 05:15:00+00:00,4030.0,57.049,4.257611107270056
2026-07-16 05:30:00+00:00,4032.7,57.284,4.254170053177194
2026-07-16 05:45:00+00:00,4030.0,57.183,4.255265003525683
2026-07-16 06:00:00+00:00,4033.7,57.366,4.252987554544287
2026-07-16 06:15:00+00:00,4031.5,57.214,4.255095170442248
2026-07-16 06:30:00+00:00,4028.3,57.044,4.25727682983999
2026-07-16 06:45:00+00:00,4033.2,57.198,4.255796451779564
2026-07-16 07:00:00+00:00,4029.8,57.031,4.2578770462720525
2026-07-16 07:15:00+00:00,4028.0,56.86,4.2604331476156
2026-07-16 07:30:00+00:00,4028.7,56.88,4.260255236760254
2026-07-16 07:45:00+00:00,4032.5,56.883,4.261145283279188
2026-07-16 08:00:00+00:00,4026.9,56.631,4.264195589706993
2026-07-16 08:15:00+00:00,4032.8,56.895,4.2610087389594495
2026-07-16 08:30:00+00:00,4035.1,56.961,4.260419540415024
2026-07-16 08:45:00+00:00,4036.5,57.086,4.258574356123505
2026-07-16 09:00:00+00:00,4037.9,57.091,4.2588335478058665
2026-07-16 09:15:00+00:00,4034.6,57.056,4.25862920151952
2026-07-16 09:30:00+00:00,4035.8,56.986,4.260154202600388
2026-07-16 09:45:00+00:00,4036.8,56.962,4.2608231990399466
2026-07-16 10:00:00+00:00,4033.9,56.803,4.26289978768212
2026-07-16 10:15:00+00:00,4034.0,56.776,4.263400017291476
2026-07-16 10:30:00+00:00,4034.5,56.678,4.265251528903743
2026-07-16 10:45:00+00:00,4031.6,56.582,4.266227685052465
2026-07-16 11:00:00+00:00,4030.1,56.601,4.265519815631065
2026-07-16 11:15:00+00:00,4025.6,56.555,4.2652156310827225
2026-07-16 11:30:00+00:00,4036.0,56.655,4.26602913664097
2026-07-16 11:45:00+00:00,4039.4,56.761,4.265001974896768
2026-07-16 12:00:00+00:00,4033.3,56.605,4.266242857889689
2026-07-16 12:15:00+00:00,4025.6,56.511,4.265993937597875
2026-07-16 12:30:00+00:00,4005.3,56.123,4.2678280523805485
2026-07-16 12:45:00+00:00,3995.2,55.895,4.26937398880322
2026-07-16 13:00:00+00:00,3995.2,55.937,4.268622862077869
2026-07-16 13:15:00+00:00,4009.3,56.377,4.264310667559633
2026-07-16 13:30:00+00:00,3990.0,55.745,4.270758789664375
2026-07-16 13:45:00+00:00,3994.3,55.786,4.271100681973713
2026-07-16 14:00:00+00:00,3992.6,55.786,4.270674984888317
2026-07-16 14:15:00+00:00,4002.8,56.131,4.267061150636107
2026-07-16 14:30:00+00:00,4007.6,56.296,4.26532435272086
2026-07-16 14:45:00+00:00,4001.2,56.164,4.26607361285863
2026-07-16 15:00:00+00:00,3996.0,56.074,4.266376892780214
2026-07-16 15:15:00+00:00,4015.1,56.434,4.2647457189206595
2026-07-16 15:30:00+00:00,4014.8,56.418,4.264954555416651
2026-07-16 15:45:00+00:00,4010.0,56.332,4.265283762964811
2026-07-16 16:00:00+00:00,3994.7,56.0,4.267372070778206
2026-07-16 16:15:00+00:00,3991.2,56.019,4.266156297641775
2026-07-16 16:30:00+00:00,3994.6,56.087,4.2657946714110055
2026-07-16 16:45:00+00:00,3995.6,56.11,4.265634984895114
2026-07-16 17:00:00+00:00,3989.3,55.917,4.267502607478491
2026-07-16 17:15:00+00:00,3990.3,55.877,4.2684688485507785
2026-07-16 17:30:00+00:00,3984.8,55.696,4.270334070689991
2026-07-16 17:45:00+00:00,3988.6,55.762,4.2701029373043555
2026-07-16 18:00:00+00:00,3990.1,55.814,4.269546838251027
2026-07-16 18:15:00+00:00,3990.0,55.792,4.269916019950614
2026-07-16 18:30:00+00:00,3986.1,55.624,4.271953825468655
2026-07-16 18:45:00+00:00,3983.3,55.606,4.271574791352356
2026-07-16 19:00:00+00:00,3983.9,55.626,4.271365800134962
2026-07-16 19:15:00+00:00,3983.1,55.617,4.271326779651401
2026-07-16 19:30:00+00:00,3979.0,55.539,4.271700333751779
2026-07-16 19:45:00+00:00,3982.3,55.778,4.268235294400597
2026-07-16 20:00:00+00:00,3979.8,55.595,4.270893576604353
2026-07-16 20:15:00+00:00,3979.0,55.595,4.270692541271716
2026-07-16 20:30:00+00:00,3979.4,55.588,4.270918982520812
2026-07-16 20:45:00+00:00,3979.9,55.599,4.270846756851406
2026-07-16 21:00:00+00:00,3979.9,55.748,4.268170437077425
2026-07-16 21:15:00+00:00,3983.3,55.762,4.268773266640931
2026-07-16 21:30:00+00:00,3988.9,55.77,4.270034692250129
2026-07-16 21:45:00+00:00,3985.7,55.718,4.270164980005408
2026-07-16 22:00:00+00:00,3980.1,55.59,4.271058894625603
2026-07-16 22:15:00+00:00,3979.4,55.576,4.271134879754568
2026-07-16 22:30:00+00:00,3979.1,55.542,4.271671450740697
2026-07-16 22:45:00+00:00,3981.3,55.599,4.27119846262803
2026-07-16 23:00:00+00:00,3983.1,55.614,4.271380721448216
2026-07-16 23:15:00+00:00,3982.5,55.613,4.271248054908014
2026-07-16 23:30:00+00:00,3985.5,55.585,4.272504673182399
2026-07-16 23:45:00+00:00,3989.8,55.647,4.272468215401659
2026-07-17 00:00:00+00:00,3987.6,55.515,4.27429157064232
2026-07-17 00:15:00+00:00,3987.6,55.507,4.274435686223265
2026-07-17 00:30:00+00:00,3985.1,55.447,4.274890075474894
2026-07-17 00:45:00+00:00,3994.8,55.805,4.270885323261301
2026-07-17 01:00:00+00:00,3995.3,55.686,4.2731451804069955
2026-07-17 01:15:00+00:00,3993.6,55.573,4.274750886936764
2026-07-17 01:30:00+00:00,3994.8,55.475,4.276816325550322
2026-07-17 01:45:00+00:00,3986.8,55.275,4.278423456349791
2026-07-17 02:00:00+00:00,3984.6,55.273,4.277907666408574
2026-07-17 02:15:00+00:00,3986.5,55.256,4.278692000155878
2026-07-17 02:30:00+00:00,3978.8,54.923,4.282803340961416
2026-07-17 02:45:00+00:00,3982.2,54.964,4.282911283910407
2026-07-17 03:00:00+00:00,3992.0,55.281,4.279618368410521
2026-07-17 03:15:00+00:00,4003.7,55.656,4.2757843239318225
2026-07-17 03:30:00+00:00,3999.9,55.655,4.2748527188443335
2026-07-17 03:45:00+00:00,3994.5,55.445,4.277282155516917
2026-07-17 04:00:00+00:00,3992.1,55.393,4.2776194552384945
2026-07-17 04:15:00+00:00,3989.3,55.332,4.278019652883699
2026-07-17 04:30:00+00:00,3984.9,55.241,4.278562065605289
2026-07-17 04:45:00+00:00,3984.9,55.256,4.278290565019896
2026-07-17 05:00:00+00:00,3983.3,55.202,4.278866715944948
2026-07-17 05:15:00+00:00,3981.7,55.049,4.281240445060971
2026-07-17 05:30:00+00:00,3989.9,55.354,4.27777252298037
2026-07-17 05:45:00+00:00,3989.4,55.505,4.274923015851853
2026-07-17 06:00:00+00:00,4002.3,55.979,4.269647854447804
2026-07-17 06:15:00+00:00,4004.8,55.867,4.272275054728325
2026-07-17 06:30:00+00:00,3999.8,55.579,4.2761942067829715
2026-07-17 06:45:00+00:00,4001.7,55.572,4.2767950725284924
2026-07-17 07:00:00+00:00,3999.4,55.533,4.276922190205244
2026-07-17 07:15:00+00:00,3998.4,55.511,4.2770683607687685
2026-07-17 07:30:00+00:00,4000.0,55.625,4.275416899615624
2026-07-17 07:45:00+00:00,3995.8,55.476,4.2770485936717595
2026-07-17 08:00:00+00:00,3995.9,55.468,4.27721783653867
2026-07-17 08:15:00+00:00,3994.4,55.411,4.277870529186107
2026-07-17 08:30:00+00:00,3995.2,55.47,4.277006585458365
2026-07-17 08:45:00+00:00,3996.5,55.492,4.276935390847595
2026-07-17 09:00:00+00:00,4001.2,55.657,4.275141739136366
2026-07-17 09:15:00+00:00,4000.6,55.676,4.274650454487999
2026-07-17 09:30:00+00:00,3998.0,55.566,4.275978011644159
2026-07-17 09:45:00+00:00,3998.8,55.584,4.275854205034332
2026-07-17 10:00:00+00:00,3999.7,55.555,4.276601116253415
2026-07-17 10:15:00+00:00,3998.3,55.491,4.27740370432341
2026-07-17 10:30:00+00:00,3998.0,55.483,4.277472847535622
2026-07-17 10:45:00+00:00,3993.1,55.305,4.279459830222109
2026-07-17 11:00:00+00:00,3994.6,55.362,4.278805290206598
2026-07-17 11:15:00+00:00,3997.5,55.468,4.277618166816492
2026-07-17 11:30:00+00:00,3994.1,55.385,4.278264752249765
2026-07-17 11:45:00+00:00,3996.7,55.45,4.277742585805864
2026-07-17 12:00:00+00:00,3992.8,55.348,4.278607493348262
2026-07-17 12:15:00+00:00,3989.0,55.354,4.277546927972582
2026-07-17 12:30:00+00:00,3972.8,55.143,4.2772966036741655
2026-07-17 12:45:00+00:00,3968.2,55.101,4.276900005545862
2026-07-17 13:00:00+00:00,3973.3,55.101,4.278184397839788
2026-07-17 13:15:00+00:00,3969.9,54.982,4.279490325507322
2026-07-17 13:30:00+00:00,3986.2,55.173,4.280119971943684
2026-07-17 13:45:00+00:00,3997.4,55.83,4.271088069438172
2026-07-17 14:00:00+00:00,3997.0,55.718,4.272996104198401
2026-07-17 14:15:00+00:00,3999.5,55.873,4.270843374179216
2026-07-17 14:30:00+00:00,3998.7,55.675,4.274193374134651
2026-07-17 14:45:00+00:00,4000.2,55.723,4.273706650758089
2026-07-17 15:00:00+00:00,4006.4,55.844,4.273086272339323
2026-07-17 15:15:00+00:00,4013.6,55.954,4.2729139485636365
2026-07-17 15:30:00+00:00,4015.0,56.065,4.271280894468018
2026-07-17 15:45:00+00:00,4018.8,56.104,4.27153151835355
2026-07-17 16:00:00+00:00,4018.7,56.057,4.272344716016237
2026-07-17 16:15:00+00:00,4020.9,56.071,4.272642292326723
2026-07-17 16:30:00+00:00,4017.8,56.045,4.27233482865499
2026-07-17 16:45:00+00:00,4016.4,56.027,4.27230754060651
2026-07-17 17:00:00+00:00,4015.6,56.117,4.270503257890099
2026-07-17 17:15:00+00:00,4015.0,56.099,4.270674639323027
2026-07-17 17:30:00+00:00,4011.4,55.933,4.272741040680274
2026-07-17 17:45:00+00:00,4010.2,55.971,4.271762694910632
2026-07-17 18:00:00+00:00,4012.5,56.086,4.270283540420695
2026-07-17 18:15:00+00:00,4016.0,56.199,4.269142698224534
2026-07-17 18:30:00+00:00,4009.0,55.993,4.271070429720509
2026-07-17 18:45:00+00:00,4012.4,56.169,4.268779841721205
2026-07-17 19:00:00+00:00,4006.2,55.997,4.270300322220301
2026-07-17 19:15:00+00:00,4005.2,55.938,4.271104861291036
2026-07-17 19:30:00+00:00,4010.0,56.151,4.268502029835746
2026-07-17 19:45:00+00:00,4016.7,56.189,4.26949494076669
2026-07-17 20:00:00+00:00,4013.9,56.112,4.2701689228429505
2026-07-17 20:15:00+00:00,4011.5,56.008,4.271425977518814
2026-07-17 20:30:00+00:00,4013.4,55.941,4.273096477442351
2026-07-17 20:45:00+00:00,4018.0,56.006,4.273080717521974
2026-07-17 21:00:00+00:00,4018.1,55.998,4.273248457257496
2026-07-17 21:15:00+00:00,4017.3,55.999,4.273031480736779
2026-07-17 21:30:00+00:00,4013.7,56.048,4.271260321692552
2026-07-17 21:45:00+00:00,4013.7,56.041,4.271385222441227
2026-07-17 22:00:00+00:00,4013.7,56.016,4.271831423935374
2026-07-17 22:15:00+00:00,4013.7,56.017,4.271813572052445
2026-07-17 22:30:00+00:00,4013.7,56.015,4.271849276136996
2026-07-17 22:45:00+00:00,4013.7,55.996,4.2721885285351044
2026-07-17 23:00:00+00:00,4013.7,55.987,4.272349267219001
2026-07-17 23:15:00+00:00,4013.7,55.983,4.272420714928239
2026-07-17 23:30:00+00:00,4013.7,55.965,4.272742292806452
2026-07-17 23:45:00+00:00,4013.4,55.982,4.272363830857932
2026-07-18 00:00:00+00:00,4013.5,55.995,4.272156556536975
2026-07-18 00:15:00+00:00,4013.6,56.01,4.271913626948303
2026-07-18 00:30:00+00:00,4013.7,56.008,4.271974250472787
2026-07-18 00:45:00+00:00,4013.7,56.027,4.271635070748912
2026-07-18 01:00:00+00:00,4013.7,56.033,4.271527985258894
2026-07-18 01:15:00+00:00,4013.7,56.031,4.2715636791481035
2026-07-18 01:30:00+00:00,4013.7,56.03,4.27158152657049
2026-07-18 01:45:00+00:00,4013.7,56.019,4.271777869242631
2026-07-18 02:00:00+00:00,4013.7,56.017,4.271813572052445
2026-07-18 02:15:00+00:00,4013.7,56.014,4.271867128657327
2026-07-18 02:30:00+00:00,4013.7,56.014,4.271867128657327
2026-07-18 02:45:00+00:00,4013.8,56.007,4.272017019581282
2026-07-18 03:00:00+00:00,4013.8,55.994,4.2722491603667825
2026-07-18 03:15:00+00:00,4013.9,55.999,4.272184782807921
2026-07-18 03:30:00+00:00,4013.9,55.995,4.272256215206116
2026-07-18 03:45:00+00:00,4013.9,55.987,4.27239909531209
2026-07-18 04:00:00+00:00,4013.9,55.985,4.2724348185286125
2026-07-18 04:15:00+00:00,4013.8,55.99,4.2723205991437805
2026-07-18 04:30:00+00:00,4013.8,55.989,4.272338459635481
2026-07-18 04:45:00+00:00,4013.8,55.99,4.2723205991437805
2026-07-18 05:00:00+00:00,4013.8,55.989,4.272338459635481
2026-07-18 05:15:00+00:00,4013.8,55.991,4.272302738971073
2026-07-18 05:30:00+00:00,4013.7,56.01,4.271938541925942
2026-07-18 05:45:00+00:00,4013.7,56.01,4.271938541925942
2026-07-18 06:00:00+00:00,4013.8,56.009,4.2719813103968765
2026-07-18 06:15:00+00:00,4013.8,56.015,4.271874190493897
2026-07-18 06:30:00+00:00,4013.8,56.0,4.272142011769433
2026-07-18 06:45:00+00:00,4013.8,56.001,4.272124154786013
2026-07-18 07:00:00+00:00,4014.2,56.016,4.271955989513083
2026-07-18 07:15:00+00:00,4016.8,56.033,4.2723000418317065
2026-07-18 07:30:00+00:00,4016.8,56.037,4.27222865787522
2026-07-18 07:45:00+00:00,4017.2,56.028,4.272488855742384
2026-07-18 08:00:00+00:00,4017.2,56.037,4.272328234673908
2026-07-18 08:15:00+00:00,4017.9,56.043,4.272395403834651
2026-07-18 08:30:00+00:00,4017.9,56.045,4.272359717588127
2026-07-18 08:45:00+00:00,4017.9,56.049,4.272288348915376
2026-07-18 09:00:00+00:00,4018.1,56.041,4.272480867362704
2026-07-18 09:15:00+00:00,4018.1,56.041,4.272480867362704
2026-07-18 09:30:00+00:00,4018.0,56.041,4.272455979668424
2026-07-18 09:45:00+00:00,4018.4,56.036,4.272644751101968
2026-07-18 10:00:00+00:00,4018.2,56.037,4.272577133298784
2026-07-18 10:15:00+00:00,4018.3,56.039,4.272566329686874
2026-07-18 10:30:00+00:00,4018.3,56.03,4.272726945022415
2026-07-18 10:45:00+00:00,4018.2,56.035,4.272612824640068
2026-07-18 11:00:00+00:00,4018.4,56.03,4.272751830858642
2026-07-18 11:15:00+00:00,4018.7,56.045,4.272558806755845
2026-07-18 11:30:00+00:00,4018.7,56.038,4.272683714190677
2026-07-18 11:45:00+00:00,4018.7,56.038,4.272683714190677
2026-07-18 12:00:00+00:00,4018.5,56.039,4.27261610074004
2026-07-18 12:15:00+00:00,4018.2,56.038,4.272559288105832
2026-07-18 12:30:00+00:00,4018.1,56.038,4.272534401030933
2026-07-18 12:45:00+00:00,4018.1,56.041,4.272480867362704
2026-07-18 13:00:00+00:00,4018.3,56.031,4.2727090976000275
2026-07-18 13:15:00+00:00,4016.9,56.025,4.2724677201627745
2026-07-18 13:30:00+00:00,4017.0,56.035,4.2723141388552905
2026-07-18 13:45:00+00:00,4016.6,56.035,4.272214557098587
2026-07-18 14:00:00+00:00,4017.2,56.028,4.272488855742384
2026-07-18 14:15:00+00:00,4017.8,56.034,4.272531118772413
2026-07-18 14:30:00+00:00,4018.6,56.035,4.272712366746461
2026-07-18 14:45:00+00:00,4019.5,56.035,4.272936300264024
2026-07-18 15:00:00+00:00,4019.3,56.042,4.272761627471862
2026-07-18 15:15:00+00:00,4019.4,56.034,4.272929267386641
2026-07-18 15:30:00+00:00,4018.9,56.031,4.2728584033286685
2026-07-18 15:45:00+00:00,4018.7,56.033,4.272772943340114
2026-07-18 16:00:00+00:00,4018.7,56.011,4.2731656462118925
2026-07-18 16:15:00+00:00,4018.4,56.032,4.272716136332393
2026-07-18 16:30:00+00:00,4018.4,56.031,4.272733983436256
2026-07-18 16:45:00+00:00,4020.3,56.035,4.273135310190301
2026-07-18 17:00:00+00:00,4020.2,56.038,4.273056899581069
2026-07-18 17:15:00+00:00,4020.0,56.021,4.273310561172845
2026-07-18 17:30:00+00:00,4021.5,56.035,4.273433750840132
2026-07-18 17:45:00+00:00,4021.7,56.041,4.273376412087846
2026-07-18 18:00:00+00:00,4015.6,55.956,4.273376387203188
2026-07-18 18:15:00+00:00,4016.3,55.998,4.272800383965125
2026-07-18 18:30:00+00:00,4015.5,55.976,4.272994124184922
2026-07-18 18:45:00+00:00,4016.1,55.97,4.273250728556693
2026-07-18 19:00:00+00:00,4016.3,55.958,4.273514950432344
2026-07-18 19:15:00+00:00,4015.6,55.933,4.273787508945699
2026-07-18 19:30:00+00:00,4015.1,55.925,4.273806025294753
2026-07-18 19:45:00+00:00,4015.2,55.927,4.273795169422489
2026-07-18 20:00:00+00:00,4015.2,55.912,4.274063412165896
2026-07-18 20:15:00+00:00,4015.1,55.948,4.27339484475389
2026-07-18 20:30:00+00:00,4015.0,55.941,4.273495062470796
2026-07-18 20:45:00+00:00,4014.8,55.93,4.2736419031061486
2026-07-18 21:00:00+00:00,4014.2,55.93,4.273492444891896
2026-07-18 21:15:00+00:00,4013.8,55.921,4.273553722049365
2026-07-18 21:30:00+00:00,4013.3,55.899,4.273822633598985
2026-07-18 21:45:00+00:00,4013.5,55.916,4.2735683929627495
2026-07-18 22:00:00+00:00,4013.3,55.928,4.273303975302686
2026-07-18 22:15:00+00:00,4013.2,55.946,4.272957267253159
2026-07-18 22:30:00+00:00,4013.5,55.962,4.27274606859885
2026-07-18 22:45:00+00:00,4014.0,55.961,4.272888509811591
2026-07-18 23:00:00+00:00,4014.3,55.96,4.272981115181772
2026-07-18 23:15:00+00:00,4014.9,55.971,4.272934020012467
2026-07-18 23:30:00+00:00,4016.1,55.971,4.27323286200199
2026-07-18 23:45:00+00:00,4017.5,55.983,4.273367024392224
2026-07-19 00:00:00+00:00,4017.7,56.006,4.273006050722532
2026-07-19 00:15:00+00:00,4018.2,56.01,4.273059073922319
2026-07-19 00:30:00+00:00,4018.3,56.003,4.273208945870785
2026-07-19 00:45:00+00:00,4018.3,56.006,4.273155378746702
2026-07-19 01:00:00+00:00,4017.8,56.007,4.273013085204749
2026-07-19 01:15:00+00:00,4018.0,56.012,4.272973591881349
2026-07-19 01:30:00+00:00,4018.0,56.005,4.273098572911177
2026-07-19 01:45:00+00:00,4017.7,56.021,4.272738258135215
2026-07-19 02:00:00+00:00,4017.6,56.058,4.272053119364447
2026-07-19 02:15:00+00:00,4018.1,56.054,4.272248921244532
2026-07-19 02:30:00+00:00,4018.3,56.024,4.272834036246391
2026-07-19 02:45:00+00:00,4018.3,56.034,4.272655557243971
2026-07-19 03:00:00+00:00,4018.6,56.027,4.272855144851682
2026-07-19 03:15:00+00:00,4019.1,56.025,4.273015256264059
2026-07-19 03:30:00+00:00,4019.1,56.039,4.272765399038316
2026-07-19 03:45:00+00:00,4018.4,56.027,4.272805375037064
2026-07-19 04:00:00+00:00,4017.3,56.018,4.2726922465101485
2026-07-19 04:15:00+00:00,4015.9,56.014,4.272415101172782
2026-07-19 04:30:00+00:00,4016.2,56.018,4.272418393268878
2026-07-19 04:45:00+00:00,4016.4,56.028,4.272289692228481
2026-07-19 05:00:00+00:00,4016.8,56.031,4.272335735720916
2026-07-19 05:15:00+00:00,4017.1,56.025,4.272517508562087
2026-07-19 05:30:00+00:00,4017.2,56.053,4.272042749793746
2026-07-19 05:45:00+00:00,4017.3,56.045,4.272210374696572
2026-07-19 06:00:00+00:00,4017.2,56.043,4.27222116829265
2026-07-19 06:15:00+00:00,4017.1,56.051,4.272053537676859
2026-07-19 06:30:00+00:00,4017.0,56.051,4.272028643787063
2026-07-19 06:45:00+00:00,4017.1,56.051,4.272053537676859
2026-07-19 07:00:00+00:00,4016.4,56.045,4.271986318532223
2026-07-19 07:15:00+00:00,4016.1,56.035,4.272090065955971
2026-07-19 07:30:00+00:00,4016.1,56.023,4.272304240759124
2026-07-19 07:45:00+00:00,4015.9,56.023,4.272254439962301
2026-07-19 08:00:00+00:00,4015.5,56.021,4.272190531188294
2026-07-19 08:15:00+00:00,4014.7,56.01,4.27218765756671
2026-07-19 08:30:00+00:00,4012.9,55.997,4.271971333071648
2026-07-19 08:45:00+00:00,4014.4,55.995,4.272380774577501
2026-07-19 09:00:00+00:00,4013.8,55.992,4.272284879117344
2026-07-19 09:15:00+00:00,4013.6,55.993,4.272217190248045
2026-07-19 09:30:00+00:00,4013.6,56.0,4.272092182434894
2026-07-19 09:45:00+00:00,4013.1,56.024,4.271539118616434
2026-07-19 10:00:00+00:00,4013.1,55.982,4.272289078475165
2026-07-19 10:15:00+00:00,4013.1,55.985,4.27223549125749
2026-07-19 10:30:00+00:00,4013.0,55.962,4.272621481294135
2026-07-19 10:45:00+00:00,4013.4,55.98,4.27239955726511
2026-07-19 11:00:00+00:00,4013.3,55.958,4.272767715167925
2026-07-19 11:15:00+00:00,4012.9,55.936,4.273061270910156
2026-07-19 11:30:00+00:00,4012.2,55.941,4.272797434377922
2026-07-19 11:45:00+00:00,4012.1,55.942,4.272754634268757
2026-07-19 12:00:00+00:00,4012.0,55.937,4.2728190916341875
2026-07-19 12:15:00+00:00,4010.9,55.923,4.272795189465497
2026-07-19 12:30:00+00:00,4009.9,55.924,4.2725279562082275
2026-07-19 12:45:00+00:00,4010.1,55.931,4.272452669479654
2026-07-19 13:00:00+00:00,4011.6,55.946,4.2725585034157545
2026-07-19 13:15:00+00:00,4012.3,55.978,4.272161165555538
2026-07-19 13:30:00+00:00,4012.9,55.985,4.272185653231066
2026-07-19 13:45:00+00:00,4013.0,55.978,4.272335613863208
2026-07-19 14:00:00+00:00,4013.2,55.982,4.2723139965569725
2026-07-19 14:15:00+00:00,4013.2,55.959,4.2727249273209225
2026-07-19 14:30:00+00:00,4013.2,55.933,4.273189661179785
2026-07-19 14:45:00+00:00,4013.4,55.933,4.2732394954807456
2026-07-19 15:00:00+00:00,4013.1,55.953,4.27280723634623
2026-07-19 15:15:00+00:00,4012.7,55.918,4.273333278526003
2026-07-19 15:30:00+00:00,4012.4,55.909,4.2734194760187645
2026-07-19 15:45:00+00:00,4012.4,55.895,4.273669914287041
2026-07-19 16:00:00+00:00,4012.4,55.884,4.27386673122109
2026-07-19 16:15:00+00:00,4012.8,55.864,4.274324365454813
2026-07-19 16:30:00+00:00,4013.0,55.839,4.274821820282611
2026-07-19 16:45:00+00:00,4013.0,55.805,4.275430899159239
2026-07-19 17:00:00+00:00,4015.0,55.831,4.275463355701897
2026-07-19 17:15:00+00:00,4015.8,55.809,4.276056712630691
2026-07-19 17:30:00+00:00,4016.4,55.814,4.2761165240298205
2026-07-19 17:45:00+00:00,4016.5,55.814,4.276141421638407
2026-07-19 18:00:00+00:00,4015.6,55.789,4.276365337479782
2026-07-19 18:15:00+00:00,4016.6,55.787,4.276650185268577
2026-07-19 18:30:00+00:00,4016.8,55.793,4.276592431231166
2026-07-19 18:45:00+00:00,4016.6,55.809,4.276255905898617
2026-07-19 19:00:00+00:00,4016.6,55.833,4.275825960172641
2026-07-19 19:15:00+00:00,4016.5,55.841,4.275657789010647
2026-07-19 19:30:00+00:00,4015.7,55.825,4.275745159659851
2026-07-19 19:45:00+00:00,4015.4,55.84,4.275401789365361
2026-07-19 20:00:00+00:00,4013.8,55.841,4.274985335901362
2026-07-19 20:15:00+00:00,4013.8,55.826,4.275253991817438
2026-07-19 20:30:00+00:00,4012.8,55.837,4.274807798916032
2026-07-19 20:45:00+00:00,4011.9,55.799,4.275264275467134
2026-07-19 21:00:00+00:00,4011.8,55.759,4.2759564651020145
2026-07-19 21:15:00+00:00,4011.7,55.73,4.27645176903156
2026-07-19 21:30:00+00:00,4011.2,55.737,4.276201528111885
2026-07-19 21:45:00+00:00,4011.2,55.718,4.276542472891107
2026-07-19 22:00:00+00:00,3996.9,55.665,4.273922756453605
2026-07-19 22:15:00+00:00,3995.9,55.577,4.27525466782315
2026-07-19 22:30:00+00:00,3998.2,55.832,4.271252357106792
2026-07-19 22:45:00+00:00,3996.4,55.767,4.271966938265747
2026-07-19 23:00:00+00:00,3992.2,55.759,4.271058904088199
2026-07-19 23:15:00+00:00,3993.4,55.77,4.271162186951335
2026-07-19 23:30:00+00:00,3992.9,55.796,4.270570880692934
2026-07-19 23:45:00+00:00,3995.4,55.926,4.268869590037556
2026-07-20 00:00:00+00:00,3997.4,56.148,4.265408367088362
2026-07-20 00:15:00+00:00,4004.4,56.502,4.260872999789347
2026-07-20 00:30:00+00:00,4000.7,56.341,4.262802113121833
2026-07-20 00:45:00+00:00,4009.2,56.625,4.259896415347513
2026-07-20 01:00:00+00:00,4010.2,56.518,4.262037222882541
2026-07-20 01:15:00+00:00,4002.4,56.487,4.260638936991594
2026-07-20 01:30:00+00:00,3998.2,56.408,4.260988546404903
2026-07-20 01:45:00+00:00,4003.8,56.674,4.257683637363738
2026-07-20 02:00:00+00:00,4007.6,56.796,4.256481936672997
2026-07-20 02:15:00+00:00,4008.6,56.729,4.257911788334034
2026-07-20 02:30:00+00:00,4015.9,56.989,4.255158493908239
2026-07-20 02:45:00+00:00,4022.9,57.211,4.253012126979703
2026-07-20 03:00:00+00:00,4023.5,57.259,4.252322614267112
2026-07-20 03:15:00+00:00,4023.6,57.197,4.2534308538023
2026-07-20 03:30:00+00:00,4027.4,57.256,4.2533438450080086
2026-07-20 03:45:00+00:00,4023.8,57.076,4.2555982956868075
2026-07-20 04:00:00+00:00,4023.3,56.943,4.257806972884038
2026-07-20 04:15:00+00:00,4025.8,57.008,4.257287319003451
2026-07-20 04:30:00+00:00,4023.6,57.076,4.255548590191855
2026-07-20 04:45:00+00:00,4020.1,56.935,4.257151790662996
2026-07-20 05:00:00+00:00,4014.4,56.84,4.257402872383258
2026-07-20 05:15:00+00:00,4011.2,56.673,4.259547820561204
2026-07-20 05:30:00+00:00,4011.2,56.6,4.260836742194892
2026-07-20 05:45:00+00:00,4010.2,56.536,4.2617187909800505
2026-07-20 06:00:00+00:00,4010.1,56.588,4.260774509048849
2026-07-20 06:15:00+00:00,4006.5,56.64,4.258957871832661
2026-07-20 06:30:00+00:00,4005.6,56.541,4.260482622313135
2026-07-20 06:45:00+00:00,4005.3,56.484,4.261416350857154
2026-07-20 07:00:00+00:00,4005.5,56.463,4.261838139278635
2026-07-20 07:15:00+00:00,4007.8,56.665,4.258841005135132
2026-07-20 07:30:00+00:00,4020.0,56.978,4.256371953194425
2026-07-20 07:45:00+00:00,4017.8,57.016,4.255157837928479
2026-07-20 08:00:00+00:00,4024.2,57.124,4.25485706874306
2026-07-20 08:15:00+00:00,4024.1,57.086,4.255497659653864
2026-07-20 08:30:00+00:00,4023.1,56.995,4.256844484023952
2026-07-20 08:45:00+00:00,4019.2,56.867,4.258122948796823
2026-07-20 09:00:00+00:00,4020.0,56.811,4.259307212664189
2026-07-20 09:15:00+00:00,4016.0,56.752,4.259350763340299
2026-07-20 09:30:00+00:00,4020.0,56.912,4.257530966406968
2026-07-20 09:45:00+00:00,4020.6,57.027,4.255661584315054
2026-07-20 10:00:00+00:00,4021.2,56.921,4.25767130294672
2026-07-20 10:15:00+00:00,4022.9,56.945,4.257672424842695
2026-07-20 10:30:00+00:00,4022.8,56.93,4.257911013607335
2026-07-20 10:45:00+00:00,4024.1,56.867,4.259341354328426
2026-07-20 11:00:00+00:00,4022.1,56.944,4.257491104507788
2026-07-20 11:15:00+00:00,4022.7,56.971,4.257166231517334
2026-07-20 11:30:00+00:00,4032.4,57.253,4.254636968371636
2026-07-20 11:45:00+00:00,4025.8,57.126,4.255219573335322
2026-07-20 12:00:00+00:00,4013.9,56.746,4.258933446944913
2026-07-20 12:15:00+00:00,4013.1,56.873,4.256498577151998
2026-07-20 12:30:00+00:00,4010.1,56.831,4.256489506151359
2026-07-20 12:45:00+00:00,4008.9,56.779,4.257105629400543
2026-07-20 13:00:00+00:00,4009.5,56.869,4.2556714470464
2026-07-20 13:15:00+00:00,4009.1,56.711,4.2583538607629
2026-07-20 13:30:00+00:00,4014.1,56.956,4.255289401932398
2026-07-20 13:45:00+00:00,4006.6,56.784,4.256443684443411
2026-07-20 14:00:00+00:00,4000.1,56.562,4.258737258147464
2026-07-20 14:15:00+00:00,4006.5,56.781,4.256471558493233
2026-07-20 14:30:00+00:00,4008.2,56.835,4.255945208580654
2026-07-20 14:45:00+00:00,4007.5,56.755,4.257179126276405
2026-07-20 15:00:00+00:00,4015.1,57.001,4.254748721130639
2026-07-20 15:15:00+00:00,4017.9,57.066,4.254306164332883
2026-07-20 15:30:00+00:00,4014.8,57.02,4.254340728455119
2026-07-20 15:45:00+00:00,4015.1,56.951,4.2556262836694065
2026-07-20 16:00:00+00:00,4016.0,57.084,4.25351779413342
2026-07-20 16:15:00+00:00,4015.2,57.004,4.254720997529758
2026-07-20 16:30:00+00:00,4012.7,56.8,4.257683284705743
2026-07-20 16:45:00+00:00,4012.9,56.839,4.2570467411132835
2026-07-20 17:00:00+00:00,4012.6,56.901,4.255881773575806
2026-07-20 17:15:00+00:00,4014.6,56.875,4.256837117745712
2026-07-20 17:30:00+00:00,4010.9,56.776,4.257657232798033
2026-07-20 17:45:00+00:00,4008.5,56.773,4.257111524884208
2026-07-20 18:00:00+00:00,4012.6,56.806,4.257552735295035
2026-07-20 18:15:00+00:00,4010.5,56.701,4.258879353544494
2026-07-20 18:30:00+00:00,4009.7,56.557,4.261222725371199
2026-07-20 18:45:00+00:00,4010.0,56.616,4.260254889527131
2026-07-20 19:00:00+00:00,4008.2,56.451,4.262724536488711
2026-07-20 19:15:00+00:00,4015.0,56.729,4.259507082555409
2026-07-20 19:30:00+00:00,4009.0,56.484,4.2623397004355015
2026-07-20 19:45:00+00:00,4009.7,56.42,4.263647998960554
2026-07-20 20:00:00+00:00,4010.0,56.402,4.26404190143242
2026-07-20 20:15:00+00:00,4011.7,56.43,4.263969438631956
2026-07-20 20:30:00+00:00,4012.3,56.46,4.2635874991339024
2026-07-20 20:45:00+00:00,4010.7,56.436,4.263613815906275
2026-07-20 21:00:00+00:00,4011.6,56.527,4.262227043101886
2026-07-20 21:15:00+00:00,4013.3,56.53,4.26259765382517
2026-07-20 21:30:00+00:00,4014.7,56.555,4.262504287805107
2026-07-20 21:45:00+00:00,4014.6,56.556,4.2624616972872325
2026-07-20 22:00:00+00:00,4010.6,56.394,4.2643333651767135
2026-07-20 22:15:00+00:00,4013.3,56.376,4.265325588487649
2026-07-20 22:30:00+00:00,4008.5,56.276,4.265904228968039
2026-07-20 22:45:00+00:00,4004.9,56.219,4.266019112345848
2026-07-20 23:00:00+00:00,4006.7,56.295,4.265117517598942
2026-07-20 23:15:00+00:00,4008.2,56.333,4.264817032641634
2026-07-20 23:30:00+00:00,4011.9,56.343,4.26556221437995
2026-07-20 23:45:00+00:00,4012.5,56.392,4.264842462966697
2026-07-21 00:00:00+00:00,4013.9,56.433,4.264464522461779
2026-07-21 00:15:00+00:00,4018.2,56.568,4.2631458658421195
2026-07-21 00:30:00+00:00,4024.7,56.733,4.261849600900119
2026-07-21 00:45:00+00:00,4028.0,56.924,4.259308209017039
2026-07-21 01:00:00+00:00,4031.2,57.151,4.25612248946588
2026-07-21 01:15:00+00:00,4031.0,56.995,4.258806218428424
2026-07-21 01:30:00+00:00,4027.5,56.938,4.258938158510784
2026-07-21 01:45:00+00:00,4025.1,56.961,4.257938211135148
2026-07-21 02:00:00+00:00,4026.3,56.921,4.258938777487326
2026-07-21 02:15:00+00:00,4031.5,57.072,4.257580165508541
2026-07-21 02:30:00+00:00,4038.6,57.666,4.24898563117552
2026-07-21 02:45:00+00:00,4039.7,57.605,4.250316341282217
2026-07-21 03:00:00+00:00,4041.4,57.623,4.250424652023242
2026-07-21 03:15:00+00:00,4049.8,57.765,4.250039720230187
2026-07-21 03:30:00+00:00,4045.1,57.685,4.250264376686621
2026-07-21 03:45:00+00:00,4049.2,57.849,4.248438442319019
2026-07-21 04:00:00+00:00,4048.7,57.856,4.248193956148989
2026-07-21 04:15:00+00:00,4046.6,57.745,4.2495955357780435
2026-07-21 04:30:00+00:00,4049.1,57.844,4.2485001814308
2026-07-21 04:45:00+00:00,4050.8,57.888,4.248159562245245
2026-07-21 05:00:00+00:00,4053.3,57.926,4.248120309261535
2026-07-21 05:15:00+00:00,4057.0,58.009,4.247600892284228
2026-07-21 05:30:00+00:00,4068.3,58.163,4.247731087023852
2026-07-21 05:45:00+00:00,4063.4,58.101,4.247592465149806
2026-07-21 06:00:00+00:00,4073.6,58.467,4.243819915855091
2026-07-21 06:15:00+00:00,4073.8,58.568,4.242143031435699
2026-07-21 06:30:00+00:00,4078.8,58.775,4.239841512063937
2026-07-21 06:45:00+00:00,4080.9,58.917,4.237943157506298
2026-07-21 07:00:00+00:00,4074.4,58.893,4.236756537476389
2026-07-21 07:15:00+00:00,4071.6,58.928,4.235474961875475
2026-07-21 07:30:00+00:00,4073.5,59.069,4.23355160764206
2026-07-21 07:45:00+00:00,4072.2,59.179,4.231371923709011
2026-07-21 08:00:00+00:00,4069.2,59.075,4.232393875846622
2026-07-21 08:15:00+00:00,4066.1,58.993,4.233020795282471
2026-07-21 08:30:00+00:00,4065.8,59.026,4.232387779785161
2026-07-21 08:45:00+00:00,4065.1,58.988,4.232859588536638
2026-07-21 09:00:00+00:00,4067.7,59.129,4.2311115103357
2026-07-21 09:15:00+00:00,4066.7,59.175,4.230087983340909
2026-07-21 09:30:00+00:00,4064.2,59.111,4.230555168341432
2026-07-21 09:45:00+00:00,4068.9,59.105,4.231812448434439
2026-07-21 10:00:00+00:00,4068.8,59.107,4.231754033953246
2026-07-21 10:15:00+00:00,4069.1,59.08,4.2322846660994395
2026-07-21 10:30:00+00:00,4068.9,59.091,4.232049343085111
2026-07-21 10:45:00+00:00,4065.1,58.938,4.233707578004545
2026-07-21 11:00:00+00:00,4060.4,58.932,4.232652533065168
2026-07-21 11:15:00+00:00,4060.5,58.857,4.233950624615664
2026-07-21 11:30:00+00:00,4058.8,58.798,4.234534801684265
2026-07-21 11:45:00+00:00,4057.4,58.866,4.23303397895792
2026-07-21 12:00:00+00:00,4061.3,58.957,4.232450033755296
2026-07-21 12:15:00+00:00,4063.7,59.121,4.230262976389375
2026-07-21 12:30:00+00:00,4056.1,58.959,4.231134912713482
2026-07-21 12:45:00+00:00,4056.6,58.942,4.231546553777814
2026-07-21 13:00:00+00:00,4061.2,58.908,4.233256870563152
2026-07-21 13:15:00+00:00,4053.3,58.472,4.238738635955933
2026-07-21 13:30:00+00:00,4048.4,58.315,4.240217670171733
2026-07-21 13:45:00+00:00,4054.7,58.459,4.239306327251807
2026-07-21 14:00:00+00:00,4067.5,58.869,4.235469202777898
2026-07-21 14:15:00+00:00,4069.9,58.998,4.233870163084148
2026-07-21 14:30:00+00:00,4068.9,58.991,4.2337430817397115
2026-07-21 14:45:00+00:00,4069.7,58.952,4.234601012181511
2026-07-21 15:00:00+00:00,4074.8,59.088,4.233549086605704
2026-07-21 15:15:00+00:00,4078.8,59.12,4.233988829850125
2026-07-21 15:30:00+00:00,4077.6,58.951,4.236557268657917
2026-07-21 15:45:00+00:00,4075.6,58.963,4.235863125559625
2026-07-21 16:00:00+00:00,4079.9,59.1,4.234596832881863
2026-07-21 16:15:00+00:00,4077.1,59.059,4.234604286118746
2026-07-21 16:30:00+00:00,4073.8,58.934,4.235913330091395
2026-07-21 16:45:00+00:00,4073.1,58.857,4.2370488861675435
2026-07-21 17:00:00+00:00,4073.2,58.824,4.23763427540359
2026-07-21 17:15:00+00:00,4073.6,58.882,4.236746967128041
2026-07-21 17:30:00+00:00,4070.0,58.745,4.238192235417105
2026-07-21 17:45:00+00:00,4069.1,58.764,4.237647701254438
2026-07-21 18:00:00+00:00,4073.5,58.799,4.238133011793454
2026-07-21 18:15:00+00:00,4085.0,58.944,4.238489166661261
2026-07-21 18:30:00+00:00,4086.8,58.954,4.238760067922219
2026-07-21 18:45:00+00:00,4085.0,58.864,4.239847308931685
2026-07-21 19:00:00+00:00,4083.3,58.767,4.241080291136765
2026-07-21 19:15:00+00:00,4086.9,58.796,4.241468190060384
2026-07-21 19:30:00+00:00,4086.2,58.748,4.242113611914095
2026-07-21 19:45:00+00:00,4087.2,58.741,4.242477468216697
2026-07-21 20:00:00+00:00,4087.0,58.729,4.2426328412478576
2026-07-21 20:15:00+00:00,4085.4,58.716,4.242462659621989
2026-07-21 20:30:00+00:00,4083.9,58.836,4.240053780729441
2026-07-21 20:45:00+00:00,4080.8,58.818,4.239600396101073
2026-07-21 21:00:00+00:00,4081.4,58.882,4.238659904559939
2026-07-21 21:15:00+00:00,4081.9,58.877,4.238867323238902
2026-07-21 21:30:00+00:00,4084.3,58.872,4.239540038357107
2026-07-21 21:45:00+00:00,4083.2,58.904,4.238727273644
2026-07-21 22:00:00+00:00,4081.7,58.822,4.239752912695509
2026-07-21 22:15:00+00:00,4084.3,58.897,4.239115478407111
2026-07-21 22:30:00+00:00,4086.6,58.869,4.240153971160033
2026-07-21 22:45:00+00:00,4083.4,58.79,4.240713481287935
2026-07-21 23:00:00+00:00,4083.9,58.791,4.240818911221511
2026-07-21 23:15:00+00:00,4084.1,58.856,4.239762882153057
2026-07-21 23:30:00+00:00,4083.2,58.831,4.239967346848312
2026-07-21 23:45:00+00:00,4083.4,58.88,4.239183779281478
2026-07-22 00:00:00+00:00,4094.8,59.032,4.2393934852895505
2026-07-22 00:15:00+00:00,4100.1,59.047,4.240432905689129
2026-07-22 00:30:00+00:00,4095.2,59.003,4.239982545072715
2026-07-22 00:45:00+00:00,4099.1,59.199,4.237618066545551
2026-07-22 01:00:00+00:00,4121.5,59.921,4.230945425765019
2026-07-22 01:15:00+00:00,4117.8,59.78,4.232403162286852
2026-07-22 01:30:00+00:00,4122.9,59.881,4.231952818750132
2026-07-22 01:45:00+00:00,4123.5,59.933,4.231230324654728
2026-07-22 02:00:00+00:00,4123.6,59.797,4.233526354748141
2026-07-22 02:15:00+00:00,4126.4,59.879,4.2328347757819005
2026-07-22 02:30:00+00:00,4129.8,59.8,4.234978597675788
2026-07-22 02:45:00+00:00,4131.4,59.634,4.238145730350229
2026-07-22 03:00:00+00:00,4139.6,59.882,4.235978484666762
2026-07-22 03:15:00+00:00,4140.3,59.937,4.235229517376182
2026-07-22 03:30:00+00:00,4135.3,59.795,4.236393110795865
2026-07-22 03:45:00+00:00,4133.1,59.793,4.2358944124699525
2026-07-22 04:00:00+00:00,4129.1,59.732,4.235946854337005
2026-07-22 04:15:00+00:00,4129.9,59.71,4.236508962027975
2026-07-22 04:30:00+00:00,4128.7,59.674,4.23682145178045
2026-07-22 04:45:00+00:00,4128.4,59.686,4.236547714656668
2026-07-22 05:00:00+00:00,4130.5,59.707,4.236704477546268
2026-07-22 05:15:00+00:00,4125.5,59.509,4.238814941927329
2026-07-22 05:30:00+00:00,4134.6,59.68,4.238148911695712
2026-07-22 05:45:00+00:00,4132.7,59.676,4.237756295857692
2026-07-22 06:00:00+00:00,4130.6,59.659,4.2375329365567715
2026-07-22 06:15:00+00:00,4118.3,59.325,4.240164933510904
2026-07-22 06:30:00+00:00,4121.5,59.368,4.24021709308545
2026-07-22 06:45:00+00:00,4118.1,59.302,4.240504138677964
2026-07-22 07:00:00+00:00,4117.7,59.355,4.239513670529988
2026-07-22 07:15:00+00:00,4121.3,59.433,4.239074298893478
2026-07-22 07:30:00+00:00,4113.3,59.219,4.240738468686946
2026-07-22 07:45:00+00:00,4111.5,59.149,4.241483520300218
2026-07-22 08:00:00+00:00,4116.9,59.313,4.240027225682844
2026-07-22 08:15:00+00:00,4119.2,59.442,4.238413201512984
2026-07-22 08:30:00+00:00,4117.0,59.464,4.237508934346912
2026-07-22 08:45:00+00:00,4120.7,59.506,4.237701183020655
2026-07-22 09:00:00+00:00,4123.6,59.634,4.236255966008306
2026-07-22 09:15:00+00:00,4120.3,59.503,4.2376545237780325
2026-07-22 09:30:00+00:00,4117.5,59.475,4.237445405862774
2026-07-22 09:45:00+00:00,4115.9,59.393,4.23843642691987
2026-07-22 10:00:00+00:00,4119.0,59.375,4.239492432081275
2026-07-22 10:15:00+00:00,4120.6,59.456,4.238517519616986
2026-07-22 10:30:00+00:00,4118.1,59.363,4.239476034260097
2026-07-22 10:45:00+00:00,4119.5,59.356,4.239933864611765
2026-07-22 11:00:00+00:00,4120.9,59.358,4.240239959520388
2026-07-22 11:15:00+00:00,4120.3,59.356,4.24012804408275
2026-07-22 11:30:00+00:00,4117.5,59.259,4.241083794837822
2026-07-22 11:45:00+00:00,4124.1,59.358,4.241016187576344
2026-07-22 12:00:00+00:00,4128.8,59.44,4.240774686425014
2026-07-22 12:15:00+00:00,4135.0,59.474,4.241703365197429
2026-07-22 12:30:00+00:00,4129.6,59.351,4.242466858850956
2026-07-22 12:45:00+00:00,4114.5,59.037,4.244108233052705
2026-07-22 13:00:00+00:00,4126.3,59.397,4.240892680591454
2026-07-22 13:15:00+00:00,4133.4,59.519,4.2405600025187775
2026-07-22 13:30:00+00:00,4144.5,60.013,4.234976227611646
2026-07-22 13:45:00+00:00,4156.7,60.497,4.229882992189538
2026-07-22 14:00:00+00:00,4158.5,60.695,4.227048388958975
2026-07-22 14:15:00+00:00,4147.9,60.19,4.2328512354952785
2026-07-22 14:30:00+00:00,4153.0,60.298,4.232287307943522
2026-07-22 14:45:00+00:00,4150.9,60.245,4.232660875807033
2026-07-22 15:00:00+00:00,4159.4,60.36,4.232799478184172
2026-07-22 15:15:00+00:00,4158.5,60.339,4.232931050469548
2026-07-22 15:30:00+00:00,4161.6,60.289,4.234505228829221
2026-07-22 15:45:00+00:00,4161.2,60.27,4.234724305701787
2026-07-22 16:00:00+00:00,4155.9,60.112,4.23607480150033
2026-07-22 16:15:00+00:00,4150.7,60.122,4.234656442568381
2026-07-22 16:30:00+00:00,4148.5,60.064,4.235091441700241
2026-07-22 16:45:00+00:00,4148.5,60.066,4.235058144438939
2026-07-22 17:00:00+00:00,4146.8,59.906,4.237315564399019
2026-07-22 17:15:00+00:00,4147.7,59.936,4.23703191646066
2026-07-22 17:30:00+00:00,4142.2,59.907,4.236188966912686
2026-07-22 17:45:00+00:00,4143.9,59.983,4.235331463631729
2026-07-22 18:00:00+00:00,4139.7,59.931,4.2351846999609135
2026-07-22 18:15:00+00:00,4136.9,59.899,4.23504218357264
2026-07-22 18:30:00+00:00,4136.9,59.867,4.235576558950652
2026-07-22 18:45:00+00:00,4137.6,59.909,4.235044444325236
2026-07-22 19:00:00+00:00,4136.0,59.861,4.235459208256741
2026-07-22 19:15:00+00:00,4135.2,59.898,4.234647858299486
2026-07-22 19:30:00+00:00,4135.8,59.764,4.237032586130823
2026-07-22 19:45:00+00:00,4132.7,59.669,4.237873602825022
2026-07-22 20:00:00+00:00,4136.6,59.72,4.237962500694234
2026-07-22 20:15:00+00:00,4138.7,59.884,4.2357276502585774
2026-07-22 20:30:00+00:00,4132.4,59.735,4.236695517706103
2026-07-22 20:45:00+00:00,4132.0,59.74,4.236515017451565
2026-07-22 21:00:00+00:00,4134.3,59.815,4.235816840926342
2026-07-22 21:15:00+00:00,4134.6,59.803,4.236090040668884
2026-07-22 21:30:00+00:00,4135.4,59.803,4.236283511044336
2026-07-22 21:45:00+00:00,4134.0,59.764,4.236597267252875
2026-07-22 22:00:00+00:00,4122.4,59.575,4.236954774029209
2026-07-22 22:15:00+00:00,4127.6,59.629,4.237309370329338
2026-07-22 22:30:00+00:00,4122.1,59.387,4.240042674026616
2026-07-22 22:45:00+00:00,4121.7,59.391,4.239878278860508
2026-07-22 23:00:00+00:00,4123.8,59.511,4.238369177941533
2026-07-22 23:15:00+00:00,4121.0,59.472,4.238345517783921
2026-07-22 23:30:00+00:00,4124.3,59.587,4.237214157924792
2026-07-22 23:45:00+00:00,4133.7,59.747,4.236809188321892
2026-07-23 00:00:00+00:00,4127.5,59.69,4.236262673613725
2026-07-23 00:15:00+00:00,4131.6,59.752,4.236217357077713
2026-07-23 00:30:00+00:00,4129.7,59.727,4.236175864625771
2026-07-23 00:45:00+00:00,4133.3,59.867,4.234705963263152
2026-07-23 01:00:00+00:00,4136.5,59.842,4.235897543062641
2026-07-23 01:15:00+00:00,4138.8,59.965,4.234400111047111
2026-07-23 01:30:00+00:00,4124.6,59.595,4.237152646435275
2026-07-23 01:45:00+00:00,4118.7,59.517,4.237030872542924
2026-07-23 02:00:00+00:00,4118.1,59.586,4.235726523776448
2026-07-23 02:15:00+00:00,4117.0,59.489,4.237088600259195
2026-07-23 02:30:00+00:00,4122.4,59.642,4.2358307731391704
2026-07-23 02:45:00+00:00,4128.6,59.846,4.233919049417026
2026-07-23 03:00:00+00:00,4127.5,59.771,4.234906582296674
2026-07-23 03:15:00+00:00,4132.7,59.875,4.234427169647215
2026-07-23 03:30:00+00:00,4129.9,59.837,4.23438427386723
2026-07-23 03:45:00+00:00,4126.2,59.751,4.234926238480604
2026-07-23 04:00:00+00:00,4128.4,59.875,4.233386145960699
2026-07-23 04:15:00+00:00,4130.2,59.895,4.233488081749397
2026-07-23 04:30:00+00:00,4124.5,59.723,4.234982873464176
2026-07-23 04:45:00+00:00,4121.9,59.638,4.23577654629453
2026-07-23 05:00:00+00:00,4125.6,59.717,4.235350005754879
2026-07-23 05:15:00+00:00,4124.8,59.729,4.234955148146495
2026-07-23 05:30:00+00:00,4128.1,59.766,4.235135594283101
2026-07-23 05:45:00+00:00,4123.6,59.618,4.236524305324981
2026-07-23 06:00:00+00:00,4124.2,59.557,4.237693503394357
2026-07-23 06:15:00+00:00,4122.4,59.513,4.237996020932368
2026-07-23 06:30:00+00:00,4120.6,59.56,4.23676985499255
2026-07-23 06:45:00+00:00,4120.2,59.457,4.238403622644365
2026-07-23 07:00:00+00:00,4107.2,59.047,4.2421630731671405
2026-07-23 07:15:00+00:00,4109.9,59.127,4.241466303415569
2026-07-23 07:30:00+00:00,4096.5,58.821,4.243389295580475
2026-07-23 07:45:00+00:00,4096.7,58.938,4.241451006634581
2026-07-23 08:00:00+00:00,4092.7,58.83,4.242308249058765
2026-07-23 08:15:00+00:00,4093.6,58.893,4.241457819396876
2026-07-23 08:30:00+00:00,4093.4,58.794,4.243091390663612
2026-07-23 08:45:00+00:00,4095.7,58.872,4.2423273262252055
2026-07-23 09:00:00+00:00,4097.8,58.907,4.242245594216276
2026-07-23 09:15:00+00:00,4094.0,58.85,4.242285932514949
2026-07-23 09:30:00+00:00,4094.6,58.875,4.242007759081896
2026-07-23 09:45:00+00:00,4090.8,58.737,4.243425976988612
2026-07-23 10:00:00+00:00,4091.9,58.716,4.2440524267502555
2026-07-23 10:15:00+00:00,4091.6,58.722,4.243876926911115
2026-07-23 10:30:00+00:00,4091.1,58.727,4.243669574521298
2026-07-23 10:45:00+00:00,4094.6,58.756,4.24403103594931
2026-07-23 11:00:00+00:00,4089.8,58.61,4.2453460175973765
2026-07-23 11:15:00+00:00,4085.9,58.463,4.246903225758714
2026-07-23 11:30:00+00:00,4079.6,58.28,4.248495242049359
2026-07-23 11:45:00+00:00,4087.9,58.544,4.246008061467964
2026-07-23 12:00:00+00:00,4083.4,58.444,4.2466162228922615
2026-07-23 12:15:00+00:00,4077.8,58.23,4.248912220433845
2026-07-23 12:30:00+00:00,4071.3,58.05,4.250412929611534
2026-07-23 12:45:00+00:00,4064.8,57.691,4.2550186381342625
2026-07-23 13:00:00+00:00,4044.8,57.133,4.259805501339651
2026-07-23 13:15:00+00:00,4061.2,57.646,4.254912915334287
2026-07-23 13:30:00+00:00,4060.1,57.94,4.249554890493119
2026-07-23 13:45:00+00:00,4046.9,57.642,4.251454966253442
2026-07-23 14:00:00+00:00,4051.4,57.791,4.249984725167893
2026-07-23 14:15:00+00:00,4059.1,57.967,4.248842670038547
2026-07-23 14:30:00+00:00,4059.4,57.879,4.2504358339345805
2026-07-23 14:45:00+00:00,4060.3,57.808,4.251884967086258
2026-07-23 15:00:00+00:00,4053.0,57.513,4.255201617422286
2026-07-23 15:15:00+00:00,4049.7,57.441,4.255639749223714
2026-07-23 15:30:00+00:00,4051.3,57.538,4.254347497158996
2026-07-23 15:45:00+00:00,4051.5,57.605,4.253233092410763
2026-07-23 16:00:00+00:00,4052.4,57.766,4.250664209873566
2026-07-23 16:15:00+00:00,4053.3,57.79,4.250470892804336
2026-07-23 16:30:00+00:00,4052.6,57.703,4.251804764201177
2026-07-23 16:45:00+00:00,4053.7,57.832,4.249843067589062
2026-07-23 17:00:00+00:00,4048.8,57.754,4.249983208827346
2026-07-23 17:15:00+00:00,4049.0,57.742,4.250240404364695
2026-07-23 17:30:00+00:00,4044.6,57.555,4.252396924720423
2026-07-23 17:45:00+00:00,4044.1,57.505,4.253142407282173
2026-07-23 18:00:00+00:00,4043.7,57.464,4.253756728639833
2026-07-23 18:15:00+00:00,4046.6,57.511,4.253656067490307
2026-07-23 18:30:00+00:00,4048.0,57.52,4.253845497554511
2026-07-23 18:45:00+00:00,4048.0,57.585,4.252716093846431
2026-07-23 19:00:00+00:00,4045.3,57.481,4.253856533963952
2026-07-23 19:15:00+00:00,4049.8,57.625,4.252466274848357
2026-07-23 19:30:00+00:00,4048.1,57.513,4.253991905013464
2026-07-23 19:45:00+00:00,4052.2,57.605,4.253405853002034
2026-07-23 20:00:00+00:00,4051.7,57.645,4.252588312430405
2026-07-23 20:15:00+00:00,4052.2,57.646,4.25269436239927
2026-07-23 20:30:00+00:00,4051.5,57.654,4.252382833377594
2026-07-23 20:45:00+00:00,4051.2,57.672,4.251996625407525
2026-07-23 21:00:00+00:00,4050.7,57.696,4.251457137650824
2026-07-23 21:15:00+00:00,4049.7,57.707,4.251019599969456
2026-07-23 21:30:00+00:00,4050.4,57.707,4.251192437342264
2026-07-23 21:45:00+00:00,4050.9,57.627,4.252703149762222
2026-07-23 22:00:00+00:00,4050.4,57.582,4.253360901792154
2026-07-23 22:15:00+00:00,4051.5,57.681,4.251914632042471
2026-07-23 22:30:00+00:00,4051.5,57.653,4.252400178378331
2026-07-23 22:45:00+00:00,4051.5,57.667,4.252157375740996
2026-07-23 23:00:00+00:00,4049.5,57.579,4.253190777797194
2026-07-23 23:15:00+00:00,4051.1,57.602,4.253186438839647
2026-07-23 23:30:00+00:00,4050.4,57.618,4.252735901771809
2026-07-23 23:45:00+00:00,4049.0,57.536,4.253814377183006
2026-07-24 00:00:00+00:00,4043.6,57.39,4.2550205911596315
2026-07-24 00:15:00+00:00,4047.5,57.631,4.251794068180188
2026-07-24 00:30:00+00:00,4050.7,57.704,4.25131848947036
2026-07-24 00:45:00+00:00,4051.6,57.843,4.249134700087273
2026-07-24 01:00:00+00:00,4044.1,57.487,4.253455472541443
2026-07-24 01:15:00+00:00,4045.0,57.5,4.253451881689287
2026-07-24 01:30:00+00:00,4052.4,57.776,4.25049111264442
2026-07-24 01:45:00+00:00,4045.6,57.667,4.250700063605989
2026-07-24 02:00:00+00:00,4047.2,57.667,4.251095476817942
2026-07-24 02:15:00+00:00,4048.3,57.712,4.250587194731995
2026-07-24 02:30:00+00:00,4043.5,57.537,4.252437713415068
2026-07-24 02:45:00+00:00,4024.1,57.207,4.253380293844829
2026-07-24 03:00:00+00:00,4032.3,57.377,4.252448685584243
2026-07-24 03:15:00+00:00,4030.8,57.306,4.253314816125592
2026-07-24 03:30:00+00:00,4032.2,57.384,4.252301892871477
2026-07-24 03:45:00+00:00,4030.4,57.3,4.253320281877651
2026-07-24 04:00:00+00:00,4029.8,57.25,4.254044383483317
2026-07-24 04:15:00+00:00,4031.1,57.418,4.251436727532486
2026-07-24 04:30:00+00:00,4028.2,57.312,4.25256487916048
2026-07-24 04:45:00+00:00,4028.9,57.323,4.252546725485356
2026-07-24 05:00:00+00:00,4030.1,57.459,4.250474818540017
2026-07-24 05:15:00+00:00,4027.3,57.445,4.2500234869156275
2026-07-24 05:30:00+00:00,4026.3,57.426,4.250105956630046
2026-07-24 05:45:00+00:00,4025.1,57.354,4.251062445954855
2026-07-24 06:00:00+00:00,4032.2,57.466,4.250873943129493
2026-07-24 06:15:00+00:00,4037.7,57.68,4.248520008931086
2026-07-24 06:30:00+00:00,4035.1,57.593,4.249385331005443
2026-07-24 06:45:00+00:00,4038.5,57.731,4.24783432394325
2026-07-24 07:00:00+00:00,4048.4,58.211,4.242002679999827
2026-07-24 07:15:00+00:00,4050.7,58.268,4.24159192708503
2026-07-24 07:30:00+00:00,4050.0,58.214,4.242346284462485
2026-07-24 07:45:00+00:00,4049.9,58.183,4.242854252588673
2026-07-24 08:00:00+00:00,4048.5,58.14,4.243247825995439
2026-07-24 08:15:00+00:00,4052.6,58.273,4.2419750651326735
2026-07-24 08:30:00+00:00,4056.5,58.29,4.242645259777661
2026-07-24 08:45:00+00:00,4059.0,58.306,4.242986912825962
2026-07-24 09:00:00+00:00,4055.4,58.379,4.24084836920892
2026-07-24 09:15:00+00:00,4055.0,58.321,4.241743732219709
2026-07-24 09:30:00+00:00,4056.2,58.375,4.24111413773097
2026-07-24 09:45:00+00:00,4060.5,58.451,4.240872601310876
2026-07-24 10:00:00+00:00,4059.1,58.462,4.240339582620905
2026-07-24 10:15:00+00:00,4063.9,58.567,4.239726984627985
2026-07-24 10:30:00+00:00,4059.4,58.437,4.240841207560957
2026-07-24 10:45:00+00:00,4059.9,58.379,4.241957385625127
2026-07-24 11:00:00+00:00,4062.0,58.414,4.241875155008444
2026-07-24 11:15:00+00:00,4061.1,58.387,4.242115889545062
2026-07-24 11:30:00+00:00,4057.0,58.315,4.242339713063434
2026-07-24 11:45:00+00:00,4060.1,58.464,4.240551702638727
2026-07-24 12:00:00+00:00,4058.1,58.511,4.239255392013625
2026-07-24 12:15:00+00:00,4060.9,58.6,4.238425206323414
2026-07-24 12:30:00+00:00,4056.1,58.471,4.239446294970358
2026-07-24 12:45:00+00:00,4056.5,58.415,4.240503105666008
2026-07-24 13:00:00+00:00,4049.6,57.954,4.246723797365646
2026-07-24 13:15:00+00:00,4048.7,57.907,4.247312845547164
2026-07-24 13:30:00+00:00,4052.9,58.02,4.246400174548997
2026-07-24 13:45:00+00:00,4069.6,58.364,4.244600732106779
2026-07-24 14:00:00+00:00,4062.5,58.344,4.243197300956061
2026-07-24 14:15:00+00:00,4067.6,58.518,4.241474024699049
2026-07-24 14:30:00+00:00,4062.5,58.458,4.241245278966733
2026-07-24 14:45:00+00:00,4066.8,58.512,4.241379866993981
2026-07-24 15:00:00+00:00,4077.5,58.841,4.238400443665017
2026-07-24 15:15:00+00:00,4076.0,58.829,4.238236463740926
2026-07-24 15:30:00+00:00,4074.3,58.766,4.238890775406254
2026-07-24 15:45:00+00:00,4078.7,58.898,4.237726454951073
2026-07-24 16:00:00+00:00,4075.7,58.817,4.238366861298755
2026-07-24 16:15:00+00:00,4075.6,58.768,4.239175765022819
2026-07-24 16:30:00+00:00,4069.1,58.649,4.239606599106872
2026-07-24 16:45:00+00:00,4067.1,58.635,4.239353705840426
2026-07-24 17:00:00+00:00,4064.9,58.539,4.2404512226523465
2026-07-24 17:15:00+00:00,4069.5,58.701,4.238818658303025
2026-07-24 17:30:00+00:00,4068.0,58.685,4.238722599616363
2026-07-24 17:45:00+00:00,4065.1,58.556,4.240210060616167
2026-07-24 18:00:00+00:00,4062.5,58.545,4.239758137337305
2026-07-24 18:15:00+00:00,4056.4,58.355,4.241506114873524
2026-07-24 18:30:00+00:00,4053.3,58.214,4.243160767495923
2026-07-24 18:45:00+00:00,4056.2,58.315,4.242142503577019
2026-07-24 19:00:00+00:00,4055.0,58.21,4.243648805265869
2026-07-24 19:15:00+00:00,4052.4,58.156,4.243935522110343
2026-07-24 19:30:00+00:00,4058.2,58.308,4.242755499321758
2026-07-24 19:45:00+00:00,4054.8,58.227,4.243307478821545
2026-07-24 20:00:00+00:00,4053.9,58.147,4.244460372791995
2026-07-24 20:15:00+00:00,4055.4,58.203,4.243867705533688
2026-07-24 20:30:00+00:00,4056.2,58.279,4.242760031085193
2026-07-24 20:45:00+00:00,4053.9,58.232,4.242999627896193
2026-07-24 21:00:00+00:00,4055.9,58.261,4.242994974315465
2026-07-24 21:15:00+00:00,4055.9,58.28,4.242668908807732
2026-07-24 21:30:00+00:00,4057.1,58.303,4.242570161649393
2026-07-24 21:45:00+00:00,4058.1,58.308,4.242730857551492
2026-07-24 22:00:00+00:00,4057.8,58.302,4.242759835723592
2026-07-24 22:15:00+00:00,4058.0,58.301,4.242826274517756
2026-07-24 22:30:00+00:00,4058.0,58.292,4.24298065771431
2026-07-24 22:45:00+00:00,4058.1,58.333,4.242302191809895
2026-07-24 23:00:00+00:00,4058.1,58.314,4.242627961013869
2026-07-24 23:15:00+00:00,4058.1,58.316,4.242593664520682
2026-07-24 23:30:00+00:00,4058.1,58.31,4.242696557529193
2026-07-24 23:45:00+00:00,4058.6,58.302,4.242956967457512
2026-07-25 00:00:00+00:00,4059.8,58.344,4.242532464616736
2026-07-25 00:15:00+00:00,4059.9,58.341,4.242608516559715
2026-07-25 00:30:00+00:00,4059.7,58.366,4.242130829726124
2026-07-25 00:45:00+00:00,4059.0,58.339,4.242421093444412
2026-07-25 01:00:00+00:00,4057.9,58.335,4.24221862112518
2026-07-25 01:15:00+00:00,4057.7,58.33,4.24225504884403
2026-07-25 01:30:00+00:00,4057.8,58.342,4.242073988160615
2026-07-25 01:45:00+00:00,4057.4,58.345,4.241923988109159
2026-07-25 02:00:00+00:00,4057.4,58.34,4.242009688927654
2026-07-25 02:15:00+00:00,4056.8,58.341,4.241844659289955
2026-07-25 02:30:00+00:00,4056.7,58.338,4.241871432150998
2026-07-25 02:45:00+00:00,4056.8,58.34,4.241861800041234
2026-07-25 03:00:00+00:00,4056.6,58.346,4.241709658784238
2026-07-25 03:15:00+00:00,4055.4,58.345,4.241430940076293
2026-07-25 03:30:00+00:00,4055.4,58.343,4.241465219522341
2026-07-25 03:45:00+00:00,4055.1,58.342,4.241408381509558
2026-07-25 04:00:00+00:00,4055.1,58.341,4.241425521967037
2026-07-25 04:15:00+00:00,4055.1,58.338,4.241476945102317
2026-07-25 04:30:00+00:00,4055.0,58.342,4.2413837209011795
2026-07-25 04:45:00+00:00,4055.1,58.341,4.241425521967037
2026-07-25 05:00:00+00:00,4055.3,58.341,4.241474841359432
2026-07-25 05:15:00+00:00,4055.4,58.317,4.241910959286278
2026-07-25 05:30:00+00:00,4055.4,58.299,4.242219664783687
2026-07-25 05:45:00+00:00,4055.4,58.295,4.2422882789491085
2026-07-25 06:00:00+00:00,4055.4,58.289,4.242391209025368
2026-07-25 06:15:00+00:00,4055.4,58.288,4.242408365068155
2026-07-25 06:30:00+00:00,4055.4,58.287,4.242425521405278
2026-07-25 06:45:00+00:00,4055.3,58.3,4.24217785319384
2026-07-25 07:00:00+00:00,4055.3,58.325,4.241749128642793
2026-07-25 07:15:00+00:00,4055.4,58.326,4.241756642267377
2026-07-25 07:30:00+00:00,4055.4,58.322,4.241825224669159
2026-07-25 07:45:00+00:00,4055.2,58.326,4.241707324091153
2026-07-25 08:00:00+00:00,4055.3,58.337,4.241543406127453
2026-07-25 08:15:00+00:00,4054.8,58.337,4.24142010308541
2026-07-25 08:30:00+00:00,4055.0,58.332,4.241555138698194
2026-07-25 08:45:00+00:00,4055.2,58.328,4.241673034654011
2026-07-25 09:00:00+00:00,4055.2,58.331,4.2416216027027565
2026-07-25 09:15:00+00:00,4055.1,58.329,4.241631230376093
2026-07-25 09:30:00+00:00,4055.1,58.332,4.241579799306573
2026-07-25 09:45:00+00:00,4054.2,58.307,4.241786505026761
2026-07-25 10:00:00+00:00,4053.5,58.297,4.241785350371309
2026-07-25 10:15:00+00:00,4054.2,58.293,4.242026642249185
2026-07-25 10:30:00+00:00,4054.1,58.302,4.241847595617923
2026-07-25 10:45:00+00:00,4055.6,58.303,4.242200371069908
2026-07-25 11:00:00+00:00,4055.8,58.305,4.2422153814182675
2026-07-25 11:15:00+00:00,4056.0,58.295,4.242436218885764
2026-07-25 11:30:00+00:00,4055.3,58.277,4.242572442183065
2026-07-25 11:45:00+00:00,4055.4,58.271,4.24270006283702
2026-07-25 12:00:00+00:00,4055.9,58.269,4.242857670616631
2026-07-25 12:15:00+00:00,4055.7,58.271,4.242774035541126
2026-07-25 12:30:00+00:00,4055.6,58.275,4.242680736156604
2026-07-25 12:45:00+00:00,4055.9,58.281,4.242651750409983
2026-07-25 13:00:00+00:00,4055.9,58.296,4.242394409766756
2026-07-25 13:15:00+00:00,4056.1,58.285,4.242632429427645
2026-07-25 13:30:00+00:00,4056.0,58.376,4.2410476988077
2026-07-25 13:45:00+00:00,4057.2,58.343,4.241908973689817
2026-07-25 14:00:00+00:00,4057.0,58.341,4.241893958015592
2026-07-25 14:15:00+00:00,4057.0,58.324,4.242185390752408
2026-07-25 14:30:00+00:00,4058.4,58.444,4.2404750554426425
2026-07-25 14:45:00+00:00,4058.3,58.409,4.241049458147028
2026-07-25 15:00:00+00:00,4059.1,58.428,4.24092132615686
2026-07-25 15:15:00+00:00,4058.2,58.407,4.2410590588686405
2026-07-25 15:30:00+00:00,4058.5,58.404,4.241184345561913
2026-07-25 15:45:00+00:00,4058.5,58.367,4.241818064571569
2026-07-25 16:00:00+00:00,4059.0,58.375,4.2418042008498364
2026-07-25 16:15:00+00:00,4057.8,58.367,4.241645572179288
2026-07-25 16:30:00+00:00,4058.6,58.359,4.241979777059079
2026-07-25 16:45:00+00:00,4058.6,58.375,4.241705649553807
2026-07-25 17:00:00+00:00,4058.6,58.383,4.241568613975731
2026-07-25 17:15:00+00:00,4058.4,58.404,4.241159705613162
2026-07-25 17:30:00+00:00,4058.4,58.43,4.240714629686135
2026-07-25 17:45:00+00:00,4059.3,58.437,4.240816573075139
2026-07-25 18:00:00+00:00,4060.2,58.408,4.24153464571245
2026-07-25 18:15:00+00:00,4060.6,58.456,4.240811690439224
2026-07-25 18:30:00+00:00,4060.9,58.452,4.240953998293975
2026-07-25 18:45:00+00:00,4061.0,58.456,4.240910193197381
2026-07-25 19:00:00+00:00,4061.4,58.451,4.241094224331027
2026-07-25 19:15:00+00:00,4059.1,58.448,4.240579083092497
2026-07-25 19:30:00+00:00,4059.9,58.429,4.2411012798266565
2026-07-25 19:45:00+00:00,4059.9,58.433,4.241032823014321
2026-07-25 20:00:00+00:00,4059.8,58.425,4.241145109873746
2026-07-25 20:15:00+00:00,4058.7,58.418,4.240993942754934
2026-07-25 20:30:00+00:00,4057.9,58.41,4.240933769348783
2026-07-25 20:45:00+00:00,4058.8,58.421,4.240967228166295
2026-07-25 21:00:00+00:00,4058.9,58.408,4.241214413171624
2026-07-25 21:15:00+00:00,4059.0,58.45,4.24052022892082
2026-07-25 21:30:00+00:00,4060.1,58.481,4.2402609676758
2026-07-25 21:45:00+00:00,4060.2,58.438,4.2410211493042
2026-07-25 22:00:00+00:00,4061.0,58.467,4.240722035178301
2026-07-25 22:15:00+00:00,4061.2,58.461,4.24087391017696
2026-07-25 22:30:00+00:00,4060.7,58.461,4.240750786277225
2026-07-25 22:45:00+00:00,4060.2,58.465,4.240559227873953
2026-07-25 23:00:00+00:00,4059.7,58.465,4.24043607364776
2026-07-25 23:15:00+00:00,4059.4,58.446,4.240687207406653
2026-07-25 23:30:00+00:00,4059.4,58.444,4.240721427613688
2026-07-25 23:45:00+00:00,4059.4,58.449,4.240635879291666
2026-07-26 00:00:00+00:00,4059.2,58.46,4.2403984291619174
2026-07-26 00:15:00+00:00,4058.5,58.455,4.240311498742448
2026-07-26 00:30:00+00:00,4058.5,58.45,4.240397038283153
2026-07-26 00:45:00+00:00,4058.5,58.446,4.240465475184357
2026-07-26 01:00:00+00:00,4058.6,58.437,4.2406441146803
2026-07-26 01:15:00+00:00,4058.6,58.438,4.240627002380833
2026-07-26 01:30:00+00:00,4058.6,58.441,4.2405756672393515
2026-07-26 01:45:00+00:00,4058.6,58.44,4.240592778660369
2026-07-26 02:00:00+00:00,4059.3,58.431,4.240919253021836
2026-07-26 02:15:00+00:00,4059.0,58.414,4.241136329707012
2026-07-26 02:30:00+00:00,4059.0,58.417,4.241084973474494
2026-07-26 02:45:00+00:00,4059.1,58.42,4.241058256185829
2026-07-26 03:00:00+00:00,4059.1,58.418,4.241092491622934
2026-07-26 03:15:00+00:00,4059.4,58.445,4.240704317363793
2026-07-26 03:30:00+00:00,4059.3,58.465,4.240337539345426
2026-07-26 03:45:00+00:00,4059.5,58.484,4.2400618797473095
2026-07-26 04:00:00+00:00,4059.5,58.48,4.240130276860978
2026-07-26 04:15:00+00:00,4059.5,58.491,4.23994219605407
2026-07-26 04:30:00+00:00,4059.5,58.492,4.239925099552869
2026-07-26 04:45:00+00:00,4059.5,58.53,4.239275648999372
2026-07-26 05:00:00+00:00,4061.8,58.514,4.240115462253446
2026-07-26 05:15:00+00:00,4061.7,58.454,4.241116764033182
2026-07-26 05:30:00+00:00,4061.0,58.451,4.240995731274708
2026-07-26 05:45:00+00:00,4061.8,58.505,4.240269283428088
2026-07-26 06:00:00+00:00,4061.5,58.475,4.240708330020766
2026-07-26 06:15:00+00:00,4060.1,58.472,4.240414875656233
2026-07-26 06:30:00+00:00,4060.2,58.484,4.240234299911044
2026-07-26 06:45:00+00:00,4060.6,58.485,4.240315713825471
2026-07-26 07:00:00+00:00,4061.6,58.547,4.239502413160082
2026-07-26 07:15:00+00:00,4063.0,58.539,4.239983697206755
2026-07-26 07:30:00+00:00,4062.2,58.554,4.239530572370006
2026-07-26 07:45:00+00:00,4062.8,58.577,4.239285541994892
2026-07-26 08:00:00+00:00,4063.0,58.646,4.23815752440757
2026-07-26 08:15:00+00:00,4063.6,58.626,4.238646275027128
2026-07-26 08:30:00+00:00,4063.5,58.634,4.23848521708585
2026-07-26 08:45:00+00:00,4063.5,58.635,4.238468162280232
2026-07-26 09:00:00+00:00,4063.6,58.669,4.237913080910989
2026-07-26 09:15:00+00:00,4063.7,58.703,4.2373583347824315
2026-07-26 09:30:00+00:00,4063.9,58.645,4.238396062682897
2026-07-26 09:45:00+00:00,4064.0,58.656,4.238233117601023
2026-07-26 10:00:00+00:00,4065.3,58.705,4.237717917914603
2026-07-26 10:15:00+00:00,4065.6,58.849,4.235341771357427
2026-07-26 10:30:00+00:00,4067.3,58.892,4.235029409629137
2026-07-26 10:45:00+00:00,4065.9,58.96,4.233531151808998
2026-07-26 11:00:00+00:00,4066.4,58.921,4.23431580251664
2026-07-26 11:15:00+00:00,4064.9,58.883,4.234591997223703
2026-07-26 11:30:00+00:00,4065.2,58.934,4.233800047574966
2026-07-26 11:45:00+00:00,4064.8,58.893,4.234397582185516
2026-07-26 12:00:00+00:00,4064.6,58.935,4.233635474477674
2026-07-26 12:15:00+00:00,4065.6,58.902,4.23444156662746
2026-07-26 12:30:00+00:00,4064.1,58.928,4.233631235552091
2026-07-26 12:45:00+00:00,4063.9,58.951,4.2331917922884506
2026-07-26 13:00:00+00:00,4064.6,58.952,4.233347062691508
2026-07-26 13:15:00+00:00,4065.2,58.993,4.232799428464452
2026-07-26 13:30:00+00:00,4065.6,58.965,4.233372565023966
2026-07-26 13:45:00+00:00,4065.6,59.034,4.232203063454216
2026-07-26 14:00:00+00:00,4065.5,58.996,4.232822370650636
2026-07-26 14:15:00+00:00,4065.6,58.97,4.233287772553487
2026-07-26 14:30:00+00:00,4065.4,58.987,4.232950337480393
2026-07-26 14:45:00+00:00,4065.6,58.914,4.234237859150691
2026-07-26 15:00:00+00:00,4065.2,58.951,4.233511630895697
2026-07-26 15:15:00+00:00,4065.8,58.987,4.233048723942495
2026-07-26 15:30:00+00:00,4066.5,58.946,4.2339161870393
2026-07-26 15:45:00+00:00,4066.8,58.92,4.234431136806577
2026-07-26 16:00:00+00:00,4067.6,58.993,4.233389631117824
2026-07-26 16:15:00+00:00,4071.1,59.093,4.232556038109805
2026-07-26 16:30:00+00:00,4070.7,59.121,4.231984062573462
2026-07-26 16:45:00+00:00,4069.1,59.02,4.233300754247825
2026-07-26 17:00:00+00:00,4069.2,59.034,4.23308814980791
2026-07-26 17:15:00+00:00,4067.6,58.989,4.2334574380714525
2026-07-26 17:30:00+00:00,4068.3,59.124,4.231343567412183
2026-07-26 17:45:00+00:00,4069.2,59.088,4.232173840809386
2026-07-26 18:00:00+00:00,4069.1,59.124,4.231540190412792
2026-07-26 18:15:00+00:00,4069.1,59.162,4.230897679865351
2026-07-26 18:30:00+00:00,4068.6,59.14,4.23114672449352
2026-07-26 18:45:00+00:00,4068.6,59.127,4.231366566039385
2026-07-26 19:00:00+00:00,4068.6,59.062,4.232466499308189
2026-07-26 19:15:00+00:00,4068.5,59.07,4.232306478817568
2026-07-26 19:30:00+00:00,4068.2,59.037,4.232791554175324
2026-07-26 19:45:00+00:00,4066.9,59.045,4.232336452403174
2026-07-26 20:00:00+00:00,4067.5,59.085,4.231806754002214
2026-07-26 20:15:00+00:00,4067.3,59.016,4.232926074050297
2026-07-26 20:30:00+00:00,4067.6,59.007,4.233152342981117
2026-07-26 20:45:00+00:00,4068.1,58.997,4.233444743815228
2026-07-26 21:00:00+00:00,4070.4,59.001,4.233942160791122
2026-07-26 21:15:00+00:00,4073.2,59.146,4.232175246842776
2026-07-26 21:30:00+00:00,4074.5,59.058,4.233983306885145
2026-07-26 21:45:00+00:00,4074.4,59.131,4.2327234539916025
2026-07-26 22:00:00+00:00,4087.5,59.512,4.2295108423164685
2026-07-26 22:15:00+00:00,4086.7,59.658,4.226864822169688
2026-07-26 22:30:00+00:00,4091.6,59.854,4.224783107061102
2026-07-26 22:45:00+00:00,4090.3,59.693,4.227158835387575
2026-07-26 23:00:00+00:00,4085.5,59.497,4.229273507712385
2026-07-26 23:15:00+00:00,4084.3,59.338,4.231655723764918
2026-07-26 23:30:00+00:00,4088.8,59.503,4.229980076005472
2026-07-26 23:45:00+00:00,4095.1,59.66,4.228884636926823
2026-07-27 00:00:00+00:00,4115.5,60.088,4.226705458028988
2026-07-27 00:15:00+00:00,4094.4,59.673,4.228495808614491
2026-07-27 00:30:00+00:00,4100.0,59.65,4.230248104148474
2026-07-27 00:45:00+00:00,4099.9,59.601,4.231045509697013
2026-07-27 01:00:00+00:00,4108.3,59.75,4.230595405807982
2026-07-27 01:15:00+00:00,4099.2,59.588,4.231092900185068
2026-07-27 01:30:00+00:00,4102.8,59.733,4.2295403149332484
2026-07-27 01:45:00+00:00,4109.2,59.819,4.229660305097152
2026-07-27 02:00:00+00:00,4105.2,59.647,4.231565887870427
2026-07-27 02:15:00+00:00,4103.7,59.611,4.23180416396361
2026-07-27 02:30:00+00:00,4096.1,59.468,4.232352227732721
2026-07-27 02:45:00+00:00,4095.5,59.354,4.23412457337239
2026-07-27 03:00:00+00:00,4091.2,59.405,4.232215206626671
2026-07-27 03:15:00+00:00,4086.1,59.304,4.23266949153669
2026-07-27 03:30:00+00:00,4090.1,59.418,4.231727487848484
2026-07-27 03:45:00+00:00,4090.9,59.326,4.233472615249592
2026-07-27 04:00:00+00:00,4091.0,59.245,4.234863329660695
2026-07-27 04:15:00+00:00,4089.2,59.22,4.2348453082094135
2026-07-27 04:30:00+00:00,4091.6,59.3,4.234082064579173
2026-07-27 04:45:00+00:00,4091.5,59.315,4.23380470485437
2026-07-27 05:00:00+00:00,4095.2,59.425,4.2328558218971155
2026-07-27 05:15:00+00:00,4088.4,59.272,4.233771955340566
2026-07-27 05:30:00+00:00,4088.8,59.336,4.232790603019813
2026-07-27 05:45:00+00:00,4093.5,59.41,4.232693066448853
2026-07-27 06:00:00+00:00,4095.1,59.478,4.231939919734611
2026-07-27 06:15:00+00:00,4095.9,59.551,4.2309086640872495
2026-07-27 06:30:00+00:00,4098.3,59.498,4.23238483402029
2026-07-27 06:45:00+00:00,4097.0,59.443,4.232992407347732
2026-07-27 07:00:00+00:00,4102.2,59.653,4.230734253490509
2026-07-27 07:15:00+00:00,4105.5,59.712,4.230549811923964
2026-07-27 07:30:00+00:00,4097.9,59.529,4.231766337582494
2026-07-27 07:45:00+00:00,4090.1,59.214,4.235166698197779
2026-07-27 08:00:00+00:00,4092.5,59.302,4.23426827699753
2026-07-27 08:15:00+00:00,4092.7,59.256,4.235093137224142
2026-07-27 08:30:00+00:00,4092.6,59.365,4.233230916770973
2026-07-27 08:45:00+00:00,4096.6,59.429,4.233130317648147
2026-07-27 09:00:00+00:00,4094.3,59.331,4.234219106496296
2026-07-27 09:15:00+00:00,4092.4,59.253,4.235070462359954
2026-07-27 09:30:00+00:00,4094.7,59.323,4.234451644376799
2026-07-27 09:45:00+00:00,4097.7,59.314,4.235335753847876
2026-07-27 10:00:00+00:00,4092.5,59.17,4.236496652556688
2026-07-27 10:15:00+00:00,4094.5,59.179,4.236833139481486
2026-07-27 10:30:00+00:00,4101.6,59.306,4.236421939145758
2026-07-27 10:45:00+00:00,4100.9,59.275,4.236774108846775
2026-07-27 11:00:00+00:00,4103.3,59.27,4.237443531200799
2026-07-27 11:15:00+00:00,4099.3,59.184,4.237920271318667
2026-07-27 11:30:00+00:00,4097.2,59.196,4.237205120522778
2026-07-27 11:45:00+00:00,4095.0,59.084,4.238561836108817
2026-07-27 12:00:00+00:00,4088.5,58.831,4.241264506739928
2026-07-27 12:15:00+00:00,4087.8,58.88,4.240260732587057
2026-07-27 12:30:00+00:00,4087.4,59.016,4.237855756492435
2026-07-27 12:45:00+00:00,4085.1,58.965,4.238157439256706
2026-07-27 13:00:00+00:00,4086.7,58.942,4.238939167848805
2026-07-27 13:15:00+00:00,4077.9,58.687,4.2411191917789335
2026-07-27 13:30:00+00:00,4087.9,58.975,4.238673044451075
2026-07-27 13:45:00+00:00,4074.2,58.566,4.242275363962574
2026-07-27 14:00:00+00:00,4076.8,58.697,4.240679027735146
2026-07-27 14:15:00+00:00,4069.3,58.407,4.243790527807762
2026-07-27 14:30:00+00:00,4068.6,58.425,4.24331035849293
2026-07-27 14:45:00+00:00,4077.4,58.7,4.240775082528987
2026-07-27 15:00:00+00:00,4076.2,58.65,4.2413328857527945
2026-07-27 15:15:00+00:00,4076.8,58.664,4.241241395146291
2026-07-27 15:30:00+00:00,4076.9,58.583,4.242647622573293
2026-07-27 15:45:00+00:00,4080.4,58.648,4.242396827887078
2026-07-27 16:00:00+00:00,4082.4,58.768,4.2408428406724505
2026-07-27 16:15:00+00:00,4085.8,58.874,4.239873259499224
2026-07-27 16:30:00+00:00,4089.4,58.846,4.241229677026458
2026-07-27 16:45:00+00:00,4083.5,58.663,4.242900538381495
2026-07-27 17:00:00+00:00,4075.1,58.504,4.243555437282516
2026-07-27 17:15:00+00:00,4076.9,58.438,4.245125811517309
2026-07-27 17:30:00+00:00,4075.3,58.465,4.244271358004791
2026-07-27 17:45:00+00:00,4077.4,58.529,4.243692451461288
2026-07-27 18:00:00+00:00,4078.4,58.41,4.2459729255696335
2026-07-27 18:15:00+00:00,4077.9,58.374,4.2464668437879665
2026-07-27 18:30:00+00:00,4077.6,58.326,4.247215895958845
2026-07-27 18:45:00+00:00,4079.4,58.396,4.246457803422736
2026-07-27 19:00:00+00:00,4081.7,58.457,4.245977406057018
2026-07-27 19:15:00+00:00,4086.7,58.625,4.244331850629235
2026-07-27 19:30:00+00:00,4088.2,58.611,4.244937662088269
2026-07-27 19:45:00+00:00,4085.1,58.565,4.244964238276801
2026-07-27 20:00:00+00:00,4083.4,58.559,4.244650460697581
2026-07-27 20:15:00+00:00,4080.1,58.43,4.246047320335423
2026-07-27 20:30:00+00:00,4078.5,58.492,4.244594559991002
2026-07-27 20:45:00+00:00,4078.1,58.459,4.2450608188346814
2026-07-27 21:00:00+00:00,4081.3,58.56,4.244118974445185
2026-07-27 21:15:00+00:00,4080.4,58.549,4.2440862913297925
2026-07-27 21:30:00+00:00,4080.5,58.524,4.244537882393382
2026-07-27 21:45:00+00:00,4077.6,58.513,4.2440149072535
2026-07-27 22:00:00+00:00,4077.6,58.466,4.24481847032942
2026-07-27 22:15:00+00:00,4073.0,58.396,4.244887713310679
2026-07-27 22:30:00+00:00,4074.7,58.419,4.2449112239454525
2026-07-27 22:45:00+00:00,4073.8,58.409,4.244861516230481
2026-07-27 23:00:00+00:00,4073.7,58.405,4.244905453765199
2026-07-27 23:15:00+00:00,4072.7,58.475,4.243462136683471
2026-07-27 23:30:00+00:00,4072.7,58.387,4.244968186838925
2026-07-27 23:45:00+00:00,4072.7,58.404,4.244677068514395
2026-07-28 00:00:00+00:00,4066.8,58.19,4.246898209732428
2026-07-28 00:15:00+00:00,4061.9,58.127,4.246775851505009
2026-07-28 00:30:00+00:00,4065.5,58.146,4.247334926667424
2026-07-28 00:45:00+00:00,4058.5,57.779,4.251943338339562
2026-07-28 01:00:00+00:00,4057.2,57.46,4.257159305950697
2026-07-28 01:15:00+00:00,4048.4,57.206,4.2594182323252054
2026-07-28 01:30:00+00:00,4049.4,57.368,4.256837344397142
2026-07-28 01:45:00+00:00,4045.3,57.257,4.257761086676797
2026-07-28 02:00:00+00:00,4047.0,57.325,4.256994316131897
2026-07-28 02:15:00+00:00,4047.3,57.286,4.257749005342891
2026-07-28 02:30:00+00:00,4043.6,57.188,4.258546577112985
2026-07-28 02:45:00+00:00,4042.6,57.258,4.257075957649726
2026-07-28 03:00:00+00:00,4046.8,57.347,4.256561192499482
2026-07-28 03:15:00+00:00,4048.0,57.316,4.257398394112945
2026-07-28 03:30:00+00:00,4048.7,57.448,4.255270930110683
2026-07-28 03:45:00+00:00,4050.1,57.383,4.256748758941829
2026-07-28 04:00:00+00:00,4045.1,57.249,4.2578513760329875
2026-07-28 04:15:00+00:00,4047.4,57.263,4.258175287744854
2026-07-28 04:30:00+00:00,4046.9,57.322,4.257021940722524
2026-07-28 04:45:00+00:00,4042.4,57.202,4.258004991168244
2026-07-28 05:00:00+00:00,4043.7,57.173,4.258833634438883
2026-07-28 05:15:00+00:00,4043.3,57.044,4.2609935693384005
2026-07-28 05:30:00+00:00,4041.4,56.979,4.261663666681187
2026-07-28 05:45:00+00:00,4046.0,57.112,4.260469765527532
2026-07-28 06:00:00+00:00,4044.8,57.27,4.257410458106718
2026-07-28 06:15:00+00:00,4047.6,57.408,4.255695725419274
2026-07-28 06:30:00+00:00,4051.9,57.479,4.255521522189372
2026-07-28 06:45:00+00:00,4050.1,57.431,4.255912623926997
2026-07-28 07:00:00+00:00,4050.1,57.351,4.257306570938792
2026-07-28 07:15:00+00:00,4051.3,57.482,4.255321240932684
2026-07-28 07:30:00+00:00,4049.3,57.426,4.255802143214119
2026-07-28 07:45:00+00:00,4047.8,57.48,4.2544917414212815
2026-07-28 08:00:00+00:00,4045.5,57.383,4.255612339035941
2026-07-28 08:15:00+00:00,4049.9,57.661,4.251866433332418
2026-07-28 08:30:00+00:00,4044.2,57.586,4.251759552298128
2026-07-28 08:45:00+00:00,4044.3,57.57,4.25206216267741
2026-07-28 09:00:00+00:00,4041.7,57.527,4.252166271716796
2026-07-28 09:15:00+00:00,4040.1,57.529,4.2517355546353315
2026-07-28 09:30:00+00:00,4033.6,57.328,4.253625395871057
2026-07-28 09:45:00+00:00,4023.1,57.211,4.253061841123388
2026-07-28 10:00:00+00:00,4023.6,57.309,4.251474623810559
2026-07-28 10:15:00+00:00,4018.2,57.147,4.252962424719389
2026-07-28 10:30:00+00:00,4022.8,57.198,4.253214523830829
2026-07-28 10:45:00+00:00,4027.9,57.203,4.254394082750918
2026-07-28 11:00:00+00:00,4025.0,57.146,4.25467079331244
2026-07-28 11:15:00+00:00,4028.5,57.292,4.252988379299632
2026-07-28 11:30:00+00:00,4028.5,57.335,4.252238119726983
2026-07-28 11:45:00+00:00,4027.8,57.389,4.2511229528427394
2026-07-28 12:00:00+00:00,4027.8,57.396,4.251000985686601
2026-07-28 12:15:00+00:00,4034.9,57.364,4.253319868382516
2026-07-28 12:30:00+00:00,4033.8,57.422,4.252036633547402
2026-07-28 12:45:00+00:00,4030.0,57.34,4.252523194485505
2026-07-28 13:00:00+00:00,4033.3,57.24,4.255087223731512
2026-07-28 13:15:00+00:00,4029.6,57.1,4.256618277769476
2026-07-28 13:30:00+00:00,4024.0,56.875,4.2591758345084605
2026-07-28 13:45:00+00:00,4023.6,56.854,4.259445724940764
2026-07-28 14:00:00+00:00,4026.7,57.093,4.256020943729128
2026-07-28 14:15:00+00:00,4023.4,57.0,4.256831327459921
2026-07-28 14:30:00+00:00,4024.6,57.011,4.256936574360296
2026-07-28 14:45:00+00:00,4028.3,57.035,4.257434615234649
2026-07-28 15:00:00+00:00,4034.4,57.277,4.254713723783383
2026-07-28 15:15:00+00:00,4037.0,57.23,4.25617888443193
2026-07-28 15:30:00+00:00,4042.5,57.37,4.255097072837482
2026-07-28 15:45:00+00:00,4047.1,57.463,4.254614591810622
2026-07-28 16:00:00+00:00,4045.4,57.534,4.252959634719396
2026-07-28 16:15:00+00:00,4043.1,57.453,4.253799781190691
2026-07-28 16:30:00+00:00,4041.1,57.374,4.254680972087281
2026-07-28 16:45:00+00:00,4038.7,57.349,4.2545227303622575
2026-07-28 17:00:00+00:00,4037.2,57.301,4.254988585789314
2026-07-28 17:15:00+00:00,4038.6,57.375,4.254044707864013
2026-07-28 17:30:00+00:00,4030.0,57.14,4.256017258138102
2026-07-28 17:45:00+00:00,4029.1,57.124,4.256073961347252
2026-07-28 18:00:00+00:00,4030.4,57.145,4.256029008248785
2026-07-28 18:15:00+00:00,4028.2,57.143,4.255518006989237
2026-07-28 18:30:00+00:00,4025.3,57.142,4.254815323296454
2026-07-28 18:45:00+00:00,4024.3,57.142,4.254566863744391
2026-07-28 19:00:00+00:00,4025.8,57.193,4.254047414592309
2026-07-28 19:15:00+00:00,4024.4,57.238,4.252913096941061
2026-07-28 19:30:00+00:00,4026.3,57.25,4.253175476637521
2026-07-28 19:45:00+00:00,4027.8,57.214,4.254176976489932
2026-07-28 20:00:00+00:00,4025.6,57.119,4.255292436190788
2026-07-28 20:15:00+00:00,4028.4,57.191,4.254728010425235
2026-07-28 20:30:00+00:00,4030.7,57.164,4.255771007508027
2026-07-28 20:45:00+00:00,4030.0,57.158,4.255702291994358
2026-07-28 21:00:00+00:00,4031.3,57.19,4.255465125640715
2026-07-28 21:15:00+00:00,4032.3,57.194,4.2556432139662315
2026-07-28 21:30:00+00:00,4035.1,57.199,4.256249947828963
2026-07-28 21:45:00+00:00,4031.8,57.176,4.255833975428645
2026-07-28 22:00:00+00:00,4025.8,57.104,4.255604761119127
2026-07-28 22:15:00+00:00,4020.5,57.1,4.254357435326239
2026-07-28 22:30:00+00:00,4019.1,57.008,4.25562166708757
2026-07-28 22:45:00+00:00,4019.5,56.961,4.256545972638628
2026-07-28 23:00:00+00:00,4023.2,56.978,4.257167656439114
2026-07-28 23:15:00+00:00,4019.1,57.028,4.255270900659335
2026-07-28 23:30:00+00:00,4023.8,57.136,4.254547617903043
2026-07-28 23:45:00+00:00,4026.0,57.26,4.252926306529768
2026-07-29 00:00:00+00:00,4021.3,57.202,4.25277164961115
2026-07-29 00:15:00+00:00,4023.8,57.221,4.253061044879032
2026-07-29 00:30:00+00:00,4025.9,57.296,4.25227295408575
2026-07-29 00:45:00+00:00,4023.1,57.169,4.253796235281241
2026-07-29 01:00:00+00:00,4013.3,57.005,4.254230141226687
2026-07-29 01:15:00+00:00,4019.5,57.268,4.251170792269934
2026-07-29 01:30:00+00:00,4028.7,57.522,4.249031538932325
2026-07-29 01:45:00+00:00,4026.1,57.508,4.2486293758803475
2026-07-29 02:00:00+00:00,4028.5,57.579,4.2479914593254
2026-07-29 02:15:00+00:00,4033.2,57.72,4.24671165061339
2026-07-29 02:30:00+00:00,4035.7,57.898,4.244252206021985
2026-07-29 02:45:00+00:00,4030.9,57.668,4.247042528119777
2026-07-29 03:00:00+00:00,4030.1,57.611,4.247832946837456
2026-07-29 03:15:00+00:00,4027.8,57.499,4.249208043825035
2026-07-29 03:30:00+00:00,4026.7,57.437,4.250013765968366
2026-07-29 03:45:00+00:00,4024.1,57.383,4.250308470153476
2026-07-29 04:00:00+00:00,4022.7,57.367,4.250239372845956
2026-07-29 04:15:00+00:00,4024.2,57.384,4.2503158935096135
2026-07-29 04:30:00+00:00,4027.9,57.472,4.249702554634058
2026-07-29 04:45:00+00:00,4027.6,57.501,4.2491236050850345
2026-07-29 05:00:00+00:00,4031.9,57.736,4.246112112086367
2026-07-29 05:15:00+00:00,4031.7,57.772,4.245439172982208
2026-07-29 05:30:00+00:00,4040.0,58.033,4.2429881566910455
2026-07-29 05:45:00+00:00,4035.9,57.785,4.2462553777322025
2026-07-29 06:00:00+00:00,4039.6,57.911,4.244993606889043
2026-07-29 06:15:00+00:00,4043.1,57.928,4.245566143356704
2026-07-29 06:30:00+00:00,4044.2,58.083,4.243166012826491
2026-07-29 06:45:00+00:00,4043.1,58.145,4.241827112698217
2026-07-29 07:00:00+00:00,4046.8,58.151,4.24263864861037
2026-07-29 07:15:00+00:00,4047.2,58.234,4.241311186374446
2026-07-29 07:30:00+00:00,4048.3,58.214,4.241926443255078
2026-07-29 07:45:00+00:00,4045.1,58.117,4.242803331039441
2026-07-29 08:00:00+00:00,4041.9,57.875,4.246184645023513
2026-07-29 08:15:00+00:00,4040.3,57.836,4.246462806458113
2026-07-29 08:30:00+00:00,4040.8,57.877,4.245877902109111
2026-07-29 08:45:00+00:00,4039.8,57.922,4.244853186911249
2026-07-29 09:00:00+00:00,4038.4,57.913,4.244661968486687
2026-07-29 09:15:00+00:00,4036.2,57.866,4.244928941505166
2026-07-29 09:30:00+00:00,4036.7,57.874,4.244914571843839
2026-07-29 09:45:00+00:00,4036.1,57.759,4.246754976758184
2026-07-29 10:00:00+00:00,4033.7,57.656,4.247945030253511
2026-07-29 10:15:00+00:00,4034.4,57.608,4.24895142381595
2026-07-29 10:30:00+00:00,4030.4,57.499,4.249853349250619
2026-07-29 10:45:00+00:00,4028.7,57.443,4.25040587046687
2026-07-29 11:00:00+00:00,4030.7,57.602,4.248138047806311
2026-07-29 11:15:00+00:00,4034.8,57.707,4.247333529867245
2026-07-29 11:30:00+00:00,4033.5,57.727,4.2466647627033165
2026-07-29 11:45:00+00:00,4034.2,57.676,4.247722153422831
2026-07-29 12:00:00+00:00,4029.7,57.61,4.2477510467381725
2026-07-29 12:15:00+00:00,4016.0,56.994,4.2550956622354645
2026-07-29 12:30:00+00:00,4022.5,57.254,4.252161369877281
2026-07-29 12:45:00+00:00,4024.1,57.307,4.251633782057289
2026-07-29 13:00:00+00:00,4017.8,57.147,4.252862872703378
2026-07-29 13:15:00+00:00,4017.0,57.256,4.2507581939229855
2026-07-29 13:30:00+00:00,4016.4,57.113,4.2531094965033045
2026-07-29 13:45:00+00:00,4009.5,57.007,4.253247756935154
2026-07-29 14:00:00+00:00,4001.2,56.934,4.252456892891349
2026-07-29 14:15:00+00:00,4009.6,57.11,4.251467532024978
2026-07-29 14:30:00+00:00,4004.0,56.92,4.25340236721346
2026-07-29 14:45:00+00:00,4008.2,57.012,4.252835769726543
2026-07-29 15:00:00+00:00,4010.6,57.021,4.253276514006123
2026-07-29 15:15:00+00:00,4012.9,57.061,4.253148579899593
2026-07-29 15:30:00+00:00,4012.3,57.079,4.252683648775273
2026-07-29 15:45:00+00:00,4012.7,57.033,4.253589562755249
2026-07-29 16:00:00+00:00,4014.1,56.876,4.256694982317018
2026-07-29 16:15:00+00:00,4018.5,57.11,4.253684744976002
2026-07-29 16:30:00+00:00,4018.6,57.099,4.253902258876696
2026-07-29 16:45:00+00:00,4029.8,57.74,4.245521851682877
2026-07-29 17:00:00+00:00,4043.6,57.957,4.245189307001376
2026-07-29 17:15:00+00:00,4040.7,57.77,4.247703613479705
2026-07-29 17:30:00+00:00,4047.3,57.872,4.247571595903139
2026-07-29 17:45:00+00:00,4047.7,57.958,4.246185487248162
2026-07-29 18:00:00+00:00,4081.0,58.516,4.244797114289966
2026-07-29 18:15:00+00:00,4068.3,58.188,4.247301352850794
2026-07-29 18:30:00+00:00,4085.5,58.712,4.242555263582
2026-07-29 18:45:00+00:00,4107.5,59.055,4.242100636847613
2026-07-29 19:00:00+00:00,4100.4,58.79,4.244868036495083
2026-07-29 19:15:00+00:00,4084.1,58.442,4.246821855351281
2026-07-29 19:30:00+00:00,4070.1,57.891,4.2528609160770445
2026-07-29 19:45:00+00:00,4047.5,57.305,4.257466805603128
2026-07-29 20:00:00+00:00,4054.5,57.3,4.259282030663918
2026-07-29 20:15:00+00:00,4057.6,57.338,4.259383364621093
2026-07-29 20:30:00+00:00,4069.0,57.583,4.257925162750786
2026-07-29 20:45:00+00:00,4069.4,57.669,4.256531079982969
2026-07-29 21:00:00+00:00,4068.9,57.656,4.256633654014639
2026-07-29 21:15:00+00:00,4065.4,57.622,4.256362978900783
2026-07-29 21:30:00+00:00,4066.0,57.627,4.256423786315407
2026-07-29 21:45:00+00:00,4066.3,57.614,4.256723180329615
2026-07-29 22:00:00+00:00,4077.9,58.155,4.250225569218309
2026-07-29 22:15:00+00:00,4075.6,58.111,4.250418279419144
2026-07-29 22:30:00+00:00,4080.7,58.251,4.249262561629018
2026-07-29 22:45:00+00:00,4089.4,58.312,4.250345634929042
2026-07-29 23:00:00+00:00,4091.7,58.304,4.251045108963446
2026-07-29 23:15:00+00:00,4093.3,58.308,4.251367464465625
2026-07-29 23:30:00+00:00,4093.0,58.285,4.251688706120607
2026-07-29 23:45:00+00:00,4087.8,58.211,4.251687866692759
2026-07-30 00:00:00+00:00,4082.7,58.13,4.251831931521123
2026-07-30 00:15:00+00:00,4078.5,58.011,4.2528519050040705
2026-07-30 00:30:00+00:00,4068.5,57.781,4.2543696582217345
2026-07-30 00:45:00+00:00,4073.6,57.968,4.252391274210366
2026-07-30 01:00:00+00:00,4078.6,58.298,4.247941283807565
2026-07-30 01:15:00+00:00,4083.4,58.525,4.245231240325125
2026-07-30 01:30:00+00:00,4089.9,58.529,4.246753440958443
2026-07-30 01:45:00+00:00,4086.0,58.412,4.247800427199342
2026-07-30 02:00:00+00:00,4085.1,58.257,4.250237229899047
2026-07-30 02:15:00+00:00,4085.0,58.243,4.250453093743307
2026-07-30 02:30:00+00:00,4079.4,57.892,4.2551259919851105
2026-07-30 02:45:00+00:00,4067.1,57.736,4.254804597983481
2026-07-30 03:00:00+00:00,4065.7,57.674,4.255534743504304
2026-07-30 03:15:00+00:00,4056.3,57.439,4.257302991915152
2026-07-30 03:30:00+00:00,4055.7,57.475,4.256528507389224
2026-07-30 03:45:00+00:00,4060.1,57.562,4.256100255067164
2026-07-30 04:00:00+00:00,4056.8,57.442,4.257374021405502
2026-07-30 04:15:00+00:00,4057.0,57.473,4.256883790900805
2026-07-30 04:30:00+00:00,4052.4,57.332,4.2582056451185535
2026-07-30 04:45:00+00:00,4050.6,57.209,4.259909068609843
2026-07-30 05:00:00+00:00,4048.6,57.235,4.258960821957038
2026-07-30 05:15:00+00:00,4049.9,57.317,4.257850204600386
2026-07-30 05:30:00+00:00,4037.0,57.144,4.257682723000269
2026-07-30 05:45:00+00:00,4038.1,57.096,4.258795501632393
2026-07-30 06:00:00+00:00,4037.3,57.088,4.258737493742724
2026-07-30 06:15:00+00:00,4036.5,57.171,4.257086482020721
2026-07-30 06:30:00+00:00,4040.5,57.267,4.256399184086628
2026-07-30 06:45:00+00:00,4040.1,57.228,4.256981434020018
2026-07-30 07:00:00+00:00,4048.3,57.513,4.254041309687156
2026-07-30 07:15:00+00:00,4046.8,57.338,4.256718144149977
2026-07-30 07:30:00+00:00,4049.5,57.293,4.258170243479851
2026-07-30 07:45:00+00:00,4042.5,57.01,4.261391900407771
2026-07-30 08:00:00+00:00,4056.3,57.378,4.258365552437361
2026-07-30 08:15:00+00:00,4067.0,57.76,4.254364411322654
2026-07-30 08:30:00+00:00,4068.1,57.621,4.25704425437972
2026-07-30 08:45:00+00:00,4063.7,57.609,4.256170362139845
2026-07-30 09:00:00+00:00,4069.0,57.786,4.254406016194908
2026-07-30 09:15:00+00:00,4069.9,57.763,4.2550252758162666
2026-07-30 09:30:00+00:00,4067.7,57.866,4.2527030153819245
2026-07-30 09:45:00+00:00,4065.3,57.753,4.25406752389218
2026-07-30 10:00:00+00:00,4070.9,57.876,4.253316593337252
2026-07-30 10:15:00+00:00,4077.8,58.109,4.250992349085973
2026-07-30 10:30:00+00:00,4082.4,58.238,4.2499022671103255
2026-07-30 10:45:00+00:00,4079.0,58.079,4.251802986580097
2026-07-30 11:00:00+00:00,4081.4,58.015,4.253493747995477
2026-07-30 11:15:00+00:00,4078.7,58.072,4.251849969192175
2026-07-30 11:30:00+00:00,4080.2,58.067,4.252303769542684
2026-07-30 11:45:00+00:00,4078.9,58.144,4.250659930990581
2026-07-30 12:00:00+00:00,4081.6,58.328,4.248162094883417
2026-07-30 12:15:00+00:00,4080.2,58.171,4.250514337037802
2026-07-30 12:30:00+00:00,4079.5,58.0,4.253286700322436
2026-07-30 12:45:00+00:00,4072.3,58.04,4.2508308013709195
2026-07-30 13:00:00+00:00,4075.8,58.089,4.25084600823594
2026-07-30 13:15:00+00:00,4080.8,57.966,4.254191694845289
2026-07-30 13:30:00+00:00,4091.3,58.059,4.255158312058176
2026-07-30 13:45:00+00:00,4112.7,58.522,4.252432274192073
2026-07-30 14:00:00+00:00,4100.0,58.154,4.255647588475257
2026-07-30 14:15:00+00:00,4096.4,58.137,4.255061523989061
2026-07-30 14:30:00+00:00,4111.0,58.447,4.25330122621661
2026-07-30 14:45:00+00:00,4100.2,58.35,4.25233167325791
2026-07-30 15:00:00+00:00,4086.9,58.127,4.252911743522416
2026-07-30 15:15:00+00:00,4097.0,58.412,4.250488929368646
2026-07-30 15:30:00+00:00,4106.7,58.574,4.250084153151196
2026-07-30 15:45:00+00:00,4108.9,58.597,4.25022713103242
2026-07-30 16:00:00+00:00,4115.4,58.835,4.247754397817438
2026-07-30 16:15:00+00:00,4117.6,58.858,4.2478979850435765
2026-07-30 16:30:00+00:00,4110.8,58.662,4.249580777999329
2026-07-30 16:45:00+00:00,4111.4,58.727,4.248619295080973
2026-07-30 17:00:00+00:00,4107.2,58.595,4.2498474414063105
2026-07-30 17:15:00+00:00,4103.7,58.695,4.247289740433023
2026-07-30 17:30:00+00:00,4108.0,58.833,4.245988649081637
2026-07-30 17:45:00+00:00,4105.1,58.775,4.246268787699615
2026-07-30 18:00:00+00:00,4108.7,58.92,4.244681364158753
2026-07-30 18:15:00+00:00,4104.4,58.886,4.2442114765851935
2026-07-30 18:30:00+00:00,4105.9,58.925,4.243914793857086
2026-07-30 18:45:00+00:00,4101.5,58.85,4.2441162057365185
2026-07-30 19:00:00+00:00,4107.0,59.061,4.241877305850498
2026-07-30 19:15:00+00:00,4114.4,59.203,4.241276078179039
2026-07-30 19:30:00+00:00,4113.3,59.192,4.241194507407469
2026-07-30 19:45:00+00:00,4113.4,59.21,4.240914769571674
2026-07-30 20:00:00+00:00,4114.9,59.247,4.240654665657355
2026-07-30 20:15:00+00:00,4113.9,59.175,4.241627607273871
2026-07-30 20:30:00+00:00,4105.7,59.029,4.242102682530132
2026-07-30 20:45:00+00:00,4107.0,59.036,4.242300686637029
2026-07-30 21:00:00+00:00,4109.4,59.056,4.2425461651442715
2026-07-30 21:15:00+00:00,4106.8,59.048,4.242048742957058
2026-07-30 21:30:00+00:00,4109.1,59.034,4.242845756297202
2026-07-30 21:45:00+00:00,4110.0,59.022,4.243268051731604
2026-07-30 22:00:00+00:00,4109.0,59.088,4.2419071107732025
2026-07-30 22:15:00+00:00,4110.1,59.058,4.242682626219403
2026-07-30 22:30:00+00:00,4112.4,59.096,4.2425988384421265
2026-07-30 22:45:00+00:00,4112.4,59.074,4.242971183373229
2026-07-30 23:00:00+00:00,4110.2,59.01,4.243520047037743
2026-07-30 23:15:00+00:00,4108.0,59.039,4.2424933285690525
2026-07-30 23:30:00+00:00,4109.1,59.116,4.241457690056559
2026-07-30 23:45:00+00:00,4109.0,59.084,4.241974808705057
2026-07-31 00:00:00+00:00,4104.0,59.112,4.240283437364259
2026-07-31 00:15:00+00:00,4099.5,58.985,4.241337119742426
2026-07-31 00:30:00+00:00,4094.9,58.922,4.241283040614946
2026-07-31 00:45:00+00:00,4098.1,58.874,4.2428791635941785
2026-07-31 01:00:00+00:00,4093.3,58.777,4.243356147757039
2026-07-31 01:15:00+00:00,4095.5,58.788,4.243706336511218
2026-07-31 01:30:00+00:00,4089.0,58.668,4.244161286980134
2026-07-31 01:45:00+00:00,4088.2,58.7,4.243420327531826
2026-07-31 02:00:00+00:00,4090.1,58.766,4.242761242243827
2026-07-31 02:15:00+00:00,4085.6,58.628,4.24401147716838
2026-07-31 02:30:00+00:00,4079.8,58.546,4.243990476556095
2026-07-31 02:45:00+00:00,4080.1,58.533,4.244286079145898
2026-07-31 03:00:00+00:00,4076.5,58.401,4.245661043127715
2026-07-31 03:15:00+00:00,4078.3,58.432,4.245571828929362
2026-07-31 03:30:00+00:00,4080.1,58.46,4.245534017218668
2026-07-31 03:45:00+00:00,4079.2,58.395,4.246425900010417
2026-07-31 04:00:00+00:00,4080.0,58.488,4.245030662407193
2026-07-31 04:15:00+00:00,4083.3,58.552,4.244745515707212
2026-07-31 04:30:00+00:00,4083.9,58.609,4.243919424778579
2026-07-31 04:45:00+00:00,4083.8,58.675,4.242769464751847
2026-07-31 05:00:00+00:00,4084.0,58.663,4.243022974867721
2026-07-31 05:15:00+00:00,4085.2,58.661,4.243350854908195
2026-07-31 05:30:00+00:00,4080.5,58.503,4.244896773935084
2026-07-31 05:45:00+00:00,4077.6,58.375,4.246376143036771
2026-07-31 06:00:00+00:00,4086.1,58.51,4.2461485690909635
2026-07-31 06:15:00+00:00,4088.7,58.582,4.245554867939623
2026-07-31 06:30:00+00:00,4082.0,58.366,4.247608814855872
2026-07-31 06:45:00+00:00,4081.5,58.307,4.248497692131988
2026-07-31 07:00:00+00:00,4080.1,58.171,4.250489828134942
2026-07-31 07:15:00+00:00,4076.4,58.194,4.249187268315078
2026-07-31 07:30:00+00:00,4073.9,58.321,4.246393816254857
2026-07-31 07:45:00+00:00,4070.0,58.259,4.246499691487953
2026-07-31 08:00:00+00:00,4064.2,58.226,4.245640210269809
2026-07-31 08:15:00+00:00,4061.5,58.095,4.247228040856183
2026-07-31 08:30:00+00:00,4061.2,58.144,4.246311083213307
2026-07-31 08:45:00+00:00,4064.6,58.18,4.246528963089151
2026-07-31 09:00:00+00:00,4059.3,58.12,4.246255985235626
2026-07-31 09:15:00+00:00,4055.1,58.037,4.246649888968497
2026-07-31 09:30:00+00:00,4055.8,58.024,4.247046516329452
2026-07-31 09:45:00+00:00,4057.4,57.99,4.24802707147888
2026-07-31 10:00:00+00:00,4058.9,58.038,4.247569311496944
2026-07-31 10:15:00+00:00,4055.9,57.974,4.247933255956048
2026-07-31 10:30:00+00:00,4057.8,58.051,4.247074299284569
2026-07-31 10:45:00+00:00,4058.1,57.899,4.249770049490624
2026-07-31 11:00:00+00:00,4060.6,57.977,4.249039644753287
2026-07-31 11:15:00+00:00,4061.4,58.0,4.248840010196198
2026-07-31 11:30:00+00:00,4055.1,57.722,4.25209224381787
2026-07-31 11:45:00+00:00,4057.3,57.865,4.25016029543823
2026-07-31 12:00:00+00:00,4062.4,57.85,4.251675757310728
2026-07-31 12:15:00+00:00,4051.9,57.667,4.252256099733475
2026-07-31 12:30:00+00:00,4047.8,57.736,4.250047906862133
2026-07-31 12:45:00+00:00,4045.9,57.666,4.250791556584389
2026-07-31 13:00:00+00:00,4040.4,57.347,4.254978444122775
2026-07-31 13:15:00+00:00,4047.9,57.537,4.253525287984043
2026-07-31 13:30:00+00:00,4029.4,57.21,4.254644052201372
2026-07-31 13:45:00+00:00,4030.1,57.23,4.25446823210764
2026-07-31 14:00:00+00:00,4037.0,57.271,4.255462733450675
2026-07-31 14:15:00+00:00,4042.7,57.368,4.255181407982362
2026-07-31 14:30:00+00:00,4045.4,57.511,4.2533594782642075
2026-07-31 14:45:00+00:00,4052.6,57.542,4.254598813482968
2026-07-31 15:00:00+00:00,4050.2,57.568,4.2535546838292255
2026-07-31 15:15:00+00:00,4044.1,57.371,4.2554753586519345
2026-07-31 15:30:00+00:00,4043.6,57.445,4.254062694974574
2026-07-31 15:45:00+00:00,4048.9,57.518,4.254102575977333
2026-07-31 16:00:00+00:00,4049.3,57.443,4.255506153867574
2026-07-31 16:15:00+00:00,4051.2,57.526,4.254531392993271
2026-07-31 16:30:00+00:00,4046.4,57.462,4.2544590161481635
2026-07-31 16:45:00+00:00,4046.8,57.49,4.254070704696536
2026-07-31 17:00:00+00:00,4048.3,57.559,4.253241810200743
2026-07-31 17:15:00+00:00,4052.2,57.772,4.250510993253131
2026-07-31 17:30:00+00:00,4055.1,57.818,4.250430481275172
2026-07-31 17:45:00+00:00,4057.0,57.885,4.249740779548755
2026-07-31 18:00:00+00:00,4050.4,57.809,4.249426447756249
2026-07-31 18:15:00+00:00,4053.2,57.877,4.24894190252943
2026-07-31 18:30:00+00:00,4053.3,57.914,4.248327491582718
2026-07-31 18:45:00+00:00,4053.8,57.95,4.247829422018103
2026-07-31 19:00:00+00:00,4050.4,57.92,4.247508172578239
2026-07-31 19:15:00+00:00,4052.5,57.949,4.247525940228354
2026-07-31 19:30:00+00:00,4055.0,57.952,4.24809088484851
2026-07-31 19:45:00+00:00,4053.6,57.945,4.247866369375346
2026-07-31 20:00:00+00:00,4050.0,57.811,4.249293091110489
2026-07-31 20:15:00+00:00,4051.1,57.804,4.2496857507248285
2026-07-31 20:30:00+00:00,4053.8,57.815,4.250161734222939
2026-07-31 20:45:00+00:00,4045.9,57.597,4.251988818641462
2026-07-31 21:00:00+00:00,4048.9,57.732,4.2503889057656945
2026-07-31 21:15:00+00:00,4049.1,57.748,4.250161196415778
2026-07-31 21:30:00+00:00,4051.3,57.819,4.249475654864366
2026-07-31 21:45:00+00:00,4049.7,57.8,4.24940930760456
2026-07-31 22:00:00+00:00,4050.9,57.835,4.249100228887742
2026-07-31 22:15:00+00:00,4051.7,57.839,4.249228536487577
2026-07-31 22:30:00+00:00,4052.2,57.839,4.249351933864305
2026-07-31 22:45:00+00:00,4052.3,57.809,4.249895427240822
2026-07-31 23:00:00+00:00,4052.4,57.818,4.2497644312968035
2026-07-31 23:15:00+00:00,4052.0,57.804,4.24990788793249
2026-07-31 23:30:00+00:00,4051.5,57.803,4.249801784455181
2026-07-31 23:45:00+00:00,4051.1,57.778,4.250135647775209
2026-08-01 00:00:00+00:00,4051.1,57.795,4.2498414614146816
2026-08-01 00:15:00+00:00,4051.0,57.817,4.249436193121416
2026-08-01 00:30:00+00:00,4051.1,57.817,4.249460878079638
2026-08-01 00:45:00+00:00,4051.1,57.796,4.249824159029548
2026-08-01 01:00:00+00:00,4050.5,57.798,4.249641436267004
2026-08-01 01:15:00+00:00,4051.2,57.785,4.250039186082398
2026-08-01 01:30:00+00:00,4051.1,57.79,4.249927977831226
2026-08-01 01:45:00+00:00,4050.9,57.805,4.249619080507822
2026-08-01 02:00:00+00:00,4051.0,57.804,4.249661065766606
2026-08-01 02:15:00+00:00,4050.8,57.806,4.249577094938918
2026-08-01 02:30:00+00:00,4050.8,57.81,4.249507900363745
2026-08-01 02:45:00+00:00,4050.9,57.784,4.249982436886561
2026-08-01 03:00:00+00:00,4051.7,57.795,4.249989558369092
2026-08-01 03:15:00+00:00,4051.6,57.774,4.25032829632644
2026-08-01 03:30:00+00:00,4051.7,57.774,4.25035297762912
2026-08-01 03:45:00+00:00,4051.7,57.775,4.250335668954878
2026-08-01 04:00:00+00:00,4051.7,57.778,4.250283744729619
2026-08-01 04:15:00+00:00,4050.8,57.78,4.250026976420041
2026-08-01 04:30:00+00:00,4050.4,57.785,4.249841694228294
2026-08-01 04:45:00+00:00,4050.7,57.796,4.249725415540366
2026-08-01 05:00:00+00:00,4051.1,57.798,4.249789555157371
2026-08-01 05:15:00+00:00,4051.3,57.815,4.2495448386684656
2026-08-01 05:30:00+00:00,4051.3,57.819,4.249475654864366
2026-08-01 05:45:00+00:00,4051.6,57.84,4.249186565962133
2026-08-01 06:00:00+00:00,4051.9,57.852,4.249053160681773
2026-08-01 06:15:00+00:00,4050.3,57.803,4.249505553985712
2026-08-01 06:30:00+00:00,4049.9,57.821,4.249095436945467
2026-08-01 06:45:00+00:00,4050.3,57.831,4.2490212673477465
2026-08-01 07:00:00+00:00,4050.8,57.781,4.250009669543153
2026-08-01 07:15:00+00:00,4051.1,57.786,4.24999719635413
2026-08-01 07:30:00+00:00,4051.8,57.797,4.249979634591719
2026-08-01 07:45:00+00:00,4051.3,57.796,4.249873527118026
2026-08-01 08:00:00+00:00,4050.9,57.796,4.249774788503742
2026-08-01 08:15:00+00:00,4051.1,57.795,4.2498414614146816
2026-08-01 08:30:00+00:00,4051.1,57.795,4.2498414614146816
2026-08-01 08:45:00+00:00,4051.3,57.797,4.249856225032259
2026-08-01 09:00:00+00:00,4051.4,57.793,4.2499501183018875
2026-08-01 09:15:00+00:00,4051.8,57.796,4.249996936677486
2026-08-01 09:30:00+00:00,4051.7,57.798,4.249937652111781
2026-08-01 09:45:00+00:00,4051.3,57.805,4.249717819122106
2026-08-01 10:00:00+00:00,4050.6,57.805,4.249545020148595
2026-08-01 10:15:00+00:00,4050.8,57.804,4.249611694022046
2026-08-01 10:30:00+00:00,4050.4,57.805,4.249495643528414
2026-08-01 10:45:00+00:00,4050.4,57.809,4.249426447756249
2026-08-01 11:00:00+00:00,4050.1,57.81,4.2493350800593985
2026-08-01 11:15:00+00:00,4049.6,57.808,4.2492462153855755
2026-08-01 11:30:00+00:00,4049.9,57.805,4.249372191310439
2026-08-01 11:45:00+00:00,4050.0,57.805,4.2493968829733
2026-08-01 12:00:00+00:00,4050.0,57.804,4.249414182664501
2026-08-01 12:15:00+00:00,4050.0,57.802,4.249448782944766
2026-08-01 12:30:00+00:00,4049.8,57.802,4.24939939900935
2026-08-01 12:45:00+00:00,4050.0,57.802,4.249448782944766
2026-08-01 13:00:00+00:00,4051.1,57.811,4.249564659170816
2026-08-01 13:15:00+00:00,4050.5,57.811,4.24941654028045
2026-08-01 13:30:00+00:00,4050.3,57.8,4.249557455752979
2026-08-01 13:45:00+00:00,4050.6,57.802,4.249596920120061
2026-08-01 14:00:00+00:00,4050.9,57.808,4.249567183229822
2026-08-01 14:15:00+00:00,4050.8,57.813,4.249456007574237
2026-08-01 14:30:00+00:00,4050.2,57.742,4.250536729929882
2026-08-01 14:45:00+00:00,4050.0,57.762,4.2501410400767
2026-08-01 15:00:00+00:00,4049.9,57.762,4.250116348413839
2026-08-01 15:15:00+00:00,4049.7,57.78,4.249755388244802
2026-08-01 15:30:00+00:00,4049.5,57.78,4.2497060006509555
2026-08-01 15:45:00+00:00,4049.1,57.766,4.24984954587739
2026-08-01 16:00:00+00:00,4048.9,57.73,4.25042354919817
2026-08-01 16:15:00+00:00,4048.6,57.721,4.250505362554558
2026-08-01 16:30:00+00:00,4048.9,57.72,4.250596784365342
2026-08-01 16:45:00+00:00,4045.9,57.699,4.250219459312251
2026-08-01 17:00:00+00:00,4045.1,57.702,4.249969716107475
2026-08-01 17:15:00+00:00,4044.3,57.693,4.2499279123683085
2026-08-01 17:30:00+00:00,4045.1,57.689,4.250195036974007
2026-08-01 17:45:00+00:00,4045.3,57.677,4.250452511850677
2026-08-01 18:00:00+00:00,4045.3,57.649,4.250938091868195
2026-08-01 18:15:00+00:00,4045.0,57.625,4.251280328175779
2026-08-01 18:30:00+00:00,4043.6,57.629,4.25086475005545
2026-08-01 18:45:00+00:00,4043.5,57.664,4.250232870550004
2026-08-01 19:00:00+00:00,4051.6,57.854,4.248944548224509
2026-08-01 19:15:00+00:00,4052.9,57.814,4.249956992360255
2026-08-01 19:30:00+00:00,4053.0,57.808,4.250085452223024
2026-08-01 19:45:00+00:00,4053.1,57.804,4.250179321969517
2026-08-01 20:00:00+00:00,4054.2,57.771,4.251021740120324
2026-08-01 20:15:00+00:00,4054.1,57.791,4.250650939491467
2026-08-01 20:30:00+00:00,4054.1,57.755,4.251274067962636
2026-08-01 20:45:00+00:00,4054.9,57.837,4.250052596047532
2026-08-01 21:00:00+00:00,4057.0,57.85,4.250345609566762
2026-08-01 21:15:00+00:00,4055.1,57.851,4.2498598875829074
2026-08-01 21:30:00+00:00,4054.8,57.878,4.249319296592146
2026-08-01 21:45:00+00:00,4054.9,57.861,4.249637722837205
2026-08-01 22:00:00+00:00,4054.9,57.858,4.2496895725766715
2026-08-01 22:15:00+00:00,4055.3,57.873,4.249528991976425
2026-08-01 22:30:00+00:00,4055.6,57.873,4.249602966504563
2026-08-01 22:45:00+00:00,4055.8,57.866,4.249773241636115
2026-08-01 23:00:00+00:00,4055.6,57.88,4.249482019315142
2026-08-01 23:15:00+00:00,4055.2,57.858,4.249763554401837
2026-08-01 23:30:00+00:00,4055.1,57.854,4.249808031569758
2026-08-01 23:45:00+00:00,4054.9,57.853,4.249775994783776
2026-08-02 00:00:00+00:00,4055.5,57.86,4.24980296396241
2026-08-02 00:15:00+00:00,4057.2,57.86,4.250222059953852
2026-08-02 00:30:00+00:00,4058.0,57.867,4.250298246475547
2026-08-02 00:45:00+00:00,4057.9,57.895,4.2497898523367645
2026-08-02 01:00:00+00:00,4059.8,58.023,4.248049506633965
2026-08-02 01:15:00+00:00,4059.8,58.039,4.247773791928008
2026-08-02 01:30:00+00:00,4059.8,57.989,4.248635652911479
2026-08-02 01:45:00+00:00,4060.0,57.969,4.249029867694805
2026-08-02 02:00:00+00:00,4062.5,58.1,4.247388162780127
2026-08-02 02:15:00+00:00,4064.6,58.16,4.246872782930943
2026-08-02 02:30:00+00:00,4065.3,58.17,4.2468730620741075
2026-08-02 02:45:00+00:00,4065.7,58.32,4.244396121178511
2026-08-02 03:00:00+00:00,4066.3,58.352,4.243995139987476
2026-08-02 03:15:00+00:00,4067.0,58.515,4.241377774280495
2026-08-02 03:30:00+00:00,4068.1,58.536,4.241289389388815
2026-08-02 03:45:00+00:00,4067.8,58.485,4.242087280648724
2026-08-02 04:00:00+00:00,4067.4,58.604,4.239956300025908
2026-08-02 04:15:00+00:00,4070.6,58.802,4.2373698197872045
2026-08-02 04:30:00+00:00,4068.0,58.684,4.238739639891053
2026-08-02 04:45:00+00:00,4067.4,58.662,4.238967095913385
2026-08-02 05:00:00+00:00,4067.6,58.689,4.238556108169698
2026-08-02 05:15:00+00:00,4068.9,58.862,4.235932250475662
2026-08-02 05:30:00+00:00,4068.5,58.715,4.238334429319668
2026-08-02 05:45:00+00:00,4067.8,58.721,4.238060177617391
2026-08-02 06:00:00+00:00,4068.1,58.698,4.238525684267197
2026-08-02 06:15:00+00:00,4067.8,58.747,4.237617503860716
2026-08-02 06:30:00+00:00,4067.9,58.737,4.237812322818832
2026-08-02 06:45:00+00:00,4067.9,58.738,4.2377952979199165
2026-08-02 07:00:00+00:00,4067.9,58.747,4.237642086871398
2026-08-02 07:15:00+00:00,4068.2,58.769,4.237341415172684
2026-08-02 07:30:00+00:00,4067.8,58.715,4.238162360934351
2026-08-02 07:45:00+00:00,4066.9,58.696,4.238264736044726
2026-08-02 08:00:00+00:00,4067.0,58.717,4.2379316128243545
2026-08-02 08:15:00+00:00,4065.6,58.723,4.237485139646429
2026-08-02 08:30:00+00:00,4065.1,58.672,4.238231010596362
2026-08-02 08:45:00+00:00,4065.3,58.669,4.238331341690377
2026-08-02 09:00:00+00:00,4065.1,58.593,4.239578386402468
2026-08-02 09:15:00+00:00,4065.5,58.618,4.239250198995627
2026-08-02 09:30:00+00:00,4065.4,58.554,4.240318012737482
2026-08-02 09:45:00+00:00,4065.4,58.607,4.2394132747510325
2026-08-02 10:00:00+00:00,4065.4,58.587,4.239754589156107
2026-08-02 10:15:00+00:00,4065.4,58.6,4.239532721541894
2026-08-02 10:30:00+00:00,4066.2,58.59,4.239900147813425
2026-08-02 10:45:00+00:00,4065.3,58.565,4.24010557147494
2026-08-02 11:00:00+00:00,4065.3,58.595,4.239593451286212
2026-08-02 11:15:00+00:00,4064.8,58.56,4.240067950626466
2026-08-02 11:30:00+00:00,4064.1,58.551,4.240049425937626
2026-08-02 11:45:00+00:00,4063.0,58.484,4.240923683432535
2026-08-02 12:00:00+00:00,4062.7,58.421,4.241927641956797
2026-08-02 12:15:00+00:00,4063.5,58.494,4.24087576531807
2026-08-02 12:30:00+00:00,4063.6,58.485,4.241054248114719
2026-08-02 12:45:00+00:00,4065.1,58.495,4.241252341425768
2026-08-02 13:00:00+00:00,4065.5,58.502,4.241231073960291
2026-08-02 13:15:00+00:00,4065.7,58.587,4.239828379910159
2026-08-02 13:30:00+00:00,4065.9,58.574,4.240099487571699
2026-08-02 13:45:00+00:00,4065.1,58.588,4.239663724469271
2026-08-02 14:00:00+00:00,4064.7,58.625,4.238933991754052
2026-08-02 14:15:00+00:00,4063.7,58.608,4.238977961599472
2026-08-02 14:30:00+00:00,4064.3,58.632,4.238716182807925
2026-08-02 14:45:00+00:00,4066.7,58.617,4.239562381840473
2026-08-02 15:00:00+00:00,4066.1,58.598,4.239739021773927
2026-08-02 15:15:00+00:00,4065.8,58.57,4.240143184485273
2026-08-02 15:30:00+00:00,4066.2,58.614,4.2394906054712616
2026-08-02 15:45:00+00:00,4067.4,58.618,4.23971743701271
2026-08-02 16:00:00+00:00,4067.9,58.633,4.239584496751157
2026-08-02 16:15:00+00:00,4067.7,58.669,4.238921529829972
2026-08-02 16:30:00+00:00,4068.1,58.863,4.235718629064469
2026-08-02 16:45:00+00:00,4069.8,58.785,4.237462416860384
2026-08-02 17:00:00+00:00,4068.6,58.625,4.239893012151408
2026-08-02 17:15:00+00:00,4067.6,58.671,4.23886285663836
2026-08-02 17:30:00+00:00,4070.8,58.686,4.239393621781366
2026-08-02 17:45:00+00:00,4074.6,58.71,4.239917791271706
2026-08-02 18:00:00+00:00,4072.5,58.566,4.241858017055317
2026-08-02 18:15:00+00:00,4073.4,58.85,4.237241476829371
2026-08-02 18:30:00+00:00,4074.1,58.881,4.236886684414288
2026-08-02 18:45:00+00:00,4073.1,58.839,4.237354758926862
2026-08-02 19:00:00+00:00,4072.2,58.899,4.236114560353046
2026-08-02 19:15:00+00:00,4071.7,58.855,4.236739089781528
2026-08-02 19:30:00+00:00,4072.8,59.017,4.234260464592275
2026-08-02 19:45:00+00:00,4072.6,58.967,4.235058929723513
2026-08-02 20:00:00+00:00,4073.4,59.059,4.233696366296853
2026-08-02 20:15:00+00:00,4075.4,59.068,4.234034857755309
2026-08-02 20:30:00+00:00,4076.7,59.107,4.233693755879952
2026-08-02 20:45:00+00:00,4076.0,58.962,4.235978225734271
2026-08-02 21:00:00+00:00,4075.7,59.169,4.232400033974244
2026-08-02 21:15:00+00:00,4077.7,59.126,4.23361762296675
2026-08-02 21:30:00+00:00,4081.5,59.254,4.232386558606382
2026-08-02 21:45:00+00:00,4081.3,59.15,4.234094253673846
2026-08-02 22:00:00+00:00,4081.0,58.49,4.245241535950871
2026-08-02 22:15:00+00:00,4069.6,58.429,4.243487651584642
2026-08-02 22:30:00+00:00,4070.9,58.5,4.242592629974276
2026-08-02 22:45:00+00:00,4067.6,58.384,4.243766544222891
2026-08-02 23:00:00+00:00,4069.6,58.305,4.2456121405362595
2026-08-02 23:15:00+00:00,4076.3,58.372,4.2461086703988205
2026-08-02 23:30:00+00:00,4073.4,58.311,4.246442555731616
2026-08-02 23:45:00+00:00,4078.7,58.33,4.24741704840917
2026-08-03 00:00:00+00:00,4075.1,58.215,4.248507511762186
2026-08-03 00:15:00+00:00,4068.3,58.063,4.2494518728149115
2026-08-03 00:30:00+00:00,4062.2,57.975,4.24946809461579
2026-08-03 00:45:00+00:00,4060.4,58.013,4.248369646547975
2026-08-03 01:00:00+00:00,4056.6,58.097,4.245986435911836
2026-08-03 01:15:00+00:00,4057.4,58.201,4.244395116646864
2026-08-03 01:30:00+00:00,4055.0,58.208,4.2436831642138015
2026-08-03 01:45:00+00:00,4061.3,58.242,4.244651654429836
2026-08-03 02:00:00+00:00,4060.0,58.178,4.245430976193846
2026-08-03 02:15:00+00:00,4062.0,58.187,4.245768780050812
2026-08-03 02:30:00+00:00,4063.8,58.116,4.2474327622398205
2026-08-03 02:45:00+00:00,4067.0,58.165,4.247377106638495
2026-08-03 03:00:00+00:00,4068.0,58.221,4.246660642770383
2026-08-03 03:15:00+00:00,4067.6,58.154,4.24771375969984
2026-08-03 03:30:00+00:00,4064.9,58.19,4.246430902764739
2026-08-03 03:45:00+00:00,4068.8,58.271,4.245998852170512
2026-08-03 04:00:00+00:00,4070.5,58.294,4.246021948905768
2026-08-03 04:15:00+00:00,4072.6,58.413,4.244498427314821
2026-08-03 04:30:00+00:00,4074.6,58.557,4.242527222515218
2026-08-03 04:45:00+00:00,4068.9,58.332,4.24497714378546
2026-08-03 05:00:00+00:00,4061.9,58.216,4.245245892377932
2026-08-03 05:15:00+00:00,4065.0,58.172,4.246764882666447
2026-08-03 05:30:00+00:00,4067.6,58.019,4.250037880808312
2026-08-03 05:45:00+00:00,4073.0,58.18,4.248593454581357
2026-08-03 06:00:00+00:00,4070.2,58.175,4.247991708090092
2026-08-03 06:15:00+00:00,4071.2,58.399,4.244394308874718
2026-08-03 06:30:00+00:00,4068.2,58.224,4.2466582792985825
2026-08-03 06:45:00+00:00,4067.6,58.132,4.2480921371530584
2026-08-03 07:00:00+00:00,4064.4,58.026,4.249130223648845
2026-08-03 07:15:00+00:00,4061.6,58.04,4.248199835617197
2026-08-03 07:30:00+00:00,4062.3,58.14,4.246650699526159
2026-08-03 07:45:00+00:00,4064.8,58.311,4.244329065475482
2026-08-03 08:00:00+00:00,4065.1,58.286,4.244831694627714
2026-08-03 08:15:00+00:00,4059.4,58.213,4.24468176093139
2026-08-03 08:30:00+00:00,4061.6,58.356,4.242770082423536
2026-08-03 08:45:00+00:00,4062.0,58.371,4.242611550982981
2026-08-03 09:00:00+00:00,4064.8,58.397,4.242855301627831
2026-08-03 09:15:00+00:00,4056.6,58.233,4.243648258967624
2026-08-03 09:30:00+00:00,4057.3,58.215,4.244129953249291
2026-08-03 09:45:00+00:00,4059.0,58.249,4.243964991922423
2026-08-03 10:00:00+00:00,4059.1,58.207,4.24471093072639
2026-08-03 10:15:00+00:00,4057.2,58.127,4.245618087584132
2026-08-03 10:30:00+00:00,4052.5,57.994,4.246749696690416
2026-08-03 10:45:00+00:00,4051.2,58.024,4.245911694448691
2026-08-03 11:00:00+00:00,4053.4,58.0,4.246868303538793
2026-08-03 11:15:00+00:00,4052.1,57.916,4.247996859315653
2026-08-03 11:30:00+00:00,4057.3,57.977,4.248226626563417
2026-08-03 11:45:00+00:00,4064.2,58.031,4.248994850125837
2026-08-03 12:00:00+00:00,4058.0,57.876,4.250142729510925
2026-08-03 12:15:00+00:00,4053.9,57.695,4.252264145065519
2026-08-03 12:30:00+00:00,4047.4,57.575,4.25274153293081
2026-08-03 12:45:00+00:00,4050.5,57.502,4.2547758794634465
2026-08-03 13:00:00+00:00,4042.5,56.832,4.264519044081557
2026-08-03 13:15:00+00:00,4035.8,56.754,4.264233687772696
2026-08-03 13:30:00+00:00,4035.1,56.928,4.2609990520609875
2026-08-03 13:45:00+00:00,4035.2,57.149,4.257149253495642
2026-08-03 14:00:00+00:00,4036.1,57.272,4.255222310079608
2026-08-03 14:15:00+00:00,4035.8,57.132,4.257595446231401
2026-08-03 14:30:00+00:00,4040.5,57.279,4.256189661274065
2026-08-03 14:45:00+00:00,4040.1,57.339,4.255043702653535
2026-08-03 15:00:00+00:00,4036.8,57.405,4.253076170341018
2026-08-03 15:15:00+00:00,4036.0,57.28,4.255057858821109
2026-08-03 15:30:00+00:00,4039.8,57.41,4.253731960599745
2026-08-03 15:45:00+00:00,4039.5,57.481,4.252421742504669
2026-08-03 16:00:00+00:00,4039.1,57.46,4.252688120309395
2026-08-03 16:15:00+00:00,4040.9,57.5,4.25243777061906
2026-08-03 16:30:00+00:00,4042.3,57.681,4.249641286033869
2026-08-03 16:45:00+00:00,4040.9,57.693,4.249086869425544
2026-08-03 17:00:00+00:00,4037.9,57.661,4.248898998725808
2026-08-03 17:15:00+00:00,4038.7,57.684,4.24869829829416
2026-08-03 17:30:00+00:00,4039.9,57.794,4.247090254111882
2026-08-03 17:45:00+00:00,4034.6,57.663,4.248046723207146
2026-08-03 18:00:00+00:00,4039.8,57.843,4.246218021053922
2026-08-03 18:15:00+00:00,4041.0,57.907,4.245409189706938
2026-08-03 18:30:00+00:00,4043.7,57.945,4.24542110862598
2026-08-03 18:45:00+00:00,4047.6,57.939,4.246488658897033
2026-08-03 19:00:00+00:00,4050.1,58.039,4.245381652783124
2026-08-03 19:15:00+00:00,4056.1,58.14,4.245123304668711
2026-08-03 19:30:00+00:00,4056.8,58.131,4.245450680094255
2026-08-03 19:45:00+00:00,4056.2,58.076,4.24624935609859
2026-08-03 20:00:00+00:00,4055.8,58.085,4.245995779425125
2026-08-03 20:15:00+00:00,4058.0,58.134,4.245694829754838
2026-08-03 20:30:00+00:00,4060.9,58.212,4.245068383855301
2026-08-03 20:45:00+00:00,4057.5,58.232,4.24388726757279
2026-08-03 21:00:00+00:00,4058.4,58.247,4.243851497278874
2026-08-03 21:15:00+00:00,4058.6,58.248,4.243883608450458
2026-08-03 21:30:00+00:00,4058.0,58.239,4.243890286974412
2026-08-03 21:45:00+00:00,4058.0,58.218,4.244250935114542
2026-08-03 22:00:00+00:00,4054.5,58.082,4.245726849199244
2026-08-03 22:15:00+00:00,4054.7,58.123,4.245070526361914
2026-08-03 22:30:00+00:00,4056.3,58.161,4.244811480007642
2026-08-03 22:45:00+00:00,4056.1,58.166,4.244676208208801
2026-08-03 23:00:00+00:00,4054.7,58.149,4.244623299163046
2026-08-03 23:15:00+00:00,4054.4,58.119,4.2450653573539014
2026-08-03 23:30:00+00:00,4055.4,58.114,4.2453980066482035
2026-08-03 23:45:00+00:00,4056.4,58.272,4.242929456192644
2026-08-04 00:00:00+00:00,4066.4,58.422,4.242820834908018
2026-08-04 00:15:00+00:00,4062.6,58.351,4.24310194517336
2026-08-04 00:30:00+00:00,4058.5,58.29,4.243138174143772
2026-08-04 00:45:00+00:00,4052.0,58.151,4.2439227896472085
2026-08-04 01:00:00+00:00,4050.1,58.154,4.24340218693664
2026-08-04 01:15:00+00:00,4050.8,58.368,4.239901877006264
2026-08-04 01:30:00+00:00,4062.5,58.696,4.2371822452262995
2026-08-04 01:45:00+00:00,4061.3,58.695,4.236903854057495
2026-08-04 02:00:00+00:00,4060.2,58.672,4.237024901137264
2026-08-04 02:15:00+00:00,4059.1,58.698,4.236310898442077
2026-08-04 02:30:00+00:00,4064.4,58.824,4.235471474717805
2026-08-04 02:45:00+00:00,4060.9,58.674,4.237163204348188
2026-08-04 03:00:00+00:00,4060.4,58.687,4.236818532679898
2026-08-04 03:15:00+00:00,4060.4,58.783,4.235184072453939
2026-08-04 03:30:00+00:00,4055.9,58.658,4.23620392195017
2026-08-04 03:45:00+00:00,4055.4,58.7,4.235364878500313
2026-08-04 04:00:00+00:00,4058.5,58.798,4.234460885480567
2026-08-04 04:15:00+00:00,4062.6,58.936,4.233126332339142
2026-08-04 04:30:00+00:00,4065.2,58.975,4.2331045959698725
2026-08-04 04:45:00+00:00,4067.0,59.0,4.2331234620015055
2026-08-04 05:00:00+00:00,4060.8,58.79,4.235163505105905
2026-08-04 05:15:00+00:00,4065.4,58.962,4.233374249516516
2026-08-04 05:30:00+00:00,4064.7,58.955,4.233320777491858
2026-08-04 05:45:00+00:00,4063.4,59.012,4.23203452750819
2026-08-04 06:00:00+00:00,4066.2,59.085,4.231487096279143
2026-08-04 06:15:00+00:00,4062.7,58.962,4.2327098875870846
2026-08-04 06:30:00+00:00,4060.7,58.925,4.232845202705137
2026-08-04 06:45:00+00:00,4064.3,58.963,4.233086676890969
2026-08-04 07:00:00+00:00,4063.4,58.967,4.232797375170609
2026-08-04 07:15:00+00:00,4065.4,59.041,4.232035300306709
2026-08-04 07:30:00+00:00,4065.1,58.949,4.233520958614249
2026-08-04 07:45:00+00:00,4066.6,59.016,4.23275395489424
2026-08-04 08:00:00+00:00,4070.1,59.079,4.232547316841203
2026-08-04 08:15:00+00:00,4064.4,58.98,4.232823006224597
2026-08-04 08:30:00+00:00,4061.6,58.938,4.232846219712397
2026-08-04 08:45:00+00:00,4058.2,58.787,4.234574062507968
2026-08-04 09:00:00+00:00,4052.9,58.669,4.235276474935854
2026-08-04 09:15:00+00:00,4053.3,58.748,4.234029533242407
2026-08-04 09:30:00+00:00,4052.7,58.837,4.232367695934322
2026-08-04 09:45:00+00:00,4052.5,58.774,4.233389673365019
2026-08-04 10:00:00+00:00,4051.9,58.701,4.234484423429187
2026-08-04 10:15:00+00:00,4052.3,58.713,4.23437873274933
2026-08-04 10:30:00+00:00,4055.0,58.811,4.2333770543113145
2026-08-04 10:45:00+00:00,4056.3,58.839,4.233221606685339
2026-08-04 11:00:00+00:00,4059.9,58.923,4.232682114955396
2026-08-04 11:15:00+00:00,4063.1,59.124,4.230064574690424
2026-08-04 11:30:00+00:00,4071.1,59.301,4.229042342922579
2026-08-04 11:45:00+00:00,4076.8,59.493,4.227208987365987
2026-08-04 12:00:00+00:00,4064.8,59.224,4.228792955138725
2026-08-04 12:15:00+00:00,4070.3,59.588,4.22401777427655
2026-08-04 12:30:00+00:00,4079.4,59.722,4.224004736032025
2026-08-04 12:45:00+00:00,4072.2,59.876,4.219662915884778
2026-08-04 13:00:00+00:00,4066.3,59.514,4.224277195061888
2026-08-04 13:15:00+00:00,4080.1,59.744,4.223808009542457
2026-08-04 13:30:00+00:00,4086.1,59.769,4.224859116996313
2026-08-04 13:45:00+00:00,4085.2,59.709,4.225643202898751
2026-08-04 14:00:00+00:00,4091.1,59.843,4.224844695432488
2026-08-04 14:15:00+00:00,4086.0,59.559,4.228354357494516
2026-08-04 14:30:00+00:00,4081.3,59.426,4.229439003059201
2026-08-04 14:45:00+00:00,4087.4,59.576,4.228411541666091
2026-08-04 15:00:00+00:00,4087.5,59.571,4.2285199367325035
2026-08-04 15:15:00+00:00,4080.7,59.444,4.228989128413121
2026-08-04 15:30:00+00:00,4087.0,59.725,4.225815790352404
2026-08-04 15:45:00+00:00,4090.2,59.756,4.2260795434167235
2026-08-04 16:00:00+00:00,4087.2,59.716,4.226015426825245
2026-08-04 16:15:00+00:00,4089.1,59.839,4.224422553626139
2026-08-04 16:30:00+00:00,4090.1,59.865,4.224232671446898
2026-08-04 16:45:00+00:00,4095.1,59.861,4.2255212080819025
2026-08-04 17:00:00+00:00,4102.0,59.982,4.225185421419227
2026-08-04 17:15:00+00:00,4097.4,59.921,4.2250808772068345
2026-08-04 17:30:00+00:00,4098.0,59.965,4.22449327011516
2026-08-04 17:45:00+00:00,4089.1,59.833,4.224522827708715
2026-08-04 18:00:00+00:00,4089.8,59.78,4.2255801912299225
2026-08-04 18:15:00+00:00,4087.6,59.761,4.225360005452426
2026-08-04 18:30:00+00:00,4079.7,59.607,4.226005718443961
2026-08-04 18:45:00+00:00,4082.3,59.653,4.225871393397584
2026-08-04 19:00:00+00:00,4085.3,59.654,4.226589239877013
2026-08-04 19:15:00+00:00,4083.4,59.657,4.226073760827866
2026-08-04 19:30:00+00:00,4084.5,59.711,4.225438342749798
2026-08-04 19:45:00+00:00,4080.8,59.604,4.226325640695503
2026-08-04 20:00:00+00:00,4082.2,59.636,4.226131919193789
2026-08-04 20:15:00+00:00,4078.6,59.536,4.22692789965398
2026-08-04 20:30:00+00:00,4081.4,59.556,4.227278299401681
2026-08-04 20:45:00+00:00,4081.2,59.585,4.22674247725838
2026-08-04 21:00:00+00:00,4087.8,59.601,4.228089854553641
2026-08-04 21:15:00+00:00,4087.7,59.61,4.227914398440265
2026-08-04 21:30:00+00:00,4087.6,59.631,4.227537706661482
2026-08-04 21:45:00+00:00,4086.3,59.61,4.22757184888957
2026-08-04 22:00:00+00:00,4079.9,59.563,4.226793181371182
2026-08-04 22:15:00+00:00,4082.1,59.594,4.226811943002238
2026-08-04 22:30:00+00:00,4086.2,59.602,4.227681591250453
2026-08-04 22:45:00+00:00,4080.1,59.534,4.227329198981892
2026-08-04 23:00:00+00:00,4076.5,59.523,4.226631263622522
2026-08-04 23:15:00+00:00,4070.1,59.49,4.225614616959558
2026-08-04 23:30:00+00:00,4071.8,59.452,4.2266711768239285
2026-08-04 23:45:00+00:00,4074.9,59.482,4.226927739722085
2026-08-05 00:00:00+00:00,4073.6,59.469,4.226827239986903
2026-08-05 00:15:00+00:00,4078.9,59.647,4.22513876930321
2026-08-05 00:30:00+00:00,4079.6,59.642,4.225394199501519
2026-08-05 00:45:00+00:00,4082.0,59.762,4.223972335903101
2026-08-05 01:00:00+00:00,4086.2,59.737,4.225419127888336
2026-08-05 01:15:00+00:00,4084.9,59.632,4.226860184453404
2026-08-05 01:30:00+00:00,4092.0,59.886,4.224346372139013
2026-08-05 01:45:00+00:00,4102.2,59.94,4.225934632259286
2026-08-05 02:00:00+00:00,4100.7,59.907,4.226119610097353
2026-08-05 02:15:00+00:00,4105.6,59.942,4.226729746389423
2026-08-05 02:30:00+00:00,4129.0,60.613,4.221281134365113
2026-08-05 02:45:00+00:00,4133.0,60.74,4.220156354894129
2026-08-05 03:00:00+00:00,4137.7,60.941,4.217989173879513
2026-08-05 03:15:00+00:00,4132.3,60.838,4.218374837928846
2026-08-05 03:30:00+00:00,4130.0,60.782,4.218738993446768
2026-08-05 03:45:00+00:00,4130.2,60.797,4.218540665283195
2026-08-05 04:00:00+00:00,4140.0,60.84,4.220203599428268
2026-08-05 04:15:00+00:00,4139.5,60.87,4.2195898440730275
2026-08-05 04:30:00+00:00,4137.0,60.796,4.220202169127197
2026-08-05 04:45:00+00:00,4137.5,60.814,4.2200269940617945
2026-08-05 05:00:00+00:00,4139.7,60.845,4.220048953636855
2026-08-05 05:15:00+00:00,4141.9,60.992,4.218167190706224
2026-08-05 05:30:00+00:00,4159.9,61.392,4.215966781000246
2026-08-05 05:45:00+00:00,4164.3,61.481,4.215575289258879
2026-08-05 06:00:00+00:00,4175.1,61.574,4.21665388557648
2026-08-05 06:15:00+00:00,4168.8,61.554,4.215468665261374
2026-08-05 06:30:00+00:00,4176.0,61.888,4.2117828297316455
2026-08-05 06:45:00+00:00,4178.9,61.871,4.212751760657415
2026-08-05 07:00:00+00:00,4167.8,61.702,4.212827252340141
2026-08-05 07:15:00+00:00,4164.9,61.636,4.213201429289259
2026-08-05 07:30:00+00:00,4167.1,61.747,4.211930237882715
2026-08-05 07:45:00+00:00,4171.8,61.879,4.210922011069019
2026-08-05 08:00:00+00:00,4165.8,61.658,4.213060626994356
2026-08-05 08:15:00+00:00,4164.2,61.574,4.214039755803656
2026-08-05 08:30:00+00:00,4166.0,61.595,4.21413092340698
2026-08-05 08:45:00+00:00,4160.9,61.475,4.214856087907444
2026-08-05 09:00:00+00:00,4164.0,61.605,4.213488393658228
2026-08-05 09:15:00+00:00,4157.8,61.442,4.214647726820071
2026-08-05 09:30:00+00:00,4157.4,61.536,4.213022788455021
2026-08-05 09:45:00+00:00,4159.0,61.461,4.21462711242774
2026-08-05 10:00:00+00:00,4152.4,61.239,4.216657517859534
2026-08-05 10:15:00+00:00,4158.3,61.238,4.218093704024438
2026-08-05 10:30:00+00:00,4156.6,61.15,4.219122849251791
2026-08-05 10:45:00+00:00,4162.6,61.286,4.218343726157653
2026-08-05 11:00:00+00:00,4171.0,61.589,4.215427811031819
2026-08-05 11:15:00+00:00,4176.6,61.742,4.214288384943389
2026-08-05 11:30:00+00:00,4186.2,61.896,4.2140931229260925
2026-08-05 11:45:00+00:00,4190.2,62.011,4.213191955810934
2026-08-05 12:00:00+00:00,4199.1,62.216,4.212013294202068
2026-08-05 12:15:00+00:00,4207.4,62.278,4.2129919252876595
2026-08-05 12:30:00+00:00,4195.8,61.856,4.217030200911956
2026-08-05 12:45:00+00:00,4185.4,61.519,4.2200114876177555
2026-08-05 13:00:00+00:00,4189.0,61.79,4.216475781874147
2026-08-05 13:15:00+00:00,4198.7,62.12,4.213462234269068
2026-08-05 13:30:00+00:00,4198.4,62.104,4.213648380206336
2026-08-05 13:45:00+00:00,4206.1,62.382,4.211014359314849
2026-08-05 14:00:00+00:00,4230.0,62.552,4.213959061218111
2026-08-05 14:15:00+00:00,4237.7,62.438,4.2176018838303335
2026-08-05 14:30:00+00:00,4243.5,62.499,4.217993122795377
2026-08-05 14:45:00+00:00,4245.4,62.285,4.221870696472288
2026-08-05 15:00:00+00:00,4259.2,62.461,4.222294266227465
2026-08-05 15:15:00+00:00,4258.6,62.453,4.222281472903775
2026-08-05 15:30:00+00:00,4256.0,62.378,4.222872381913998
2026-08-05 15:45:00+00:00,4233.8,61.91,4.225173496392339
2026-08-05 16:00:00+00:00,4235.0,61.884,4.225876942229332
2026-08-05 16:15:00+00:00,4242.8,62.17,4.223106139350069
2026-08-05 16:30:00+00:00,4246.2,62.202,4.223392590740764
2026-08-05 16:45:00+00:00,4243.4,62.104,4.224309714575637
2026-08-05 17:00:00+00:00,4242.2,62.052,4.224864538383031
2026-08-05 17:15:00+00:00,4244.7,62.118,4.224390622857985
2026-08-05 17:30:00+00:00,4250.4,62.183,4.224686724645209
2026-08-05 17:45:00+00:00,4252.1,62.207,4.224700723923708
2026-08-05 18:00:00+00:00,4256.2,62.144,4.226677749729712
2026-08-05 18:15:00+00:00,4264.4,62.325,4.225694140666699
2026-08-05 18:30:00+00:00,4261.3,62.226,4.226556638193853
2026-08-05 18:45:00+00:00,4262.5,62.248,4.226484715277143
2026-08-05 19:00:00+00:00,4259.6,62.301,4.224953061112277
2026-08-05 19:15:00+00:00,4254.3,62.155,4.226054249891732
2026-08-05 19:30:00+00:00,4253.2,62.079,4.227019152279129
2026-08-05 19:45:00+00:00,4247.7,62.051,4.226176311402825
2026-08-05 20:00:00+00:00,4250.5,62.1,4.22604591311798
2026-08-05 20:15:00+00:00,4247.3,61.983,4.227178612017219
2026-08-05 20:30:00+00:00,4248.6,62.043,4.226517102847135
2026-08-05 20:45:00+00:00,4250.4,62.064,4.226602264439122
2026-08-05 21:00:00+00:00,4250.6,62.209,4.224315744612939
2026-08-05 21:15:00+00:00,4250.4,62.154,4.225153198832714
2026-08-05 21:30:00+00:00,4250.5,62.168,4.224951504150472
2026-08-05 21:45:00+00:00,4250.6,62.183,4.224733777933066
2026-08-05 22:00:00+00:00,4248.0,62.135,4.224894125663817
2026-08-05 22:15:00+00:00,4247.8,62.157,4.224493038487691
2026-08-05 22:30:00+00:00,4250.1,62.08,4.226273915178452
2026-08-05 22:45:00+00:00,4250.1,62.067,4.226483344323699
2026-08-05 23:00:00+00:00,4256.9,62.128,4.227099701841764
2026-08-05 23:15:00+00:00,4263.7,62.182,4.227827038101239
2026-08-05 23:30:00+00:00,4280.0,62.316,4.2294900739256605
2026-08-05 23:45:00+00:00,4278.0,62.253,4.230034162687684
2026-08-06 00:00:00+00:00,4270.2,62.232,4.228546606628807
2026-08-06 00:15:00+00:00,4274.2,62.21,4.229836470829162
2026-08-06 00:30:00+00:00,4286.0,62.419,4.229239459825466
2026-08-06 00:45:00+00:00,4293.6,62.69,4.226678875576742
2026-08-06 01:00:00+00:00,4283.5,62.48,4.227679205872668
2026-08-06 01:15:00+00:00,4275.7,62.1,4.231957121717115
2026-08-06 01:30:00+00:00,4288.2,62.234,4.2327208692590075
2026-08-06 01:45:00+00:00,4286.6,62.268,4.231801506729429
2026-08-06 02:00:00+00:00,4294.7,62.422,4.231219205975763
2026-08-06 02:15:00+00:00,4292.0,62.401,4.230926802862591
2026-08-06 02:30:00+00:00,4284.5,62.394,4.229290021203023
2026-08-06 02:45:00+00:00,4277.1,62.325,4.228667859418404
2026-08-06 03:00:00+00:00,4274.1,62.212,4.229780925708982
2026-08-06 03:15:00+00:00,4265.3,62.03,4.230649658443567
2026-08-06 03:30:00+00:00,4263.1,61.996,4.230682007314205
2026-08-06 03:45:00+00:00,4265.7,62.115,4.229374067404798
2026-08-06 04:00:00+00:00,4265.1,62.116,4.229217301602819
2026-08-06 04:15:00+00:00,4255.9,62.072,4.22776653291319
2026-08-06 04:30:00+00:00,4260.1,62.102,4.228269718626316
2026-08-06 04:45:00+00:00,4263.8,62.181,4.227866573587565
2026-08-06 05:00:00+00:00,4260.6,62.127,4.227984597358545
2026-08-06 05:15:00+00:00,4255.9,61.852,4.231317099891654
2026-08-06 05:30:00+00:00,4264.3,61.989,4.231076369893998
2026-08-06 05:45:00+00:00,4268.3,62.168,4.229130502578648
2026-08-06 06:00:00+00:00,4260.9,61.997,4.230149687777568
2026-08-06 06:15:00+00:00,4258.9,61.957,4.23032559391544
2026-08-06 06:30:00+00:00,4257.6,61.765,4.233124039234648
2026-08-06 06:45:00+00:00,4257.1,61.686,4.234286455484779
2026-08-06 07:00:00+00:00,4264.6,61.887,4.232793527413153
2026-08-06 07:15:00+00:00,4263.9,61.904,4.232354715454918
2026-08-06 07:30:00+00:00,4257.3,61.827,4.2320502732511205
2026-08-06 07:45:00+00:00,4263.3,61.955,4.231390472197469
2026-08-06 08:00:00+00:00,4270.4,61.993,4.232441303205023
2026-08-06 08:15:00+00:00,4269.5,61.898,4.233764134356801
2026-08-06 08:30:00+00:00,4273.3,61.893,4.234734553790198
2026-08-06 08:45:00+00:00,4279.3,62.114,4.23257331743283
2026-08-06 09:00:00+00:00,4278.6,62.009,4.234101596461779
2026-08-06 09:15:00+00:00,4283.8,62.044,4.234751934374538
2026-08-06 09:30:00+00:00,4273.0,61.83,4.235682752073548
2026-08-06 09:45:00+00:00,4273.5,61.91,4.234506725074932
2026-08-06 10:00:00+00:00,4270.0,61.819,4.235158345644356
2026-08-06 10:15:00+00:00,4270.4,61.879,4.234281913386251
2026-08-06 10:30:00+00:00,4266.5,61.774,4.235066534011216
2026-08-06 10:45:00+00:00,4271.9,61.765,4.236477111137576
2026-08-06 11:00:00+00:00,4269.1,61.75,4.236064335665144
2026-08-06 11:15:00+00:00,4264.0,61.819,4.233752205267367
2026-08-06 11:30:00+00:00,4261.4,61.728,4.234615387047947
2026-08-06 11:45:00+00:00,4264.1,61.835,4.233516870534261
2026-08-06 12:00:00+00:00,4258.2,61.552,4.236719468749053
2026-08-06 12:15:00+00:00,4261.8,61.633,4.236249443850301
2026-08-06 12:30:00+00:00,4268.9,61.664,4.237411169562021
2026-08-06 12:45:00+00:00,4252.5,61.259,4.240151546864115
2026-08-06 13:00:00+00:00,4239.9,61.183,4.238425589889105
2026-08-06 13:15:00+00:00,4248.6,61.396,4.2370001094346215
2026-08-06 13:30:00+00:00,4272.7,61.734,4.237166392273002
2026-08-06 13:45:00+00:00,4268.5,61.643,4.237658077487774
2026-08-06 14:00:00+00:00,4269.9,61.613,4.238472799509765
2026-08-06 14:15:00+00:00,4266.8,61.569,4.238460913636247
2026-08-06 14:30:00+00:00,4275.2,61.751,4.237475994193328
2026-08-06 14:45:00+00:00,4273.0,61.705,4.237706470738878
2026-08-06 15:00:00+00:00,4264.6,61.599,4.237458032250663
2026-08-06 15:15:00+00:00,4257.1,61.433,4.238396306216441
2026-08-06 15:30:00+00:00,4253.1,61.328,4.2391668991534965
2026-08-06 15:45:00+00:00,4235.6,61.125,4.238359325761263
2026-08-06 16:00:00+00:00,4234.7,61.125,4.238146818529315
2026-08-06 16:15:00+00:00,4232.2,61.059,4.238636621561819
2026-08-06 16:30:00+00:00,4236.7,61.209,4.237245705775331
2026-08-06 16:45:00+00:00,4244.1,61.362,4.236494311081068
2026-08-06 17:00:00+00:00,4245.0,61.362,4.2367063476935165
2026-08-06 17:15:00+00:00,4243.3,61.347,4.236550277187157
2026-08-06 17:30:00+00:00,4244.8,61.353,4.236805913666608
2026-08-06 17:45:00+00:00,4248.7,61.498,4.2353636788155
2026-08-06 18:00:00+00:00,4248.3,61.494,4.235334572819642
2026-08-06 18:15:00+00:00,4246.7,61.512,4.234665211990923
2026-08-06 18:30:00+00:00,4242.4,61.502,4.233814731214019
2026-08-06 18:45:00+00:00,4243.8,61.523,4.233803284632177
2026-08-06 19:00:00+00:00,4249.5,61.728,4.231818971215362
2026-08-06 19:15:00+00:00,4237.8,61.56,4.231787236672253
2026-08-06 19:30:00+00:00,4234.5,61.513,4.231772001773412
2026-08-06 19:45:00+00:00,4248.3,61.82,4.230047245193153
2026-08-06 20:00:00+00:00,4243.6,61.691,4.23102919141228
2026-08-06 20:15:00+00:00,4242.2,61.591,4.232321525615959
2026-08-06 20:30:00+00:00,4235.1,61.514,4.23189742837594
2026-08-06 20:45:00+00:00,4239.5,61.572,4.23199339499623
2026-08-06 21:00:00+00:00,4240.3,61.627,4.23128921424271
2026-08-06 21:15:00+00:00,4243.4,61.666,4.2313873881380495
2026-08-06 21:30:00+00:00,4240.8,61.689,4.230401576666106
2026-08-06 21:45:00+00:00,4240.3,61.646,4.230980955335237
2026-08-06 22:00:00+00:00,4238.5,61.534,4.232374844470321
2026-08-06 22:15:00+00:00,4241.3,61.568,4.232482849963016
2026-08-06 22:30:00+00:00,4240.2,61.541,4.232662097569231
2026-08-06 22:45:00+00:00,4241.5,61.531,4.2331311463927745
2026-08-06 23:00:00+00:00,4244.7,61.599,4.232780788228545
2026-08-06 23:15:00+00:00,4245.0,61.594,4.232932635547317
2026-08-06 23:30:00+00:00,4247.2,61.676,4.2321203449603555
2026-08-06 23:45:00+00:00,4253.2,61.702,4.233110574480082
2026-08-07 00:00:00+00:00,4246.0,61.523,4.23432155362538
2026-08-07 00:15:00+00:00,4244.0,61.471,4.23469598084902
2026-08-07 00:30:00+00:00,4234.7,61.261,4.235924341187463
2026-08-07 00:45:00+00:00,4230.1,61.191,4.235980792542284
2026-08-07 01:00:00+00:00,4242.2,61.578,4.232532617693484
2026-08-07 01:15:00+00:00,4241.9,61.756,4.229575424281132
2026-08-07 01:30:00+00:00,4255.6,61.975,4.229259963720957
2026-08-07 01:45:00+00:00,4254.9,62.111,4.2269034320601575
2026-08-07 02:00:00+00:00,4258.1,62.178,4.226577090951838
2026-08-07 02:15:00+00:00,4258.9,62.297,4.224852919416629
2026-08-07 02:30:00+00:00,4248.5,61.988,4.227380440518507
2026-08-07 02:45:00+00:00,4248.3,62.02,4.22681726822482
2026-08-07 03:00:00+00:00,4253.3,62.14,4.226060527244465
2026-08-07 03:15:00+00:00,4256.4,62.219,4.225518592229813
2026-08-07 03:30:00+00:00,4258.6,62.269,4.225232037094365
2026-08-07 03:45:00+00:00,4263.8,62.361,4.224975980448979
2026-08-07 04:00:00+00:00,4264.9,62.367,4.225137723658964
2026-08-07 04:15:00+00:00,4264.4,62.262,4.226705482225124
2026-08-07 04:30:00+00:00,4262.0,62.248,4.226367406343933
2026-08-07 04:45:00+00:00,4263.0,62.291,4.225911463686777
2026-08-07 05:00:00+00:00,4268.0,62.331,4.226441718090886
2026-08-07 05:15:00+00:00,4264.1,62.273,4.226458472711974
2026-08-07 05:30:00+00:00,4270.3,62.457,4.224961041404215
2026-08-07 05:45:00+00:00,4279.2,62.766,4.222107829627362
2026-08-07 06:00:00+00:00,4287.6,63.346,4.214870651322322
2026-08-07 06:15:00+00:00,4283.9,63.41,4.212997510912853
2026-08-07 06:30:00+00:00,4292.6,63.75,4.209678704909029
2026-08-07 06:45:00+00:00,4297.3,63.802,4.2099576596669745
2026-08-07 07:00:00+00:00,4291.7,63.648,4.211070301152394
2026-08-07 07:15:00+00:00,4286.3,63.635,4.210015535473597
2026-08-07 07:30:00+00:00,4286.2,63.79,4.207559400246711
2026-08-07 07:45:00+00:00,4290.3,63.885,4.207027347503713
2026-08-07 08:00:00+00:00,4301.0,64.29,4.203198734630141
2026-08-07 08:15:00+00:00,4295.5,64.099,4.204894478897202
2026-08-07 08:30:00+00:00,4309.9,64.339,4.204504001713218
2026-08-07 08:45:00+00:00,4307.9,64.335,4.2041020187422395
2026-08-07 09:00:00+00:00,4307.6,64.347,4.203845870545958
2026-08-07 09:15:00+00:00,4307.8,64.372,4.203503855987006
2026-08-07 09:30:00+00:00,4318.4,64.577,4.202781932023162
2026-08-07 09:45:00+00:00,4318.2,64.47,4.204393928419285
2026-08-07 10:00:00+00:00,4310.6,64.393,4.20382745299538
2026-08-07 10:15:00+00:00,4315.1,64.35,4.205538844177888
2026-08-07 10:30:00+00:00,4319.9,64.397,4.20592048464777
2026-08-07 10:45:00+00:00,4318.9,64.36,4.206263697060716
2026-08-07 11:00:00+00:00,4322.6,64.208,4.209484538525257
2026-08-07 11:15:00+00:00,4327.0,64.168,4.211125096160261
2026-08-07 11:30:00+00:00,4324.9,64.127,4.211278805623008
2026-08-07 11:45:00+00:00,4324.1,64.124,4.211140596398758
2026-08-07 12:00:00+00:00,4317.5,64.136,4.209425981280184
2026-08-07 12:15:00+00:00,4309.1,63.947,4.210429729312474
2026-08-07 12:30:00+00:00,4364.7,64.829,4.209551703279096
2026-08-07 12:45:00+00:00,4358.5,64.737,4.209550332230192
2026-08-07 13:00:00+00:00,4347.5,64.132,4.216412786901847
2026-08-07 13:15:00+00:00,4357.0,64.194,4.217629277732917
2026-08-07 13:30:00+00:00,4360.3,64.28,4.217047600446102
2026-08-07 13:45:00+00:00,4346.7,63.937,4.219273991950371
2026-08-07 14:00:00+00:00,4334.6,63.534,4.222809417077929
2026-08-07 14:15:00+00:00,4350.1,63.789,4.222373350631571
2026-08-07 14:30:00+00:00,4343.6,63.667,4.222792401375837
2026-08-07 14:45:00+00:00,4341.1,63.403,4.22637187226537
2026-08-07 15:00:00+00:00,4354.9,63.767,4.223821111754489
2026-08-07 15:15:00+00:00,4351.2,63.53,4.226694712830309
2026-08-07 15:30:00+00:00,4350.0,63.479,4.22722198154167
2026-08-07 15:45:00+00:00,4341.1,63.377,4.226782031602244
2026-08-07 16:00:00+00:00,4347.1,63.548,4.225468709237249
2026-08-07 16:15:00+00:00,4338.0,63.368,4.2262096892248415
2026-08-07 16:30:00+00:00,4338.4,63.353,4.226538633922003
2026-08-07 16:45:00+00:00,4330.7,63.175,4.227575817473804
2026-08-07 17:00:00+00:00,4336.0,63.241,4.227754718126508
2026-08-07 17:15:00+00:00,4340.1,63.348,4.227009332674175
2026-08-07 17:30:00+00:00,4337.8,63.35,4.226447679361359
2026-08-07 17:45:00+00:00,4340.9,63.391,4.22651508333694
2026-08-07 18:00:00+00:00,4335.7,63.23,4.227859480463465
2026-08-07 18:15:00+00:00,4334.4,63.212,4.227844314783973
2026-08-07 18:30:00+00:00,4334.0,63.282,4.226645253573772
2026-08-07 18:45:00+00:00,4335.3,63.35,4.225871184205246
2026-08-07 19:00:00+00:00,4344.8,63.571,4.224577615205467
2026-08-07 19:15:00+00:00,4348.8,63.65,4.224255898953409
2026-08-07 19:30:00+00:00,4348.4,63.681,4.223676995399429
2026-08-07 19:45:00+00:00,4344.7,63.638,4.223501214236472
2026-08-07 20:00:00+00:00,4343.9,63.525,4.225094311884747
2026-08-07 20:15:00+00:00,4339.1,63.458,4.225043962574876
2026-08-07 20:30:00+00:00,4342.6,63.501,4.225172872253529
2026-08-07 20:45:00+00:00,4342.9,63.635,4.223133973267349
2026-08-07 21:00:00+00:00,4348.3,63.652,4.224109496753073
2026-08-07 21:15:00+00:00,4349.2,63.763,4.222574114305608
2026-08-07 21:30:00+00:00,4348.6,63.751,4.222624363010941
2026-08-07 21:45:00+00:00,4346.5,63.672,4.223381297015571
2026-08-07 22:00:00+00:00,4348.4,63.85,4.221026657851297
2026-08-07 22:15:00+00:00,4348.3,63.848,4.221034984527303
2026-08-07 22:30:00+00:00,4354.2,63.979,4.220341270997261
2026-08-07 22:45:00+00:00,4355.7,63.877,4.222281251969468
2026-08-07 23:00:00+00:00,4352.8,63.93,4.22078586039308
2026-08-07 23:15:00+00:00,4355.1,63.879,4.222112182263121
2026-08-07 23:30:00+00:00,4352.5,63.929,4.220732579094604
2026-08-07 23:45:00+00:00,4356.9,63.916,4.221946353004726
2026-08-08 00:00:00+00:00,4357.7,64.043,4.220144941465413
2026-08-08 00:15:00+00:00,4354.9,64.172,4.217489948421626
2026-08-08 00:30:00+00:00,4351.9,64.065,4.218469617369066
2026-08-08 00:45:00+00:00,4352.0,64.091,4.218086840083171
2026-08-08 01:00:00+00:00,4351.9,64.088,4.218110671417789
2026-08-08 01:15:00+00:00,4351.9,64.076,4.218297931491368
2026-08-08 01:30:00+00:00,4346.5,63.945,4.219102863633836
2026-08-08 01:45:00+00:00,4345.3,63.95,4.218748552170324
2026-08-08 02:00:00+00:00,4341.2,63.846,4.2194321528842105
2026-08-08 02:15:00+00:00,4343.5,63.877,4.219476394511692
2026-08-08 02:30:00+00:00,4343.4,63.88,4.2194064071803385
2026-08-08 02:45:00+00:00,4343.6,63.801,4.220689912133646
2026-08-08 03:00:00+00:00,4344.7,63.788,4.221146905550888
2026-08-08 03:15:00+00:00,4344.2,63.746,4.2216904640976525
2026-08-08 03:30:00+00:00,4345.3,63.76,4.221724045713216
2026-08-08 03:45:00+00:00,4345.3,63.799,4.221112563948461
2026-08-08 04:00:00+00:00,4342.8,63.798,4.220552738460693
2026-08-08 04:15:00+00:00,4345.3,63.806,4.221002850379134
2026-08-08 04:30:00+00:00,4343.4,63.792,4.220784939888151
2026-08-08 04:45:00+00:00,4338.4,63.797,4.219554728225247
2026-08-08 05:00:00+00:00,4339.3,63.764,4.2202795559917865
2026-08-08 05:15:00+00:00,4341.3,63.785,4.220411068421804
2026-08-08 05:30:00+00:00,4341.3,63.769,4.2206619425627
2026-08-08 05:45:00+00:00,4341.3,63.76,4.220803086930097
2026-08-08 06:00:00+00:00,4341.6,63.788,4.220433137863469
2026-08-08 06:15:00+00:00,4341.6,63.806,4.220150992933153
2026-08-08 06:30:00+00:00,4342.9,63.808,4.220419032371987
2026-08-08 06:45:00+00:00,4342.9,63.8,4.220544416360616
2026-08-08 07:00:00+00:00,4343.8,63.802,4.220720282216431
2026-08-08 07:15:00+00:00,4343.9,63.831,4.220288875331284
2026-08-08 07:30:00+00:00,4343.6,63.85,4.219922193864197
2026-08-08 07:45:00+00:00,4343.9,63.886,4.219427596043484
2026-08-08 08:00:00+00:00,4345.2,63.907,4.219398165009966
2026-08-08 08:15:00+00:00,4345.3,63.861,4.220141233776525
2026-08-08 08:30:00+00:00,4345.3,63.837,4.220517120639006
2026-08-08 08:45:00+00:00,4347.0,63.852,4.220673325586559
2026-08-08 09:00:00+00:00,4347.3,63.897,4.220037829795415
2026-08-08 09:15:00+00:00,4346.8,63.877,4.220235862000413
2026-08-08 09:30:00+00:00,4348.5,63.884,4.220517298235757
2026-08-08 09:45:00+00:00,4348.5,63.88,4.220579913683008
2026-08-08 10:00:00+00:00,4348.5,63.873,4.220689500150755
2026-08-08 10:15:00+00:00,4348.2,63.844,4.221074637522979
2026-08-08 10:30:00+00:00,4344.7,63.818,4.2206767082160805
2026-08-08 10:45:00+00:00,4344.5,63.82,4.2205993354291635
2026-08-08 11:00:00+00:00,4343.3,63.822,4.220291748326665
2026-08-08 11:15:00+00:00,4346.4,63.828,4.220911229689133
2026-08-08 11:30:00+00:00,4347.5,63.845,4.220897975351794
2026-08-08 11:45:00+00:00,4346.3,63.827,4.220903889106055
2026-08-08 12:00:00+00:00,4345.0,63.824,4.220651742536441
2026-08-08 12:15:00+00:00,4345.0,63.825,4.220636074571945
2026-08-08 12:30:00+00:00,4345.4,63.824,4.2207437981380895
2026-08-08 12:45:00+00:00,4345.8,63.823,4.22085151347627
2026-08-08 13:00:00+00:00,4345.8,63.822,4.2208671819317525
2026-08-08 13:15:00+00:00,4346.3,63.819,4.221029235768081
2026-08-08 13:30:00+00:00,4346.3,63.822,4.220982228928578
2026-08-08 13:45:00+00:00,4346.3,63.819,4.221029235768081
2026-08-08 14:00:00+00:00,4346.7,63.819,4.221121263836707
2026-08-08 14:15:00+00:00,4345.9,63.818,4.220952868667056
2026-08-08 14:30:00+00:00,4346.6,63.818,4.221113927051069
2026-08-08 14:45:00+00:00,4346.3,63.83,4.2208568881581945
2026-08-08 15:00:00+00:00,4348.2,63.807,4.221654343142773
2026-08-08 15:15:00+00:00,4348.4,63.811,4.221637651047548
2026-08-08 15:30:00+00:00,4348.7,63.798,4.221910386946281
2026-08-08 15:45:00+00:00,4351.2,63.805,4.222375390922811
2026-08-08 16:00:00+00:00,4346.5,63.798,4.221404360622115
2026-08-08 16:15:00+00:00,4346.6,63.794,4.221490067230409
2026-08-08 16:30:00+00:00,4346.5,63.802,4.221341664697329
2026-08-08 16:45:00+00:00,4346.0,63.808,4.221132586477002
2026-08-08 17:00:00+00:00,4345.0,63.779,4.221357055136702
2026-08-08 17:15:00+00:00,4345.5,63.778,4.221487802579681
2026-08-08 17:30:00+00:00,4346.8,63.783,4.221708524024359
2026-08-08 17:45:00+00:00,4347.3,63.756,4.222246944463182
2026-08-08 18:00:00+00:00,4348.3,63.779,4.22211626053822
2026-08-08 18:15:00+00:00,4348.3,63.773,4.22221033981576
2026-08-08 18:30:00+00:00,4348.3,63.781,4.222084902745806
2026-08-08 18:45:00+00:00,4347.4,63.788,4.221768159353039
2026-08-08 19:00:00+00:00,4347.5,63.795,4.2216814288547315
2026-08-08 19:15:00+00:00,4346.9,63.781,4.221762885998152
2026-08-08 19:30:00+00:00,4347.8,63.77,4.222142388695898
2026-08-08 19:45:00+00:00,4347.3,63.773,4.221980338434738
2026-08-08 20:00:00+00:00,4346.7,63.773,4.221842312209536
2026-08-08 20:15:00+00:00,4347.0,63.787,4.221691823155781
2026-08-08 20:30:00+00:00,4347.3,63.788,4.221745156834262
2026-08-08 20:45:00+00:00,4347.3,63.794,4.221651099678795
2026-08-08 21:00:00+00:00,4347.7,63.77,4.2221193882933905
2026-08-08 21:15:00+00:00,4348.2,63.767,4.222281430187325
2026-08-08 21:30:00+00:00,4347.2,63.76,4.222161204190124
2026-08-08 21:45:00+00:00,4348.1,63.778,4.222085943758828
2026-08-08 22:00:00+00:00,4348.3,63.816,4.221536300492182
2026-08-08 22:15:00+00:00,4348.3,63.814,4.2215676410860885
2026-08-08 22:30:00+00:00,4348.3,63.814,4.2215676410860885
2026-08-08 22:45:00+00:00,4348.1,63.816,4.221490304447834
2026-08-08 23:00:00+00:00,4350.8,63.852,4.221547109817463
2026-08-08 23:15:00+00:00,4350.9,63.876,4.221194295255693
2026-08-08 23:30:00+00:00,4350.9,63.877,4.2211786400460305
2026-08-08 23:45:00+00:00,4350.8,63.879,4.221124346347324
2026-08-09 00:00:00+00:00,4351.2,63.802,4.222422410286962
2026-08-09 00:15:00+00:00,4352.2,63.801,4.222667879153092
2026-08-09 00:30:00+00:00,4349.2,63.815,4.22175892668894
2026-08-09 00:45:00+00:00,4349.2,63.8,4.2219940087728505
2026-08-09 01:00:00+00:00,4348.2,63.795,4.221842427969584
2026-08-09 01:15:00+00:00,4347.4,63.801,4.2215643800296645
2026-08-09 01:30:00+00:00,4347.2,63.802,4.221502700850293
2026-08-09 01:45:00+00:00,4349.2,63.803,4.221946987934773
2026-08-09 02:00:00+00:00,4351.3,63.796,4.2225394375499965
2026-08-09 02:15:00+00:00,4351.8,63.774,4.222999247817922
2026-08-09 02:30:00+00:00,4350.5,63.776,4.222669115975695
2026-08-09 02:45:00+00:00,4350.8,63.792,4.222487224580696
2026-08-09 03:00:00+00:00,4351.2,63.789,4.222626186416077
2026-08-09 03:15:00+00:00,4350.9,63.79,4.22254156098045
2026-08-09 03:30:00+00:00,4350.3,63.788,4.222435002336233
2026-08-09 03:45:00+00:00,4348.7,63.792,4.222004438204286
2026-08-09 04:00:00+00:00,4349.7,63.816,4.22185821357843
2026-08-09 04:15:00+00:00,4349.3,63.803,4.221969980404741
2026-08-09 04:30:00+00:00,4349.3,63.81,4.221860273713306
2026-08-09 04:45:00+00:00,4349.7,63.81,4.2219522383070025
2026-08-09 05:00:00+00:00,4349.9,63.806,4.222060905496701
2026-08-09 05:15:00+00:00,4349.9,63.81,4.221998217432487
2026-08-09 05:30:00+00:00,4349.0,63.81,4.221791294717383
2026-08-09 05:45:00+00:00,4349.1,63.81,4.221814288244706
2026-08-09 06:00:00+00:00,4350.1,63.81,4.22204419444399
2026-08-09 06:15:00+00:00,4350.3,63.791,4.2223879726526565
2026-08-09 06:30:00+00:00,4350.3,63.8,4.222246896871215
2026-08-09 06:45:00+00:00,4350.3,63.794,4.222340945180766
2026-08-09 07:00:00+00:00,4350.7,63.799,4.2223545144300845
2026-08-09 07:15:00+00:00,4351.7,63.787,4.2227724445031924
2026-08-09 07:30:00+00:00,4356.2,63.8,4.2236022063303835
2026-08-09 07:45:00+00:00,4357.4,63.8,4.223877637841489
2026-08-09 08:00:00+00:00,4355.2,63.794,4.223466670415954
2026-08-09 08:15:00+00:00,4351.2,63.781,4.222751607753547
2026-08-09 08:30:00+00:00,4354.2,63.805,4.223064618326206
2026-08-09 08:45:00+00:00,4352.0,63.815,4.222402516101124
2026-08-09 09:00:00+00:00,4352.3,63.828,4.2222677544353004
2026-08-09 09:15:00+00:00,4353.2,63.836,4.222349191284967
2026-08-09 09:30:00+00:00,4352.4,63.82,4.22241607522676
2026-08-09 09:45:00+00:00,4350.4,63.821,4.22194078408161
2026-08-09 10:00:00+00:00,4352.7,63.82,4.222485000339652
2026-08-09 10:15:00+00:00,4351.5,63.729,4.223636174223712
2026-08-09 10:30:00+00:00,4351.5,63.742,4.2234322062616645
2026-08-09 10:45:00+00:00,4351.6,63.758,4.2232042061855495
2026-08-09 11:00:00+00:00,4353.6,63.803,4.222958156840161
2026-08-09 11:15:00+00:00,4353.6,63.79,4.223161929775118
2026-08-09 11:30:00+00:00,4353.6,63.8,4.223005177678238
2026-08-09 11:45:00+00:00,4353.6,63.804,4.22294248371878
2026-08-09 12:00:00+00:00,4353.6,63.79,4.223161929775118
2026-08-09 12:15:00+00:00,4353.6,63.774,4.223412784249482
2026-08-09 12:30:00+00:00,4355.2,63.8,4.223372622106402
2026-08-09 12:45:00+00:00,4357.1,63.801,4.223793113217142
2026-08-09 13:00:00+00:00,4354.6,63.822,4.222890078120636
2026-08-09 13:15:00+00:00,4356.1,63.814,4.223359838615564
2026-08-09 13:30:00+00:00,4356.1,63.839,4.222968151772018
2026-08-09 13:45:00+00:00,4356.5,63.859,4.222746733761932
2026-08-09 14:00:00+00:00,4355.2,63.864,4.222369990113649
2026-08-09 14:15:00+00:00,4355.2,63.857,4.222479604037859
2026-08-09 14:30:00+00:00,4355.4,63.88,4.222165410172038
2026-08-09 14:45:00+00:00,4355.4,63.885,4.222087141475564
2026-08-09 15:00:00+00:00,4355.4,63.897,4.221899321594277
2026-08-09 15:15:00+00:00,4355.3,64.004,4.220203191844963
2026-08-09 15:30:00+00:00,4355.5,63.936,4.221312110232859
2026-08-09 15:45:00+00:00,4356.4,63.976,4.220893294171942
2026-08-09 16:00:00+00:00,4356.2,63.97,4.220941173219082
2026-08-09 16:15:00+00:00,4357.0,63.942,4.221562603650568
2026-08-09 16:30:00+00:00,4358.0,63.919,4.222151858724618
2026-08-09 16:45:00+00:00,4356.4,63.829,4.223193674670733
2026-08-09 17:00:00+00:00,4355.0,63.858,4.222418020999641
2026-08-09 17:15:00+00:00,4354.6,63.841,4.222592419438946
2026-08-09 17:30:00+00:00,4354.1,63.91,4.221397365254868
2026-08-09 17:45:00+00:00,4354.3,63.887,4.221803243773103
2026-08-09 18:00:00+00:00,4354.6,63.888,4.221856486297353
2026-08-09 18:15:00+00:00,4354.3,63.891,4.221740635186315
2026-08-09 18:30:00+00:00,4354.4,63.922,4.2212785170400755
2026-08-09 18:45:00+00:00,4355.6,63.842,4.222806371500273
2026-08-09 19:00:00+00:00,4355.6,63.881,4.222195674895713
2026-08-09 19:15:00+00:00,4356.3,63.902,4.2220276924065745
2026-08-09 19:30:00+00:00,4356.4,63.877,4.222441948013248
2026-08-09 19:45:00+00:00,4358.1,63.932,4.22197144304054
2026-08-09 20:00:00+00:00,4358.4,63.911,4.222368805971763
2026-08-09 20:15:00+00:00,4357.6,63.921,4.2220287801781256
2026-08-09 20:30:00+00:00,4361.6,63.986,4.221929932071813
2026-08-09 20:45:00+00:00,4360.3,63.829,4.2240885087846145
2026-08-09 21:00:00+00:00,4359.5,63.665,4.226477689842471
2026-08-09 21:15:00+00:00,4354.3,63.63,4.225834084335082
2026-08-09 21:30:00+00:00,4350.3,63.559,4.2260314788427245
2026-08-09 21:45:00+00:00,4349.6,63.466,4.227334836399406
2026-08-09 22:00:00+00:00,4343.4,63.793,4.220769264064191
2026-08-09 22:15:00+00:00,4342.1,63.721,4.22159920245592
2026-08-09 22:30:00+00:00,4340.7,63.654,4.222328737705956
2026-08-09 22:45:00+00:00,4342.3,63.674,4.222383124644004
2026-08-09 23:00:00+00:00,4347.1,63.904,4.219882277861621
2026-08-09 23:15:00+00:00,4348.3,63.949,4.219454352414997
2026-08-09 23:30:00+00:00,4342.7,63.746,4.221345116501869
2026-08-09 23:45:00+00:00,4333.6,63.573,4.221965032437151
2026-08-10 00:00:00+00:00,4345.4,63.987,4.218193155574146
2026-08-10 00:15:00+00:00,4339.0,63.681,4.221512940867934
2026-08-10 00:30:00+00:00,4334.5,63.52,4.223006725369815
2026-08-10 00:45:00+00:00,4331.6,63.424,4.223849929046701
2026-08-10 01:00:00+00:00,4322.6,63.247,4.2245646563971055
2026-08-10 01:15:00+00:00,4318.2,63.089,4.226047499857198
2026-08-10 01:30:00+00:00,4316.6,63.293,4.222448595807826
2026-08-10 01:45:00+00:00,4323.0,63.496,4.220727972879057
2026-08-10 02:00:00+00:00,4325.5,63.599,4.219685272668404
2026-08-10 02:15:00+00:00,4332.0,63.703,4.219552950890352
2026-08-10 02:30:00+00:00,4326.5,63.505,4.221395537090511
2026-08-10 02:45:00+00:00,4318.4,63.389,4.221349897450986
2026-08-10 03:00:00+00:00,4318.6,63.378,4.221569756571651
2026-08-10 03:15:00+00:00,4326.8,63.513,4.221338908401222
2026-08-10 03:30:00+00:00,4325.2,63.654,4.218751494366193
2026-08-10 03:45:00+00:00,4326.7,63.616,4.219695394686432
2026-08-10 04:00:00+00:00,4331.3,63.825,4.2174780437555786
2026-08-10 04:15:00+00:00,4333.6,63.822,4.218055925846106
2026-08-10 04:30:00+00:00,4330.3,63.84,4.217012149519618
2026-08-10 04:45:00+00:00,4338.3,63.894,4.218012385027555
2026-08-10 05:00:00+00:00,4334.0,63.825,4.218101218968757
2026-08-10 05:15:00+00:00,4333.4,63.76,4.218981697790647
2026-08-10 05:30:00+00:00,4342.0,64.035,4.216660541560202
2026-08-10 05:45:00+00:00,4347.5,64.184,4.215602287777084
2026-08-10 06:00:00+00:00,4347.2,64.176,4.215657929644387
2026-08-10 06:15:00+00:00,4347.7,64.218,4.215118703390277
2026-08-10 06:30:00+00:00,4354.3,64.211,4.216744605996951
2026-08-10 06:45:00+00:00,4358.5,64.283,4.216588029856184
2026-08-10 07:00:00+00:00,4350.4,64.182,4.216300276326158
2026-08-10 07:15:00+00:00,4354.4,64.356,4.214511937331202
2026-08-10 07:30:00+00:00,4358.1,64.423,4.2143207493398265
2026-08-10 07:45:00+00:00,4355.1,64.356,4.214672681346704
2026-08-10 08:00:00+00:00,4352.1,64.3,4.214854134969393
2026-08-10 08:15:00+00:00,4354.4,64.408,4.213704258122311
2026-08-10 08:30:00+00:00,4345.8,64.186,4.215180022049646
2026-08-10 08:45:00+00:00,4346.2,64.229,4.214602356985865
2026-08-10 09:00:00+00:00,4349.4,64.28,4.214544642665575
2026-08-10 09:15:00+00:00,4347.0,64.268,4.214179390807703
2026-08-10 09:30:00+00:00,4343.0,64.169,4.21480040449987
2026-08-10 09:45:00+00:00,4341.5,64.104,4.21546842502493
2026-08-10 10:00:00+00:00,4340.6,64.033,4.216369290916106
2026-08-10 10:15:00+00:00,4343.4,64.08,4.216280427767047
2026-08-10 10:30:00+00:00,4338.3,63.996,4.2164172638823905
2026-08-10 10:45:00+00:00,4336.8,63.948,4.216821774843483
2026-08-10 11:00:00+00:00,4331.0,63.893,4.216343931997641
2026-08-10 11:15:00+00:00,4335.0,64.071,4.214485045756687
2026-08-10 11:30:00+00:00,4337.5,64.095,4.214687066491017
2026-08-10 11:45:00+00:00,4334.4,64.088,4.214081332418015
2026-08-10 12:00:00+00:00,4331.6,64.031,4.214324926666255
2026-08-10 12:15:00+00:00,4327.3,63.882,4.2156614383617645
2026-08-10 12:30:00+00:00,4330.0,63.923,4.215643586972782
2026-08-10 12:45:00+00:00,4332.5,63.881,4.216878044013567
2026-08-10 13:00:00+00:00,4337.4,63.974,4.216553618416522
2026-08-10 13:15:00+00:00,4334.7,63.988,4.215712116888326
2026-08-10 13:30:00+00:00,4330.9,64.012,4.214460085808512
2026-08-10 13:45:00+00:00,4317.7,63.673,4.216717521180742
2026-08-10 14:00:00+00:00,4331.0,64.049,4.213905325796262
2026-08-10 14:15:00+00:00,4346.8,64.559,4.209615686814129
2026-08-10 14:30:00+00:00,4349.0,64.739,4.207337410619825
2026-08-10 14:45:00+00:00,4344.7,64.758,4.20605474536535
2026-08-10 15:00:00+00:00,4346.2,64.717,4.207033260932625
2026-08-10 15:15:00+00:00,4350.2,64.619,4.2094686148458145
2026-08-10 15:30:00+00:00,4351.0,64.676,4.2087707928431115
2026-08-10 15:45:00+00:00,4359.0,65.095,4.204150210889033
2026-08-10 16:00:00+00:00,4360.5,65.165,4.203419493684357
2026-08-10 16:15:00+00:00,4362.4,65.221,4.202996140648199
2026-08-10 16:30:00+00:00,4350.2,64.866,4.205653496498624
2026-08-10 16:45:00+00:00,4354.6,64.956,4.205277919015377
2026-08-10 17:00:00+00:00,4355.1,65.059,4.203808300635711
2026-08-10 17:15:00+00:00,4358.1,65.184,4.202577421502553
2026-08-10 17:30:00+00:00,4359.5,65.13,4.2037273783095594
2026-08-10 17:45:00+00:00,4357.3,65.137,4.203115134327594
2026-08-10 18:00:00+00:00,4362.5,65.108,4.204753136981431
2026-08-10 18:15:00+00:00,4364.3,65.121,4.204966011019758
2026-08-10 18:30:00+00:00,4378.5,65.625,4.200504758050491
2026-08-10 18:45:00+00:00,4376.9,65.642,4.199880255247459
2026-08-10 19:00:00+00:00,4381.0,65.795,4.198488440211794
2026-08-10 19:15:00+00:00,4390.8,65.949,4.198385005767072
2026-08-10 19:30:00+00:00,4388.1,65.869,4.198983689441734
2026-08-10 19:45:00+00:00,4387.9,65.783,4.200244585421423
2026-08-10 20:00:00+00:00,4390.7,65.799,4.2006393060134535
2026-08-10 20:15:00+00:00,4394.2,65.869,4.200372847402852
2026-08-10 20:30:00+00:00,4392.9,65.815,4.2008971043519505
2026-08-10 20:45:00+00:00,4394.2,65.749,4.202196306705531
2026-08-10 21:00:00+00:00,4396.5,65.832,4.2014580065156455
2026-08-10 21:15:00+00:00,4397.8,65.823,4.201890373536748
2026-08-10 21:30:00+00:00,4397.8,65.834,4.201723272660598
2026-08-10 21:45:00+00:00,4395.1,65.814,4.201412981331732
2026-08-10 22:00:00+00:00,4394.2,65.777,4.201770535368715
2026-08-10 22:15:00+00:00,4394.6,65.789,4.20167914235918
2026-08-10 22:30:00+00:00,4397.9,65.847,4.201548564183271
2026-08-10 22:45:00+00:00,4403.6,65.894,4.202130276873791
2026-08-10 23:00:00+00:00,4400.7,65.818,4.202625541009236
2026-08-10 23:15:00+00:00,4399.1,65.781,4.202824210695058
2026-08-10 23:30:00+00:00,4401.6,65.83,4.202647728690525
2026-08-10 23:45:00+00:00,4405.7,65.859,4.203138342964647
2026-08-11 00:00:00+00:00,4409.7,66.043,4.201255893881969
2026-08-11 00:15:00+00:00,4418.8,66.249,4.200203074585332
2026-08-11 00:30:00+00:00,4417.6,65.991,4.203833472084194
2026-08-11 00:45:00+00:00,4413.6,65.839,4.205233594040109
2026-08-11 01:00:00+00:00,4418.1,66.046,4.203113549447414
2026-08-11 01:15:00+00:00,4421.2,66.044,4.203845244867214
2026-08-11 01:30:00+00:00,4418.7,66.114,4.202220289429912
2026-08-11 01:45:00+00:00,4432.8,66.349,4.201858028478553
2026-08-11 02:00:00+00:00,4437.7,66.334,4.2031889169334296
2026-08-11 02:15:00+00:00,4432.6,66.331,4.202084238767274
2026-08-11 02:30:00+00:00,4422.4,65.922,4.205965589186497
2026-08-11 02:45:00+00:00,4413.9,65.738,4.206836786476727
2026-08-11 03:00:00+00:00,4417.1,65.835,4.206087039332713
2026-08-11 03:15:00+00:00,4423.4,65.849,4.207299668089493
2026-08-11 03:30:00+00:00,4418.5,65.835,4.2064039391497525
2026-08-11 03:45:00+00:00,4420.0,65.809,4.207138367978244
2026-08-11 04:00:00+00:00,4415.6,65.81,4.206127201676169
2026-08-11 04:15:00+00:00,4417.1,65.753,4.207333353747617
2026-08-11 04:30:00+00:00,4413.4,65.52,4.210045206904166
2026-08-11 04:45:00+00:00,4412.2,65.574,4.208949434339071
2026-08-11 05:00:00+00:00,4404.6,65.423,4.209530849750056
2026-08-11 05:15:00+00:00,4394.7,65.134,4.211707862101108
2026-08-11 05:30:00+00:00,4379.9,64.775,4.213861445611458
2026-08-11 05:45:00+00:00,4376.9,64.822,4.212450938319365
2026-08-11 06:00:00+00:00,4375.2,64.745,4.213251034511759
2026-08-11 06:15:00+00:00,4365.3,64.415,4.216095669190855
2026-08-11 06:30:00+00:00,4366.3,64.487,4.215207594429731
2026-08-11 06:45:00+00:00,4368.3,64.522,4.2151229454682815
2026-08-11 07:00:00+00:00,4365.2,64.56,4.2138242622772415
2026-08-11 07:15:00+00:00,4364.0,64.46,4.2150994705656695
2026-08-11 07:30:00+00:00,4360.5,64.394,4.215321547598975
2026-08-11 07:45:00+00:00,4358.8,64.448,4.2140933720066345
2026-08-11 08:00:00+00:00,4367.1,64.68,4.212402417529819
2026-08-11 08:15:00+00:00,4371.2,64.7,4.213031648429562
2026-08-11 08:30:00+00:00,4377.6,64.847,4.212225258897166
2026-08-11 08:45:00+00:00,4373.4,64.706,4.213442084705811
2026-08-11 09:00:00+00:00,4375.0,64.81,4.21220188635209
2026-08-11 09:15:00+00:00,4374.3,64.853,4.211378615696497
2026-08-11 09:30:00+00:00,4374.1,64.892,4.210731713795762
2026-08-11 09:45:00+00:00,4375.8,64.941,4.2103654738324146
2026-08-11 10:00:00+00:00,4377.1,64.913,4.211093771811114
2026-08-11 10:15:00+00:00,4381.9,65.101,4.20929778918552
2026-08-11 10:30:00+00:00,4380.3,65.034,4.20996228411396
2026-08-11 10:45:00+00:00,4385.0,65.144,4.209344700641453
2026-08-11 11:00:00+00:00,4392.5,65.304,4.208600529912197
2026-08-11 11:15:00+00:00,4388.9,65.281,4.208132876029385
2026-08-11 11:30:00+00:00,4388.0,65.226,4.208770658945203
2026-08-11 11:45:00+00:00,4391.1,65.201,4.209860237919708
2026-08-11 12:00:00+00:00,4399.5,65.345,4.209565251036616
2026-08-11 12:15:00+00:00,4394.1,64.956,4.21430789338953
2026-08-11 12:30:00+00:00,4399.6,65.1,4.213344357468438
2026-08-11 12:45:00+00:00,4394.7,64.875,4.215692206917781
2026-08-11 13:00:00+00:00,4397.8,64.956,4.215149577261829
2026-08-11 13:15:00+00:00,4399.1,64.94,4.2156914868548325
2026-08-11 13:30:00+00:00,4401.4,65.177,4.212571305153729
2026-08-11 13:45:00+00:00,4390.0,64.899,4.214252290798375
2026-08-11 14:00:00+00:00,4386.8,64.956,4.212645193283213
2026-08-11 14:15:00+00:00,4384.0,64.852,4.213609077940029
2026-08-11 14:30:00+00:00,4393.7,65.09,4.212156048109075
2026-08-11 14:45:00+00:00,4393.8,65.026,4.213162545378115
2026-08-11 15:00:00+00:00,4392.6,65.043,4.212627996243588
2026-08-11 15:15:00+00:00,4386.2,64.883,4.213632879624396
2026-08-11 15:30:00+00:00,4375.5,64.649,4.214803440781748
2026-08-11 15:45:00+00:00,4383.0,64.968,4.2115938594386995
2026-08-11 16:00:00+00:00,4379.9,64.983,4.21065547483268
2026-08-11 16:15:00+00:00,4383.2,65.076,4.209978512577282
2026-08-11 16:30:00+00:00,4384.9,64.982,4.211811791060702
2026-08-11 16:45:00+00:00,4384.1,64.932,4.212399070138082
2026-08-11 17:00:00+00:00,4381.9,64.837,4.213361271204042
2026-08-11 17:15:00+00:00,4381.7,64.805,4.213809295046903
2026-08-11 17:30:00+00:00,4376.2,64.794,4.212723040417873
2026-08-11 17:45:00+00:00,4369.2,64.583,4.214383986707683
2026-08-11 18:00:00+00:00,4363.1,64.483,4.214536469699458
2026-08-11 18:15:00+00:00,4360.9,64.464,4.214326808610344
2026-08-11 18:30:00+00:00,4370.0,64.672,4.213189946868425
2026-08-11 18:45:00+00:00,4371.1,64.704,4.21294694926355
2026-08-11 19:00:00+00:00,4363.2,64.544,4.213613850319523
2026-08-11 19:15:00+00:00,4370.0,64.718,4.212478918165465
2026-08-11 19:30:00+00:00,4368.2,64.667,4.212855278901202
2026-08-11 19:45:00+00:00,4370.2,64.77,4.211721520437941
2026-08-11 20:00:00+00:00,4371.6,64.705,4.213045875528885
2026-08-11 20:15:00+00:00,4370.8,64.724,4.212569262159029
2026-08-11 20:30:00+00:00,4367.7,64.706,4.212137900836979
2026-08-11 20:45:00+00:00,4367.7,64.745,4.2115353562265865
2026-08-11 21:00:00+00:00,4368.9,64.799,4.210976369016257
2026-08-11 21:15:00+00:00,4369.6,64.789,4.211290914857317
2026-08-11 21:30:00+00:00,4371.7,64.715,4.212914214566427
2026-08-11 21:45:00+00:00,4375.3,64.71,4.213814618800199
2026-08-11 22:00:00+00:00,4374.1,64.86,4.211224962464743
2026-08-11 22:15:00+00:00,4376.8,64.907,4.211117666612402
2026-08-11 22:30:00+00:00,4376.5,64.897,4.211203199492334
2026-08-11 22:45:00+00:00,4369.3,64.822,4.210713040280708
2026-08-11 23:00:00+00:00,4366.1,64.83,4.209856981920879
2026-08-11 23:15:00+00:00,4372.1,64.832,4.211199413235714
2026-08-11 23:30:00+00:00,4367.6,64.752,4.211404350006402
2026-08-11 23:45:00+00:00,4370.5,64.795,4.2114042581331645
2026-08-12 00:00:00+00:00,4378.2,64.941,4.210913794613801
2026-08-12 00:15:00+00:00,4380.5,64.979,4.210854011334451
2026-08-12 00:30:00+00:00,4383.1,64.962,4.2117090320249515
2026-08-12 00:45:00+00:00,4380.5,64.932,4.21157758365782
2026-08-12 01:00:00+00:00,4388.0,65.197,4.209215365791049
2026-08-12 01:15:00+00:00,4390.3,65.051,4.211981263233667
2026-08-12 01:30:00+00:00,4392.7,65.031,4.212835271900885
2026-08-12 01:45:00+00:00,4396.4,65.126,4.21221744815273
2026-08-12 02:00:00+00:00,4401.8,65.084,4.214090083883499
2026-08-12 02:15:00+00:00,4400.9,65.175,4.212488384624764
2026-08-12 02:30:00+00:00,4405.4,65.406,4.209972342775781
2026-08-12 02:45:00+00:00,4411.1,65.438,4.210776240963937
2026-08-12 03:00:00+00:00,4409.9,65.651,4.207254459521577
2026-08-12 03:15:00+00:00,4406.6,65.511,4.208640628557748
2026-08-12 03:30:00+00:00,4401.9,65.469,4.208214796716558
2026-08-12 03:45:00+00:00,4400.7,65.374,4.209394272260844
2026-08-12 04:00:00+00:00,4395.9,65.22,4.210661396950916
2026-08-12 04:15:00+00:00,4397.8,65.242,4.210756261542504
2026-08-12 04:30:00+00:00,4398.7,65.311,4.209903846317386
2026-08-12 04:45:00+00:00,4400.5,65.377,4.209302935162502
2026-08-12 05:00:00+00:00,4401.5,65.237,4.211673878264307
2026-08-12 05:15:00+00:00,4393.1,65.134,4.211343720901336
2026-08-12 05:30:00+00:00,4389.3,65.124,4.210631895182958
2026-08-12 05:45:00+00:00,4392.6,65.297,4.208730492460669
2026-08-12 06:00:00+00:00,4388.2,65.298,4.20771299126587
2026-08-12 06:15:00+00:00,4390.1,65.4,4.206585026389906
2026-08-12 06:30:00+00:00,4395.8,65.75,4.202545147525299
2026-08-12 06:45:00+00:00,4403.8,65.966,4.201083625775541
2026-08-12 07:00:00+00:00,4401.9,65.978,4.2004701917563425
2026-08-12 07:15:00+00:00,4402.9,65.984,4.200606405315924
2026-08-12 07:30:00+00:00,4408.9,66.029,4.201286464760134
2026-08-12 07:45:00+00:00,4406.0,66.092,4.199674816573544
2026-08-12 08:00:00+00:00,4409.1,66.122,4.19992434545151
2026-08-12 08:15:00+00:00,4406.6,66.291,4.196804554659011
2026-08-12 08:30:00+00:00,4404.7,66.235,4.197218407488055
2026-08-12 08:45:00+00:00,4401.3,66.162,4.197548950809112
2026-08-12 09:00:00+00:00,4413.5,66.557,4.1943645810784975
2026-08-12 09:15:00+00:00,4413.5,66.517,4.194965750370842
2026-08-12 09:30:00+00:00,4414.4,66.464,4.195966755769319
2026-08-12 09:45:00+00:00,4416.7,66.447,4.196743452474342
2026-08-12 10:00:00+00:00,4419.5,66.403,4.198039610316341
2026-08-12 10:15:00+00:00,4420.5,66.412,4.198130327800319
2026-08-12 10:30:00+00:00,4415.2,66.327,4.198211358014099
2026-08-12 10:45:00+00:00,4412.5,66.312,4.197825824952327
2026-08-12 11:00:00+00:00,4407.8,66.314,4.19672994146457
2026-08-12 11:15:00+00:00,4415.4,66.396,4.197216895456635
2026-08-12 11:30:00+00:00,4412.9,66.331,4.197629989132722
2026-08-12 11:45:00+00:00,4412.7,66.365,4.197072216915242
2026-08-12 12:00:00+00:00,4408.1,66.171,4.198956736102274
2026-08-12 12:15:00+00:00,4424.6,66.487,4.197928718046293
2026-08-12 12:30:00+00:00,4428.4,66.483,4.1988473481024915
2026-08-12 12:45:00+00:00,4435.6,66.55,4.19946462823794
2026-08-12 13:00:00+00:00,4422.9,66.116,4.203140093468777
2026-08-12 13:15:00+00:00,4416.1,65.923,4.204524838353656
2026-08-12 13:30:00+00:00,4414.1,65.84,4.205331685379281
2026-08-12 13:45:00+00:00,4426.1,66.162,4.203167834115284
2026-08-12 14:00:00+00:00,4430.7,66.267,4.202620828377575
2026-08-12 14:15:00+00:00,4429.8,66.129,4.204502335450864
2026-08-12 14:30:00+00:00,4422.5,66.262,4.200843845494571
2026-08-12 14:45:00+00:00,4420.9,65.889,4.206127066252801
2026-08-12 15:00:00+00:00,4424.6,65.94,4.206189920232301
2026-08-12 15:15:00+00:00,4420.7,65.823,4.207084012245176
2026-08-12 15:30:00+00:00,4416.9,65.765,4.20710558961873
2026-08-12 15:45:00+00:00,4420.1,65.807,4.207191383598477
2026-08-12 16:00:00+00:00,4423.3,65.801,4.2080062670505445
2026-08-12 16:15:00+00:00,4423.3,65.639,4.2104712713419215
2026-08-12 16:30:00+00:00,4410.5,65.362,4.211802290860035
2026-08-12 16:45:00+00:00,4402.6,65.25,4.211724508276428
2026-08-12 17:00:00+00:00,4404.2,65.308,4.211199369808174
2026-08-12 17:15:00+00:00,4407.4,65.541,4.208364324403591
2026-08-12 17:30:00+00:00,4402.5,65.399,4.209420872543987
2026-08-12 17:45:00+00:00,4399.0,65.38,4.208916120052655
2026-08-12 18:00:00+00:00,4405.9,65.441,4.209550857430197
2026-08-12 18:15:00+00:00,4408.3,65.537,4.2086295379434935
2026-08-12 18:30:00+00:00,4412.4,65.538,4.209543911005765
2026-08-12 18:45:00+00:00,4413.1,65.513,4.21008407310415
2026-08-12 19:00:00+00:00,4414.8,65.527,4.210255540453808
2026-08-12 19:15:00+00:00,4415.3,65.458,4.211422345302617
2026-08-12 19:30:00+00:00,4410.7,65.343,4.212138367202122
2026-08-12 19:45:00+00:00,4411.8,65.354,4.212219401357901
2026-08-12 20:00:00+00:00,4408.6,65.302,4.212289794037513
2026-08-12 20:15:00+00:00,4406.6,65.266,4.212387469158553
2026-08-12 20:30:00+00:00,4406.3,65.28,4.2121049033580755
2026-08-12 20:45:00+00:00,4408.1,65.346,4.21150280727923
2026-08-12 21:00:00+00:00,4410.9,65.315,4.212612310313195
2026-08-12 21:15:00+00:00,4411.5,65.313,4.21277894902994
2026-08-12 21:30:00+00:00,4404.7,65.332,4.210945469433388
2026-08-12 21:45:00+00:00,4406.3,65.34,4.211186207841003
2026-08-12 22:00:00+00:00,4403.3,65.191,4.212788116202065
2026-08-12 22:15:00+00:00,4397.7,65.083,4.21317357756445
2026-08-12 22:30:00+00:00,4398.6,65.061,4.213716296103216
2026-08-12 22:45:00+00:00,4401.9,65.114,4.2136519650243125
2026-08-12 23:00:00+00:00,4404.4,65.196,4.21296120288205
2026-08-12 23:15:00+00:00,4407.3,65.236,4.2130060722498195
2026-08-12 23:30:00+00:00,4407.5,65.253,4.212790892114638
2026-08-12 23:45:00+00:00,4413.3,65.302,4.213355324239551
2026-08-13 00:00:00+00:00,4419.8,65.603,4.210228298567507
2026-08-13 00:15:00+00:00,4426.8,65.891,4.207430392770234
2026-08-13 00:30:00+00:00,4439.7,66.174,4.2060544490238465
2026-08-13 00:45:00+00:00,4428.3,65.778,4.2094856062906025
2026-08-13 01:00:00+00:00,4429.9,65.785,4.209740440603166
2026-08-13 01:15:00+00:00,4419.8,65.636,4.209725399266301
2026-08-13 01:30:00+00:00,4419.4,65.641,4.209558718532119
2026-08-13 01:45:00+00:00,4408.4,65.431,4.210270938543437
2026-08-13 02:00:00+00:00,4411.1,65.53,4.2093713173927965
2026-08-13 02:15:00+00:00,4408.0,65.515,4.208897226776202
2026-08-13 02:30:00+00:00,4409.7,65.341,4.211942228299482
2026-08-13 02:45:00+00:00,4407.9,65.415,4.21040207458717
2026-08-13 03:00:00+00:00,4406.0,65.394,4.210292016227059
2026-08-13 03:15:00+00:00,4408.7,65.448,4.21007920619148
2026-08-13 03:30:00+00:00,4406.5,65.4,4.210313744076562
2026-08-13 03:45:00+00:00,4400.2,65.345,4.209724347369781
2026-08-13 04:00:00+00:00,4392.0,65.108,4.211492553660115
2026-08-13 04:15:00+00:00,4396.2,65.278,4.209840737462354
2026-08-13 04:30:00+00:00,4395.3,65.259,4.209927099449702
2026-08-13 04:45:00+00:00,4397.4,65.365,4.208781789146036
2026-08-13 05:00:00+00:00,4402.3,65.538,4.20725228351531
2026-08-13 05:15:00+00:00,4405.9,65.61,4.206971707424741
2026-08-13 05:30:00+00:00,4386.9,65.15,4.2096858027150885
2026-08-13 05:45:00+00:00,4381.2,65.025,4.210306127114876
2026-08-13 06:00:00+00:00,4375.2,64.907,4.210752035895349
2026-08-13 06:15:00+00:00,4375.4,64.916,4.21065909673017
2026-08-13 06:30:00+00:00,4372.9,64.745,4.212725206034034
2026-08-13 06:45:00+00:00,4380.2,64.834,4.213019507314593
2026-08-13 07:00:00+00:00,4376.3,64.69,4.214352267454768
2026-08-13 07:15:00+00:00,4375.8,64.678,4.214423526446907
2026-08-13 07:30:00+00:00,4376.7,64.784,4.212991635456154
2026-08-13 07:45:00+00:00,4369.7,64.561,4.2148391225386455
2026-08-13 08:00:00+00:00,4364.5,64.348,4.216953060647343
2026-08-13 08:15:00+00:00,4372.0,64.529,4.215861114136971
2026-08-13 08:30:00+00:00,4373.5,64.451,4.2174136376912825
2026-08-13 08:45:00+00:00,4375.6,64.457,4.217800597431613
2026-08-13 09:00:00+00:00,4377.5,64.456,4.218250243685112
2026-08-13 09:15:00+00:00,4380.2,64.567,4.21714622007434
2026-08-13 09:30:00+00:00,4380.3,64.571,4.217107100588878
2026-08-13 09:45:00+00:00,4383.2,64.648,4.21657716129306
2026-08-13 10:00:00+00:00,4381.5,64.708,4.215261569028458
2026-08-13 10:15:00+00:00,4386.0,64.854,4.214034339315712
2026-08-13 10:30:00+00:00,4389.8,64.95,4.213421203828247
2026-08-13 10:45:00+00:00,4391.4,64.955,4.213708639387541
2026-08-13 11:00:00+00:00,4394.1,65.009,4.213492289143186
2026-08-13 11:15:00+00:00,4388.2,64.88,4.2141349894006925
2026-08-13 11:30:00+00:00,4384.7,64.89,4.213182958781479
2026-08-13 11:45:00+00:00,4388.8,65.053,4.211608797917759
2026-08-13 12:00:00+00:00,4390.0,65.031,4.2122204267883205
2026-08-13 12:15:00+00:00,4392.2,65.053,4.212383197227614
2026-08-13 12:30:00+00:00,4392.5,65.048,4.212528361155716
2026-08-13 12:45:00+00:00,4400.7,65.366,4.2095166525577685
2026-08-13 13:00:00+00:00,4393.9,65.223,4.210160326915435
2026-08-13 13:15:00+00:00,4386.8,65.124,4.210062166016786
2026-08-13 13:30:00+00:00,4380.6,64.994,4.210646022347383
2026-08-13 13:45:00+00:00,4371.8,64.765,4.2121647686136825
2026-08-13 14:00:00+00:00,4370.7,64.638,4.21387598518795
2026-08-13 14:15:00+00:00,4368.6,64.616,4.213735812488725
2026-08-13 14:30:00+00:00,4380.0,64.985,4.21064752933694
2026-08-13 14:45:00+00:00,4383.3,65.008,4.211046805100778
2026-08-13 15:00:00+00:00,4368.4,64.748,4.211649276251859
2026-08-13 15:15:00+00:00,4364.3,64.579,4.213323808321429
2026-08-13 15:30:00+00:00,4367.7,64.733,4.2117207159021195
2026-08-13 15:45:00+00:00,4363.8,64.656,4.212017608052432
2026-08-13 16:00:00+00:00,4353.4,64.53,4.211582196032988
2026-08-13 16:15:00+00:00,4361.2,64.649,4.211529890638088
2026-08-13 16:30:00+00:00,4365.8,64.813,4.210050527019039
2026-08-13 16:45:00+00:00,4365.6,64.806,4.21011272420763
2026-08-13 17:00:00+00:00,4370.3,64.907,4.20963145948171
2026-08-13 17:15:00+00:00,4364.1,64.761,4.210463691126677
2026-08-13 17:30:00+00:00,4358.1,64.722,4.209690286925601
2026-08-13 17:45:00+00:00,4358.0,64.689,4.210177343907927
2026-08-13 18:00:00+00:00,4362.7,64.802,4.209509943652556
2026-08-13 18:15:00+00:00,4358.3,64.674,4.210478086024664
2026-08-13 18:30:00+00:00,4357.5,64.703,4.209846209110654
2026-08-13 18:45:00+00:00,4357.0,64.589,4.21149490846571
2026-08-13 19:00:00+00:00,4346.7,64.33,4.213146130071878
2026-08-13 19:15:00+00:00,4351.0,64.432,4.212550578611582
2026-08-13 19:30:00+00:00,4350.2,64.408,4.2127392510396335
2026-08-13 19:45:00+00:00,4347.8,64.41,4.212156348464279
2026-08-13 20:00:00+00:00,4349.2,64.416,4.212385149666213
2026-08-13 20:15:00+00:00,4351.2,64.459,4.212177585338536
2026-08-13 20:30:00+00:00,4348.3,64.434,4.211898798996876
2026-08-13 20:45:00+00:00,4350.8,64.473,4.211868483708517
2026-08-13 21:00:00+00:00,4353.0,64.496,4.212017335177488
2026-08-13 21:15:00+00:00,4356.2,64.49,4.212845223658841
2026-08-13 21:30:00+00:00,4349.5,64.496,4.211212968572785
2026-08-13 21:45:00+00:00,4353.3,64.496,4.212086250790347
2026-08-13 22:00:00+00:00,4352.9,64.438,4.212894047421978
2026-08-13 22:15:00+00:00,4356.1,64.497,4.212713729538365
2026-08-13 22:30:00+00:00,4359.8,64.572,4.212400583436032
2026-08-13 22:45:00+00:00,4353.7,64.514,4.211899082749271
2026-08-13 23:00:00+00:00,4358.8,64.573,4.21215570233875
2026-08-13 23:15:00+00:00,4361.8,64.665,4.211419998315918
2026-08-13 23:30:00+00:00,4359.2,64.665,4.2108237364016805
2026-08-13 23:45:00+00:00,4358.8,64.585,4.211969883418752
2026-08-14 00:00:00+00:00,4352.3,64.508,4.211670472865212
2026-08-14 00:15:00+00:00,4341.6,64.366,4.211412679364283
2026-08-14 00:30:00+00:00,4339.7,64.299,4.212016421258179
2026-08-14 00:45:00+00:00,4341.7,64.241,4.213379619324669
2026-08-14 01:00:00+00:00,4325.4,63.986,4.213595591208187
2026-08-14 01:15:00+00:00,4321.5,64.024,4.212099830127948
2026-08-14 01:30:00+00:00,4320.9,63.996,4.212398411466649
2026-08-14 01:45:00+00:00,4319.0,63.842,4.214367891989068
2026-08-14 02:00:00+00:00,4313.1,63.815,4.213423909662002
2026-08-14 02:15:00+00:00,4316.0,63.748,4.2151465153806384
2026-08-14 02:30:00+00:00,4322.8,64.059,4.2118540857351245
2026-08-14 02:45:00+00:00,4316.3,63.836,4.213836538229909
2026-08-14 03:00:00+00:00,4320.5,63.97,4.212712191819408
2026-08-14 03:15:00+00:00,4325.9,64.135,4.211385253451477
2026-08-14 03:30:00+00:00,4325.9,64.102,4.2118999255153655
2026-08-14 03:45:00+00:00,4324.0,64.021,4.212725024220662
2026-08-14 04:00:00+00:00,4326.2,63.984,4.213811785424938
2026-08-14 04:15:00+00:00,4326.5,64.005,4.213552974738721
2026-08-14 04:30:00+00:00,4325.7,63.975,4.213836873934858
2026-08-14 04:45:00+00:00,4327.3,64.012,4.213628504138544
2026-08-14 05:00:00+00:00,4321.1,63.859,4.214587750545754
2026-08-14 05:15:00+00:00,4319.4,63.826,4.214711151856749
2026-08-14 05:30:00+00:00,4319.4,63.785,4.215353729713058
2026-08-14 05:45:00+00:00,4334.0,64.278,4.2110287555878285
2026-08-14 06:00:00+00:00,4333.4,64.357,4.209662024037818
2026-08-14 06:15:00+00:00,4330.7,64.261,4.2105315554011655
2026-08-14 06:30:00+00:00,4333.9,64.296,4.210725687546366
2026-08-14 06:45:00+00:00,4337.0,64.382,4.210104052898921
2026-08-14 07:00:00+00:00,4332.6,64.282,4.2106434484231166
2026-08-14 07:15:00+00:00,4333.3,64.257,4.211193988181171
2026-08-14 07:30:00+00:00,4343.0,64.588,4.208291997515447
2026-08-14 07:45:00+00:00,4345.7,64.625,4.208340796612995
2026-08-14 08:00:00+00:00,4348.3,64.664,4.208335610669467
2026-08-14 08:15:00+00:00,4345.4,64.563,4.209231602017583
2026-08-14 08:30:00+00:00,4346.1,64.633,4.208309053946095
2026-08-14 08:45:00+00:00,4349.4,64.742,4.207383042711984
2026-08-14 09:00:00+00:00,4350.0,64.75,4.207397423503083
2026-08-14 09:15:00+00:00,4352.6,64.741,4.208133951900175
2026-08-14 09:30:00+00:00,4354.2,64.771,4.20803820318994
2026-08-14 09:45:00+00:00,4357.1,64.922,4.2063754281071235
2026-08-14 10:00:00+00:00,4354.2,64.802,4.207559708432676
2026-08-14 10:15:00+00:00,4350.6,64.736,4.207751584620267
2026-08-14 10:30:00+00:00,4350.6,64.678,4.208647932834267
2026-08-14 10:45:00+00:00,4349.6,64.666,4.208603604767984
2026-08-14 11:00:00+00:00,4350.6,64.683,4.208570629783077
2026-08-14 11:15:00+00:00,4356.6,64.76,4.208759086804822
2026-08-14 11:30:00+00:00,4362.9,64.947,4.2073207001783715
2026-08-14 11:45:00+00:00,4369.2,65.028,4.20751725859741
2026-08-14 12:00:00+00:00,4370.5,64.922,4.209446148701424
2026-08-14 12:15:00+00:00,4379.4,65.061,4.209341716331262
2026-08-14 12:30:00+00:00,4371.9,64.953,4.209289044781405
2026-08-14 12:45:00+00:00,4373.2,65.109,4.207187497053371
2026-08-14 13:00:00+00:00,4374.4,64.967,4.209645197861061
2026-08-14 13:15:00+00:00,4383.3,65.124,4.209263999476881
2026-08-14 13:30:00+00:00,4392.6,65.454,4.206328980036978
2026-08-14 13:45:00+00:00,4383.5,65.402,4.205049931993322
2026-08-14 14:00:00+00:00,4388.7,65.55,4.203975124442441
2026-08-14 14:15:00+00:00,4389.4,65.558,4.204012575464804
2026-08-14 14:30:00+00:00,4383.2,65.407,4.2049050438496005
2026-08-14 14:45:00+00:00,4379.8,65.226,4.206900177777571
2026-08-14 15:00:00+00:00,4391.2,65.285,4.208595516375677
2026-08-14 15:15:00+00:00,4383.6,65.083,4.2099622051895915
2026-08-14 15:30:00+00:00,4387.9,65.068,4.2111731548055245
2026-08-14 15:45:00+00:00,4391.5,65.049,4.212285301306982
2026-08-14 16:00:00+00:00,4388.2,64.954,4.212995072152313
2026-08-14 16:15:00+00:00,4386.3,64.929,4.212946960891
2026-08-14 16:30:00+00:00,4385.1,64.906,4.213027640203585
2026-08-14 16:45:00+00:00,4383.8,64.975,4.211668626621697
2026-08-14 17:00:00+00:00,4380.3,64.933,4.2115165251187054
2026-08-14 17:15:00+00:00,4378.8,64.897,4.211728595550244
2026-08-14 17:30:00+00:00,4375.7,64.8,4.212516182634851
2026-08-14 17:45:00+00:00,4376.5,64.822,4.212359545260604
2026-08-14 18:00:00+00:00,4377.1,64.782,4.213113896635507
2026-08-14 18:15:00+00:00,4378.3,64.797,4.213156494185274
2026-08-14 18:30:00+00:00,4375.8,64.764,4.213094745793737
2026-08-14 18:45:00+00:00,4372.3,64.742,4.21263432460063
2026-08-14 19:00:00+00:00,4375.0,64.752,4.213097210658205
2026-08-14 19:15:00+00:00,4376.0,64.773,4.21300149423993
2026-08-14 19:30:00+00:00,4375.0,64.732,4.213406129137076
2026-08-14 19:45:00+00:00,4374.5,64.723,4.213430881347507
2026-08-14 20:00:00+00:00,4371.8,64.659,4.213802795930116
2026-08-14 20:15:00+00:00,4373.4,64.672,4.213967676395011
2026-08-14 20:30:00+00:00,4374.4,64.72,4.213454373779394
2026-08-14 20:45:00+00:00,4376.4,64.694,4.214313286099247
2026-08-14 21:00:00+00:00,4380.8,64.866,4.21266303155544
2026-08-14 21:15:00+00:00,4380.8,64.83,4.213218175907225
2026-08-14 21:30:00+00:00,4382.4,64.906,4.212411729149042
2026-08-14 21:45:00+00:00,4381.4,64.884,4.212522526813531
2026-08-14 22:00:00+00:00,4380.8,64.837,4.213110207033004
2026-08-14 22:15:00+00:00,4379.4,64.837,4.212790579624516
2026-08-14 22:30:00+00:00,4380.2,64.848,4.212803594542514
2026-08-14 22:45:00+00:00,4380.2,64.923,4.211647712128872
2026-08-14 23:00:00+00:00,4380.5,64.925,4.211685394557606
2026-08-14 23:15:00+00:00,4378.9,64.922,4.211366280957542
2026-08-14 23:30:00+00:00,4379.8,64.998,4.210401840036004
2026-08-14 23:45:00+00:00,4383.4,64.948,4.211993008222751
2026-08-15 00:00:00+00:00,4384.4,65.012,4.2112361971006385
2026-08-15 00:15:00+00:00,4381.7,64.975,4.211189475394688
2026-08-15 00:30:00+00:00,4380.5,65.01,4.210377047890041
2026-08-15 00:45:00+00:00,4382.0,64.995,4.210950176295429
2026-08-15 01:00:00+00:00,4382.0,65.046,4.2101658082482025
2026-08-15 01:15:00+00:00,4381.1,65.053,4.209852791126663
2026-08-15 01:30:00+00:00,4381.0,65.045,4.2099529497603765
2026-08-15 01:45:00+00:00,4380.6,64.967,4.211061531621526
2026-08-15 02:00:00+00:00,4380.6,64.95,4.211323237173486
2026-08-15 02:15:00+00:00,4379.7,64.923,4.211533555574449
2026-08-15 02:30:00+00:00,4380.5,64.939,4.211469784379971
2026-08-15 02:45:00+00:00,4380.9,64.92,4.211853719068145
2026-08-15 03:00:00+00:00,4383.0,64.863,4.213211347140286
2026-08-15 03:15:00+00:00,4383.0,64.872,4.213072602776553
2026-08-15 03:30:00+00:00,4383.0,64.852,4.213380949730986
2026-08-15 03:45:00+00:00,4383.1,64.835,4.21366593458092
2026-08-15 04:00:00+00:00,4381.4,64.838,4.213231735766955
2026-08-15 04:15:00+00:00,4382.0,64.846,4.213245292097148
2026-08-15 04:30:00+00:00,4382.6,64.877,4.212904265034062
2026-08-15 04:45:00+00:00,4382.1,64.841,4.213345221197671
2026-08-15 05:00:00+00:00,4382.3,64.822,4.213683927789663
2026-08-15 05:15:00+00:00,4382.8,64.819,4.213844298274081
2026-08-15 05:30:00+00:00,4382.2,64.822,4.213661108461691
2026-08-15 05:45:00+00:00,4381.1,64.814,4.2135334839866045
2026-08-15 06:00:00+00:00,4379.3,64.797,4.213384867256514
2026-08-15 06:15:00+00:00,4379.9,64.802,4.21344470498016
2026-08-15 06:30:00+00:00,4379.5,64.8,4.213384238244915
2026-08-15 06:45:00+00:00,4380.1,64.799,4.213536663019708
2026-08-15 07:00:00+00:00,4380.9,64.82,4.213395264001134
2026-08-15 07:15:00+00:00,4382.1,64.814,4.213761711119237
2026-08-15 07:30:00+00:00,4381.9,64.812,4.2137469278664135
2026-08-15 07:45:00+00:00,4382.3,64.804,4.21396164985338
2026-08-15 08:00:00+00:00,4382.2,64.801,4.213985125035659
2026-08-15 08:15:00+00:00,4381.9,64.81,4.213777786825543
2026-08-15 08:30:00+00:00,4380.6,64.79,4.213789709828229
2026-08-15 08:45:00+00:00,4382.0,64.797,4.214001214165186
2026-08-15 09:00:00+00:00,4381.7,64.818,4.2136087133593385
2026-08-15 09:15:00+00:00,4382.1,64.819,4.213684570267717
2026-08-15 09:30:00+00:00,4382.1,64.802,4.213946873445404
2026-08-15 09:45:00+00:00,4381.9,64.8,4.213932095906939
2026-08-15 10:00:00+00:00,4381.6,64.809,4.213724750866563
2026-08-15 10:15:00+00:00,4381.8,64.789,4.214079041991996
2026-08-15 10:30:00+00:00,4381.8,64.782,4.214187090861061
2026-08-15 10:45:00+00:00,4381.8,64.793,4.2140173050223355
2026-08-15 11:00:00+00:00,4381.8,64.807,4.213801255638779
2026-08-15 11:15:00+00:00,4381.8,64.81,4.213754965414495
2026-08-15 11:30:00+00:00,4381.5,64.842,4.213192868946821
2026-08-15 11:45:00+00:00,4380.5,64.852,4.212810401418595
2026-08-15 12:00:00+00:00,4380.5,64.846,4.212902924048155
2026-08-15 12:15:00+00:00,4380.5,64.842,4.212964610557335
2026-08-15 12:30:00+00:00,4381.0,64.845,4.213032481026194
2026-08-15 12:45:00+00:00,4381.3,64.86,4.212869662106797
2026-08-15 13:00:00+00:00,4381.3,64.878,4.212592179794514
2026-08-15 13:15:00+00:00,4381.3,64.872,4.212684665343713
2026-08-15 13:30:00+00:00,4381.3,64.874,4.212653835876906
2026-08-15 13:45:00+00:00,4381.3,64.872,4.212684665343713
2026-08-15 14:00:00+00:00,4381.3,64.868,4.2127463271288415
2026-08-15 14:15:00+00:00,4381.3,64.871,4.212700080433545
2026-08-15 14:30:00+00:00,4381.3,64.859,4.212885080048657
2026-08-15 14:45:00+00:00,4381.2,64.87,4.2126926712246275
2026-08-15 15:00:00+00:00,4381.3,64.876,4.212623007360526
2026-08-15 15:15:00+00:00,4381.1,64.878,4.212546530200788
2026-08-15 15:30:00+00:00,4381.9,64.913,4.212189787447715
2026-08-15 15:45:00+00:00,4381.8,64.911,4.212197776980717
2026-08-15 16:00:00+00:00,4381.8,64.933,4.211858908797196
2026-08-15 16:15:00+00:00,4381.7,64.945,4.2116512980629945
2026-08-15 16:30:00+00:00,4380.3,64.927,4.211608932326533
2026-08-15 16:45:00+00:00,4380.1,64.924,4.211609479117271
2026-08-15 17:00:00+00:00,4380.6,64.926,4.211692820472528
2026-08-15 17:15:00+00:00,4380.8,64.922,4.211800085775011
2026-08-15 17:30:00+00:00,4381.0,64.926,4.2117841279963315
2026-08-15 17:45:00+00:00,4381.4,64.909,4.21213729802139
2026-08-15 18:00:00+00:00,4381.8,64.903,4.212321030250936
2026-08-15 18:15:00+00:00,4381.8,64.898,4.212398071259903
2026-08-15 18:30:00+00:00,4381.8,64.895,4.212444298714397
2026-08-15 18:45:00+00:00,4381.8,64.898,4.212398071259903
2026-08-15 19:00:00+00:00,4381.8,64.925,4.211982120305307
2026-08-15 19:15:00+00:00,4382.2,64.919,4.212165821419455
2026-08-15 19:30:00+00:00,4382.2,64.922,4.212119611054462
2026-08-15 19:45:00+00:00,4382.4,64.936,4.211949629049939
2026-08-15 20:00:00+00:00,4382.6,64.924,4.212180079518479
2026-08-15 20:15:00+00:00,4382.6,64.934,4.212026065133231
2026-08-15 20:30:00+00:00,4382.4,64.94,4.211888031834114
2026-08-15 20:45:00+00:00,4382.7,64.94,4.2119564851318785
2026-08-15 21:00:00+00:00,4382.7,64.909,4.2124339628265695
2026-08-15 21:15:00+00:00,4382.7,64.912,4.212387745342486
2026-08-15 21:30:00+00:00,4383.3,64.912,4.212524637882057
2026-08-15 21:45:00+00:00,4383.4,64.918,4.212455022923036
2026-08-15 22:00:00+00:00,4382.0,64.878,4.212751936963957
2026-08-15 22:15:00+00:00,4382.5,64.881,4.2128197940367285
2026-08-15 22:30:00+00:00,4382.8,64.879,4.212919071913147
2026-08-15 22:45:00+00:00,4382.8,64.87,4.213057801306274
2026-08-15 23:00:00+00:00,4383.1,64.88,4.21297210577461
2026-08-15 23:15:00+00:00,4383.4,64.891,4.212871018738262
2026-08-15 23:30:00+00:00,4383.4,64.888,4.212917251179575
2026-08-15 23:45:00+00:00,4383.8,64.881,4.213116384390591
2026-08-16 00:00:00+00:00,4383.1,64.905,4.21258685323681
2026-08-16 00:15:00+00:00,4382.9,64.896,4.212679896206644
2026-08-16 00:30:00+00:00,4382.5,64.902,4.212496176919182
2026-08-16 00:45:00+00:00,4383.1,64.902,4.21263307570556
2026-08-16 01:00:00+00:00,4383.0,64.904,4.212579445326045
2026-08-16 01:15:00+00:00,4383.2,64.907,4.212578854086992
2026-08-16 01:30:00+00:00,4383.0,64.901,4.212625668506979
2026-08-16 01:45:00+00:00,4383.4,64.904,4.2126707028548545
2026-08-16 02:00:00+00:00,4383.3,64.904,4.212647889253384
2026-08-16 02:15:00+00:00,4382.7,64.917,4.212310720948823
2026-08-16 02:30:00+00:00,4382.3,64.912,4.21229647323746
2026-08-16 02:45:00+00:00,4382.4,64.91,4.212350103463437
2026-08-16 03:00:00+00:00,4382.3,64.906,4.2123889103417795
2026-08-16 03:15:00+00:00,4382.8,64.906,4.212502999171466
2026-08-16 03:30:00+00:00,4383.0,64.905,4.212564038073851
2026-08-16 03:45:00+00:00,4382.4,64.905,4.212427136163856
2026-08-16 04:00:00+00:00,4382.2,64.906,4.212366091013807
2026-08-16 04:15:00+00:00,4382.2,64.894,4.212550990860252
2026-08-16 04:30:00+00:00,4382.2,64.897,4.212504762693421
2026-08-16 04:45:00+00:00,4382.2,64.895,4.212535581233857
2026-08-16 05:00:00+00:00,4382.2,64.896,4.212520171844917
2026-08-16 05:15:00+00:00,4384.8,64.929,4.2126049285314044
2026-08-16 05:30:00+00:00,4385.0,64.936,4.212542735347409
2026-08-16 05:45:00+00:00,4385.4,64.959,4.212279819068138
2026-08-16 06:00:00+00:00,4384.9,64.948,4.212335149804273
2026-08-16 06:15:00+00:00,4384.8,64.951,4.212266154275008
2026-08-16 06:30:00+00:00,4384.2,64.953,4.212098516598871
2026-08-16 06:45:00+00:00,4383.7,64.954,4.211969068573897
2026-08-16 07:00:00+00:00,4383.3,64.952,4.211908608786003
2026-08-16 07:15:00+00:00,4383.1,64.955,4.211816793134071
2026-08-16 07:30:00+00:00,4383.1,64.965,4.211662852247068
2026-08-16 07:45:00+00:00,4383.5,64.966,4.211738714908539
2026-08-16 08:00:00+00:00,4383.5,64.952,4.211954235468495
2026-08-16 08:15:00+00:00,4383.6,64.959,4.211869281942975
2026-08-16 08:30:00+00:00,4383.6,64.954,4.2119462565337
2026-08-16 08:45:00+00:00,4383.6,64.937,4.212208014470695
2026-08-16 09:00:00+00:00,4383.4,64.957,4.211854445426639
2026-08-16 09:15:00+00:00,4383.4,64.966,4.211715901827517
2026-08-16 09:30:00+00:00,4383.4,64.968,4.211685116967509
2026-08-16 09:45:00+00:00,4383.1,64.967,4.211632066913198
2026-08-16 10:00:00+00:00,4382.5,64.986,4.211202754713734
2026-08-16 10:15:00+00:00,4381.8,64.998,4.210858377662634
2026-08-16 10:30:00+00:00,4381.4,64.974,4.211136397127102
2026-08-16 10:45:00+00:00,4381.4,64.965,4.211274923666699
2026-08-16 11:00:00+00:00,4381.8,64.968,4.211320036874009
2026-08-16 11:15:00+00:00,4382.4,64.972,4.211395390651664
2026-08-16 11:30:00+00:00,4382.7,64.986,4.211248389724923
2026-08-16 11:45:00+00:00,4381.7,64.976,4.2111740849783
2026-08-16 12:00:00+00:00,4381.0,64.989,4.2108142630086345
2026-08-16 12:15:00+00:00,4380.8,64.996,4.2106609055536
2026-08-16 12:30:00+00:00,4380.2,64.99,4.210616252522209
2026-08-16 12:45:00+00:00,4379.5,64.969,4.210779608548413
2026-08-16 13:00:00+00:00,4379.5,64.963,4.21087196455008
2026-08-16 13:15:00+00:00,4379.5,64.96,4.210918145749721
2026-08-16 13:30:00+00:00,4380.4,64.963,4.21107744634854
2026-08-16 13:45:00+00:00,4380.4,64.969,4.210985090346873
2026-08-16 14:00:00+00:00,4380.7,64.972,4.211007400095508
2026-08-16 14:15:00+00:00,4380.7,64.941,4.2114846425668295
2026-08-16 14:30:00+00:00,4380.7,64.954,4.211284480897121
2026-08-16 14:45:00+00:00,4379.5,64.952,4.211041306042999
2026-08-16 15:00:00+00:00,4379.1,64.93,4.211288736284247
2026-08-16 15:15:00+00:00,4379.1,64.932,4.211257934356044
2026-08-16 15:30:00+00:00,4379.1,64.924,4.211381147761818
2026-08-16 15:45:00+00:00,4379.8,64.956,4.211048222624648
2026-08-16 16:00:00+00:00,4379.6,64.92,4.211556932352879
2026-08-16 16:15:00+00:00,4381.3,64.937,4.211683193867427
2026-08-16 16:30:00+00:00,4382.8,64.951,4.21180992907434
2026-08-16 16:45:00+00:00,4383.8,64.954,4.211991880093715
2026-08-16 17:00:00+00:00,4384.8,64.967,4.212019845063338
2026-08-16 17:15:00+00:00,4384.8,64.984,4.211758207983254
2026-08-16 17:30:00+00:00,4384.8,64.986,4.211727431650251
2026-08-16 17:45:00+00:00,4384.8,64.993,4.211619721943195
2026-08-16 18:00:00+00:00,4383.8,64.98,4.211591676908297
2026-08-16 18:15:00+00:00,4382.4,64.974,4.211364608634516
2026-08-16 18:30:00+00:00,4382.2,64.97,4.21138053548114
2026-08-16 18:45:00+00:00,4382.4,64.966,4.211487742388712
2026-08-16 19:00:00+00:00,4381.6,64.966,4.21130517734941
2026-08-16 19:15:00+00:00,4381.4,64.956,4.211413469398558
2026-08-16 19:30:00+00:00,4381.4,64.956,4.211413469398558
2026-08-16 19:45:00+00:00,4381.8,65.028,4.2103969314821414
2026-08-16 20:00:00+00:00,4381.6,64.955,4.211474511021816
2026-08-16 20:15:00+00:00,4380.4,64.791,4.213728618578219
2026-08-16 20:30:00+00:00,4380.4,64.766,4.214114549100079
2026-08-16 20:45:00+00:00,4380.6,64.814,4.2134193508844575
2026-08-16 21:00:00+00:00,4380.6,64.762,4.2142219686962665
2026-08-16 21:15:00+00:00,4376.7,64.753,4.213470263193276
2026-08-16 21:30:00+00:00,4376.9,64.704,4.2142729668332475
2026-08-16 21:45:00+00:00,4379.5,64.663,4.215500673846417
2026-08-16 22:00:00+00:00,4375.5,64.854,4.211637488313765
2026-08-16 22:15:00+00:00,4374.9,64.932,4.210298372939031
2026-08-16 22:30:00+00:00,4377.6,64.99,4.210022496081919
2026-08-16 22:45:00+00:00,4385.6,65.26,4.2077024343833465
2026-08-16 23:00:00+00:00,4380.9,65.154,4.208255763251717
2026-08-16 23:15:00+00:00,4375.5,65.061,4.208450786621506
2026-08-16 23:30:00+00:00,4370.0,64.813,4.211012087568412
2026-08-16 23:45:00+00:00,4372.4,64.848,4.211021266533727
2026-08-17 00:00:00+00:00,4379.8,65.056,4.209509902781554
2026-08-17 00:15:00+00:00,4390.7,65.223,4.209431779197488
2026-08-17 00:30:00+00:00,4396.5,65.389,4.208210000221045
2026-08-17 00:45:00+00:00,4402.0,65.565,4.20677224510302
2026-08-17 01:00:00+00:00,4411.6,65.894,4.203945324109535
2026-08-17 01:15:00+00:00,4409.3,65.916,4.203090021534713
2026-08-17 01:30:00+00:00,4403.1,65.899,4.201940850398763
2026-08-17 01:45:00+00:00,4396.2,65.718,4.203122949824309
2026-08-17 02:00:00+00:00,4395.5,65.755,4.202400855497305
2026-08-17 02:15:00+00:00,4397.1,65.766,4.2025975242397235
2026-08-17 02:30:00+00:00,4395.9,65.655,4.204013808001121
2026-08-17 02:45:00+00:00,4394.0,65.64,4.203809986722665
2026-08-17 03:00:00+00:00,4391.3,65.537,4.204765721145111
2026-08-17 03:15:00+00:00,4394.4,65.619,4.204220993867898
2026-08-17 03:30:00+00:00,4397.4,65.591,4.2053302447438785
2026-08-17 03:45:00+00:00,4399.8,65.584,4.205982600565827
2026-08-17 04:00:00+00:00,4400.6,65.573,4.206332148386356
2026-08-17 04:15:00+00:00,4392.7,65.458,4.2062906355849705
2026-08-17 04:30:00+00:00,4397.5,65.603,4.2051700500000155
2026-08-17 04:45:00+00:00,4392.4,65.48,4.205886301220624
2026-08-17 05:00:00+00:00,4389.6,65.482,4.205218090030821
2026-08-17 05:15:00+00:00,4399.7,65.8,4.202671797432413
2026-08-17 05:30:00+00:00,4397.1,65.807,4.201974296049638
2026-08-17 05:45:00+00:00,4396.4,65.797,4.20196705860802
2026-08-17 06:00:00+00:00,4398.5,65.856,4.201548312481145
2026-08-17 06:15:00+00:00,4400.3,65.868,4.201775260044507
2026-08-17 06:30:00+00:00,4396.6,65.787,4.202164543503008
2026-08-17 06:45:00+00:00,4404.2,65.927,4.201765840788174
2026-08-17 07:00:00+00:00,4398.4,65.698,4.20392763378407
2026-08-17 07:15:00+00:00,4404.8,65.827,4.203420045874682
2026-08-17 07:30:00+00:00,4411.7,65.901,4.20386176578785
2026-08-17 07:45:00+00:00,4406.9,65.761,4.20489981596645
2026-08-17 08:00:00+00:00,4404.0,65.672,4.205595842796606
2026-08-17 08:15:00+00:00,4403.1,65.608,4.2063664775511524
2026-08-17 08:30:00+00:00,4398.4,65.553,4.206137141658142
2026-08-17 08:45:00+00:00,4396.3,65.524,4.206102069310674
2026-08-17 09:00:00+00:00,4401.4,65.588,4.206285198727812
2026-08-17 09:15:00+00:00,4398.1,65.539,4.206282523167745
2026-08-17 09:30:00+00:00,4396.7,65.582,4.205308270461398
2026-08-17 09:45:00+00:00,4395.8,65.525,4.205973069373703
2026-08-17 10:00:00+00:00,4395.6,65.567,4.205286798974701
2026-08-17 10:15:00+00:00,4405.7,65.849,4.203290194029415
2026-08-17 10:30:00+00:00,4400.1,65.678,4.204618532910192
2026-08-17 10:45:00+00:00,4400.7,65.63,4.205485989676196
2026-08-17 11:00:00+00:00,4403.0,65.66,4.205551493682307
2026-08-17 11:15:00+00:00,4406.1,65.782,4.204398978750989
2026-08-17 11:30:00+00:00,4402.0,65.745,4.204030639547525
2026-08-17 11:45:00+00:00,4398.4,65.689,4.204064633639673
2026-08-17 12:00:00+00:00,4395.9,65.666,4.203846279578009
2026-08-17 12:15:00+00:00,4388.0,65.518,4.2043039073467305
2026-08-17 12:30:00+00:00,4380.6,65.199,4.20749684889842
2026-08-17 12:45:00+00:00,4386.3,65.264,4.2078007435163
2026-08-17 13:00:00+00:00,4387.8,65.265,4.208127336664208
2026-08-17 13:15:00+00:00,4388.4,65.322,4.207391088816237
2026-08-17 13:30:00+00:00,4388.2,65.299,4.207697676978405
2026-08-17 13:45:00+00:00,4409.1,65.694,4.206418268861405
2026-08-17 14:00:00+00:00,4413.3,65.832,4.205271945620864
2026-08-17 14:15:00+00:00,4417.5,65.98,4.203977538393416
2026-08-17 14:30:00+00:00,4417.3,66.233,4.200105100528052
2026-08-17 14:45:00+00:00,4415.9,66.222,4.199954208754193
2026-08-17 15:00:00+00:00,4420.6,66.375,4.198710232903239
2026-08-17 15:15:00+00:00,4425.3,66.566,4.196899415073138
2026-08-17 15:30:00+00:00,4420.0,66.388,4.198378657813271
2026-08-17 15:45:00+00:00,4427.7,66.467,4.198929956963651
2026-08-17 16:00:00+00:00,4426.6,66.371,4.200126859915253
2026-08-17 16:15:00+00:00,4425.9,66.348,4.200315309447834
2026-08-17 16:30:00+00:00,4426.3,66.372,4.200044018805769
2026-08-17 16:45:00+00:00,4425.1,66.403,4.199305919872074
2026-08-17 17:00:00+00:00,4423.7,66.31,4.2003910135871605
2026-08-17 17:15:00+00:00,4418.4,66.031,4.203408589863948
2026-08-17 17:30:00+00:00,4417.0,66.08,4.202349882383804
2026-08-17 17:45:00+00:00,4415.1,65.942,4.2040101950509765
2026-08-17 18:00:00+00:00,4414.6,65.937,4.203972768003865
2026-08-17 18:15:00+00:00,4408.0,65.903,4.202992386839967
2026-08-17 18:30:00+00:00,4404.2,65.793,4.203800460378614
2026-08-17 18:45:00+00:00,4408.4,65.84,4.204039534448572
2026-08-17 19:00:00+00:00,4409.6,65.815,4.204691485501914
2026-08-17 19:15:00+00:00,4416.1,65.958,4.203994056803293
2026-08-17 19:30:00+00:00,4420.3,65.971,4.204747594546395
2026-08-17 19:45:00+00:00,4420.0,65.947,4.2050435859499
2026-08-17 20:00:00+00:00,4418.6,65.853,4.206153197578816
2026-08-17 20:15:00+00:00,4416.5,65.813,4.206285418978921
2026-08-17 20:30:00+00:00,4416.5,65.798,4.206513363452635
2026-08-17 20:45:00+00:00,4417.9,65.837,4.206237758722947
2026-08-17 21:00:00+00:00,4417.5,65.903,4.205145240201068
2026-08-17 21:15:00+00:00,4417.1,65.864,4.205646641144895
2026-08-17 21:30:00+00:00,4417.3,65.883,4.205403487079152
2026-08-17 21:45:00+00:00,4416.5,65.891,4.205100944564791
2026-08-17 22:00:00+00:00,4417.2,65.824,4.206276776702429
2026-08-17 22:15:00+00:00,4412.6,65.716,4.206876936830181
2026-08-17 22:30:00+00:00,4414.7,65.767,4.2065769677881315
2026-08-17 22:45:00+00:00,4411.3,65.711,4.206658370403168
2026-08-17 23:00:00+00:00,4413.8,65.794,4.205962626650765
2026-08-17 23:15:00+00:00,4420.1,65.872,4.206204134222656
2026-08-17 23:30:00+00:00,4423.9,65.937,4.206077198265151
2026-08-17 23:45:00+00:00,4425.4,66.001,4.205446055410037
2026-08-18 00:00:00+00:00,4422.9,65.96,4.205502370832486
2026-08-18 00:15:00+00:00,4432.6,66.425,4.2006681066796965
2026-08-18 00:30:00+00:00,4431.7,66.296,4.2024089730586525
2026-08-18 00:45:00+00:00,4436.2,66.465,4.2008779397971265
2026-08-18 01:00:00+00:00,4432.2,66.489,4.1996148333171
2026-08-18 01:15:00+00:00,4427.6,66.478,4.198741889652676
2026-08-18 01:30:00+00:00,4416.1,66.099,4.2018586144779135
2026-08-18 01:45:00+00:00,4410.8,65.694,4.2068037607651805
2026-08-18 02:00:00+00:00,4403.8,65.479,4.208493603003096
2026-08-18 02:15:00+00:00,4404.9,65.509,4.208285298854787
2026-08-18 02:30:00+00:00,4397.0,65.285,4.209915468320808
2026-08-18 02:45:00+00:00,4402.1,65.413,4.209115963307143
2026-08-18 03:00:00+00:00,4402.3,65.45,4.208595918248862
2026-08-18 03:15:00+00:00,4399.6,65.321,4.209955329451097
2026-08-18 03:30:00+00:00,4397.5,65.279,4.210121084700644
2026-08-18 03:45:00+00:00,4394.1,65.239,4.209960561376653
2026-08-18 04:00:00+00:00,4394.7,65.271,4.2096067148996585
2026-08-18 04:15:00+00:00,4394.7,65.235,4.2101584136861225
2026-08-18 04:30:00+00:00,4396.1,65.225,4.210630232194673
2026-08-18 04:45:00+00:00,4396.3,65.212,4.2108750559756505
2026-08-18 05:00:00+00:00,4394.0,65.142,4.211425750466786
2026-08-18 05:15:00+00:00,4394.2,65.115,4.211885831102603
2026-08-18 05:30:00+00:00,4395.2,65.135,4.211806276191482
2026-08-18 05:45:00+00:00,4397.9,65.229,4.210978277927168
2026-08-18 06:00:00+00:00,4396.6,65.308,4.209472253662098
2026-08-18 06:15:00+00:00,4401.7,65.44,4.208612416629014
2026-08-18 06:30:00+00:00,4399.3,65.313,4.2100096187087415
2026-08-18 06:45:00+00:00,4400.7,65.329,4.210082856329733
2026-08-18 07:00:00+00:00,4400.3,65.25,4.211201953197457
2026-08-18 07:15:00+00:00,4404.2,65.359,4.210418759514989
2026-08-18 07:30:00+00:00,4403.5,65.229,4.2122508029244825
2026-08-18 07:45:00+00:00,4400.2,65.074,4.213880189540587
2026-08-18 08:00:00+00:00,4394.3,65.026,4.213276335617311
2026-08-18 08:15:00+00:00,4390.1,64.992,4.2128430994550845
2026-08-18 08:30:00+00:00,4399.7,65.109,4.213228847256726
2026-08-18 08:45:00+00:00,4395.5,65.04,4.213334104051678
2026-08-18 09:00:00+00:00,4395.1,65.006,4.213765989661132
2026-08-18 09:15:00+00:00,4391.2,64.979,4.213293676463712
2026-08-18 09:30:00+00:00,4390.0,64.945,4.21354374820997
2026-08-18 09:45:00+00:00,4396.6,65.121,4.212339716084282
2026-08-18 10:00:00+00:00,4395.3,65.113,4.212166845116465
2026-08-18 10:15:00+00:00,4394.4,65.05,4.212930077069896
2026-08-18 10:30:00+00:00,4400.5,65.157,4.212673707655573
2026-08-18 10:45:00+00:00,4398.7,65.172,4.212034392864896
2026-08-18 11:00:00+00:00,4396.1,65.101,4.212533153137818
2026-08-18 11:15:00+00:00,4392.2,64.999,4.213213634331285
2026-08-18 11:30:00+00:00,4393.2,65.004,4.213364363450428
2026-08-18 11:45:00+00:00,4398.7,65.194,4.211696881547392
2026-08-18 12:00:00+00:00,4395.1,65.079,4.21264364645995
2026-08-18 12:15:00+00:00,4397.9,65.202,4.21139228993943
2026-08-18 12:30:00+00:00,4394.7,65.1,4.212229999189311
2026-08-18 12:45:00+00:00,4397.6,65.153,4.212075866453252
2026-08-18 13:00:00+00:00,4397.8,65.189,4.211568951821917
2026-08-18 13:15:00+00:00,4391.6,64.914,4.214385587427086
2026-08-18 13:30:00+00:00,4403.1,65.141,4.213509966004502
2026-08-18 13:45:00+00:00,4397.8,64.919,4.2157193559105455
2026-08-18 14:00:00+00:00,4396.1,64.597,4.220305093135745
2026-08-18 14:15:00+00:00,4397.1,64.769,4.2178734178722905
2026-08-18 14:30:00+00:00,4382.3,64.415,4.219982454458064
2026-08-18 14:45:00+00:00,4367.2,64.191,4.220014336514624
2026-08-18 15:00:00+00:00,4363.3,63.849,4.224463010138475
2026-08-18 15:15:00+00:00,4358.5,63.719,4.225400449192691
2026-08-18 15:30:00+00:00,4362.6,63.775,4.225462224856191
2026-08-18 15:45:00+00:00,4367.6,64.032,4.2225859797385885
2026-08-18 16:00:00+00:00,4370.2,64.079,4.222447356487564
2026-08-18 16:15:00+00:00,4365.8,63.926,4.223830563153338
2026-08-18 16:30:00+00:00,4369.1,63.981,4.223726152938777
2026-08-18 16:45:00+00:00,4366.6,63.929,4.223966860681276
2026-08-18 17:00:00+00:00,4368.8,63.95,4.224142122813092
2026-08-18 17:15:00+00:00,4368.3,64.026,4.222839945522486
2026-08-18 17:30:00+00:00,4362.6,63.932,4.223003470377659
2026-08-18 17:45:00+00:00,4359.7,63.874,4.223246133812277
2026-08-18 18:00:00+00:00,4359.3,63.848,4.2235615144210525
2026-08-18 18:15:00+00:00,4362.6,63.866,4.224036350483257
2026-08-18 18:30:00+00:00,4356.5,63.834,4.223138297909058
2026-08-18 18:45:00+00:00,4357.0,63.799,4.223801509870727
2026-08-18 19:00:00+00:00,4359.6,63.84,4.223755635873603
2026-08-18 19:15:00+00:00,4358.2,63.86,4.223121219776186
2026-08-18 19:30:00+00:00,4353.5,63.728,4.224111371829382
2026-08-18 19:45:00+00:00,4347.5,63.594,4.224837119955265
2026-08-18 20:00:00+00:00,4343.3,63.556,4.2244682997981275
2026-08-18 20:15:00+00:00,4340.0,63.517,4.224322040490049
2026-08-18 20:30:00+00:00,4335.1,63.415,4.2247995304799355
2026-08-18 20:45:00+00:00,4337.5,63.376,4.225968183375554
2026-08-18 21:00:00+00:00,4343.6,63.419,4.226695275253421
2026-08-18 21:15:00+00:00,4344.6,63.44,4.226594396296238
2026-08-18 21:30:00+00:00,4349.2,63.458,4.227368929380719
2026-08-18 21:45:00+00:00,4343.5,63.506,4.22530136407608
2026-08-18 22:00:00+00:00,4342.7,63.435,4.226235793881248
2026-08-18 22:15:00+00:00,4337.8,63.294,4.22733204820078
2026-08-18 22:30:00+00:00,4334.9,63.216,4.227896387228786
2026-08-18 22:45:00+00:00,4335.8,63.229,4.227898359926515
2026-08-18 23:00:00+00:00,4335.5,63.085,4.230109199437511
2026-08-18 23:15:00+00:00,4332.8,62.916,4.232168759899506
2026-08-18 23:30:00+00:00,4331.1,62.904,4.231967075614664
2026-08-18 23:45:00+00:00,4334.8,62.997,4.2313436458387494
2026-08-19 00:00:00+00:00,4344.9,63.069,4.232528657323821
2026-08-19 00:15:00+00:00,4343.7,63.043,4.232664765205687
2026-08-19 00:30:00+00:00,4345.3,63.079,4.232462171111222
2026-08-19 00:45:00+00:00,4341.7,63.0,4.232886529075639
2026-08-19 01:00:00+00:00,4344.7,63.036,4.233005998676789
2026-08-19 01:15:00+00:00,4342.9,63.018,4.232877206842667
2026-08-19 01:30:00+00:00,4357.2,63.321,4.2313679005217
2026-08-19 01:45:00+00:00,4357.9,63.222,4.233093227090204
2026-08-19 02:00:00+00:00,4355.7,63.153,4.233680257551381
2026-08-19 02:15:00+00:00,4361.4,63.215,4.2340067709547835
2026-08-19 02:30:00+00:00,4357.9,63.065,4.2355796283964935
2026-08-19 02:45:00+00:00,4355.9,63.085,4.234803503568496
2026-08-19 03:00:00+00:00,4355.8,63.086,4.234764694433685
2026-08-19 03:15:00+00:00,4359.4,63.092,4.235495733569184
2026-08-19 03:30:00+00:00,4359.9,63.167,4.234422387414932
2026-08-19 03:45:00+00:00,4357.9,63.082,4.2353101015729795
2026-08-19 04:00:00+00:00,4356.2,63.01,4.236061952727163
2026-08-19 04:15:00+00:00,4352.7,62.865,4.237562051144605
2026-08-19 04:30:00+00:00,4348.2,62.856,4.23667084946977
2026-08-19 04:45:00+00:00,4350.3,62.925,4.2360565462005795
2026-08-19 05:00:00+00:00,4341.7,62.665,4.238218177403686
2026-08-19 05:15:00+00:00,4347.1,62.902,4.235686275391744
2026-08-19 05:30:00+00:00,4343.6,62.821,4.236169363861649
2026-08-19 05:45:00+00:00,4338.9,62.725,4.2366160464953095
2026-08-19 06:00:00+00:00,4339.3,62.695,4.237186624120686
2026-08-19 06:15:00+00:00,4345.1,62.945,4.234542723176154
2026-08-19 06:30:00+00:00,4343.9,62.933,4.23445717267188
2026-08-19 06:45:00+00:00,4351.0,63.19,4.232014921935316
2026-08-19 07:00:00+00:00,4352.3,63.241,4.231506894990507
2026-08-19 07:15:00+00:00,4357.6,63.25,4.232581598461835
2026-08-19 07:30:00+00:00,4356.1,63.138,4.234009633643756
2026-08-19 07:45:00+00:00,4357.4,63.136,4.234339698352028
2026-08-19 08:00:00+00:00,4363.4,63.295,4.233200511869132
2026-08-19 08:15:00+00:00,4361.9,63.283,4.2330462905556185
2026-08-19 08:30:00+00:00,4364.2,63.321,4.232973147730438
2026-08-19 08:45:00+00:00,4358.0,63.125,4.234651627909042
2026-08-19 09:00:00+00:00,4358.2,63.179,4.2338424396077485
2026-08-19 09:15:00+00:00,4357.6,63.17,4.233847221158856
2026-08-19 09:30:00+00:00,4361.5,63.19,4.23442525308791
2026-08-19 09:45:00+00:00,4363.7,63.3,4.2331902711685245
2026-08-19 10:00:00+00:00,4366.0,63.276,4.234096426773556
2026-08-19 10:15:00+00:00,4370.5,63.403,4.2331215190848654
2026-08-19 10:30:00+00:00,4369.6,63.361,4.233578220509535
2026-08-19 10:45:00+00:00,4369.1,63.375,4.233242855310995
2026-08-19 11:00:00+00:00,4375.0,63.484,4.232873893146403
2026-08-19 11:15:00+00:00,4373.2,63.611,4.23046387419457
2026-08-19 11:30:00+00:00,4366.1,63.473,4.231010822481344
2026-08-19 11:45:00+00:00,4366.5,63.584,4.229355185484381
2026-08-19 12:00:00+00:00,4370.4,63.745,4.227719067491423
2026-08-19 12:15:00+00:00,4370.8,63.799,4.226963821449876
2026-08-19 12:30:00+00:00,4417.5,65.056,4.218080766747915
2026-08-19 12:45:00+00:00,4439.3,64.942,4.224757421479499
2026-08-19 13:00:00+00:00,4456.4,65.057,4.226832735485007
2026-08-19 13:15:00+00:00,4458.3,65.218,4.224787301981704
2026-08-19 13:30:00+00:00,4460.8,65.151,4.226375748478926
2026-08-19 13:45:00+00:00,4460.4,65.113,4.226869505032295
2026-08-19 14:00:00+00:00,4473.9,65.291,4.22716158907439
2026-08-19 14:15:00+00:00,4485.6,65.518,4.226302630761072
2026-08-19 14:30:00+00:00,4489.8,65.815,4.222715660436997
2026-08-19 14:45:00+00:00,4488.2,65.631,4.225158864185597
2026-08-19 15:00:00+00:00,4485.7,65.658,4.224190386458224
2026-08-19 15:15:00+00:00,4484.9,65.553,4.22561250194745
2026-08-19 15:30:00+00:00,4492.1,65.837,4.222893587084674
2026-08-19 15:45:00+00:00,4492.2,65.914,4.221746976423472
2026-08-19 16:00:00+00:00,4499.3,65.997,4.222067821654954
2026-08-19 16:15:00+00:00,4492.0,65.88,4.222218410548894
2026-08-19 16:30:00+00:00,4496.2,65.865,4.223380681888118
2026-08-19 16:45:00+00:00,4495.2,65.83,4.223689778318203
2026-08-19 17:00:00+00:00,4492.2,65.874,4.222354011984044
2026-08-19 17:15:00+00:00,4486.6,65.734,4.22323416014238
2026-08-19 17:30:00+00:00,4489.3,65.794,4.22292341781457
2026-08-19 17:45:00+00:00,4487.6,65.746,4.223274483965452
2026-08-19 18:00:00+00:00,4488.5,65.799,4.222669208549345
2026-08-19 18:15:00+00:00,4476.4,65.556,4.223669691742291
2026-08-19 18:30:00+00:00,4490.6,65.957,4.2207385875514145
2026-08-19 18:45:00+00:00,4494.9,66.078,4.219862837306346
2026-08-19 19:00:00+00:00,4504.1,66.319,4.218266939754094
2026-08-19 19:15:00+00:00,4506.5,66.422,4.217247751088978
2026-08-19 19:30:00+00:00,4505.4,66.369,4.2178018763379335
2026-08-19 19:45:00+00:00,4509.2,66.423,4.217831651123442
2026-08-19 20:00:00+00:00,4505.3,66.37,4.217764613342217
2026-08-19 20:15:00+00:00,4516.4,66.584,4.217006186862573
2026-08-19 20:30:00+00:00,4518.3,66.744,4.215026690286139
2026-08-19 20:45:00+00:00,4522.3,67.045,4.211411957232159
2026-08-19 21:00:00+00:00,4524.9,67.026,4.21227015262555
2026-08-19 21:15:00+00:00,4526.1,66.982,4.213191993934271
2026-08-19 21:30:00+00:00,4526.1,66.995,4.212997930773567
2026-08-19 21:45:00+00:00,4526.2,66.968,4.213423120988891
2026-08-19 22:00:00+00:00,4520.4,67.05,4.210917154758309
2026-08-19 22:15:00+00:00,4519.6,67.019,4.211202612056374
2026-08-19 22:30:00+00:00,4517.1,66.929,4.211993117979291
2026-08-19 22:45:00+00:00,4517.4,66.949,4.211760750578292
2026-08-19 23:00:00+00:00,4518.6,67.01,4.2111156283502815
2026-08-19 23:15:00+00:00,4516.5,67.05,4.210054026862211
2026-08-19 23:30:00+00:00,4512.1,67.107,4.2082295956087785
2026-08-19 23:45:00+00:00,4509.9,66.986,4.209546616968997
2026-08-20 00:00:00+00:00,4513.6,67.188,4.2073556800929754
2026-08-20 00:15:00+00:00,4510.0,67.067,4.208360312772674
2026-08-20 00:30:00+00:00,4506.5,67.008,4.2084640627483925
2026-08-20 00:45:00+00:00,4504.2,66.828,4.21064341941148
2026-08-20 01:00:00+00:00,4492.3,66.647,4.2107100646656805
2026-08-20 01:15:00+00:00,4500.1,66.858,4.209283930440751
2026-08-20 01:30:00+00:00,4493.7,66.819,4.208444223605325
2026-08-20 01:45:00+00:00,4490.1,66.76,4.208526153409577
2026-08-20 02:00:00+00:00,4498.1,67.34,4.20165595064236
2026-08-20 02:15:00+00:00,4492.7,67.043,4.204874931733026
2026-08-20 02:30:00+00:00,4492.0,67.104,4.203809661138824
2026-08-20 02:45:00+00:00,4490.8,67.09,4.203751137009828
2026-08-20 03:00:00+00:00,4492.3,67.135,4.203414581499877
2026-08-20 03:15:00+00:00,4493.9,67.185,4.203026192278913
2026-08-20 03:30:00+00:00,4497.9,67.137,4.20463059236784
2026-08-20 03:45:00+00:00,4498.6,67.238,4.203282952344032
2026-08-20 04:00:00+00:00,4497.0,67.177,4.203834859731339
2026-08-20 04:15:00+00:00,4492.4,67.059,4.204569530181071
2026-08-20 04:30:00+00:00,4487.1,66.957,4.204911270023233
2026-08-20 04:45:00+00:00,4490.6,67.121,4.203244641361219
2026-08-20 05:00:00+00:00,4487.1,67.073,4.203180313834867
2026-08-20 05:15:00+00:00,4484.9,66.963,4.204331249655304
2026-08-20 05:30:00+00:00,4481.8,66.815,4.205852424196026
2026-08-20 05:45:00+00:00,4481.8,66.843,4.205433444405672
2026-08-20 06:00:00+00:00,4493.5,67.164,4.203249797401205
2026-08-20 06:15:00+00:00,4494.4,67.088,4.204582265921572
2026-08-20 06:30:00+00:00,4494.4,67.084,4.204641890880597
2026-08-20 06:45:00+00:00,4494.5,67.05,4.205171096285766
2026-08-20 07:00:00+00:00,4487.7,66.815,4.207167993815501
2026-08-20 07:15:00+00:00,4485.3,66.592,4.209976211676768
2026-08-20 07:30:00+00:00,4490.4,66.623,4.210647200354279
2026-08-20 07:45:00+00:00,4490.2,66.638,4.2103775377706985
2026-08-20 08:00:00+00:00,4493.4,66.776,4.209021197934941
2026-08-20 08:15:00+00:00,4490.8,66.726,4.209191456519864
2026-08-20 08:30:00+00:00,4491.4,66.653,4.210419679279886
2026-08-20 08:45:00+00:00,4488.9,66.699,4.209173001552042
2026-08-20 09:00:00+00:00,4492.2,66.754,4.209083617886139
2026-08-20 09:15:00+00:00,4490.9,66.732,4.209123808090669
2026-08-20 09:30:00+00:00,4488.9,66.761,4.2082438841466745
2026-08-20 09:45:00+00:00,4482.9,66.726,4.207430755350697
2026-08-20 10:00:00+00:00,4489.0,66.984,4.2049314538798015
2026-08-20 10:15:00+00:00,4490.5,66.951,4.205758324565581
2026-08-20 10:30:00+00:00,4491.1,66.89,4.206803460465254
2026-08-20 10:45:00+00:00,4488.8,66.912,4.205962361190539
2026-08-20 11:00:00+00:00,4484.5,66.758,4.207308145271893
2026-08-20 11:15:00+00:00,4485.5,66.727,4.207995582385006
2026-08-20 11:30:00+00:00,4474.5,66.553,4.208151269909761
2026-08-20 11:45:00+00:00,4465.9,66.195,4.21162110935809
2026-08-20 12:00:00+00:00,4463.7,65.95,4.214836418338438
2026-08-20 12:15:00+00:00,4459.4,66.137,4.211041158622157
2026-08-20 12:30:00+00:00,4466.8,66.389,4.208896167463424
2026-08-20 12:45:00+00:00,4474.9,66.56,4.208135487577604
2026-08-20 13:00:00+00:00,4472.4,66.735,4.204950903347098
2026-08-20 13:15:00+00:00,4471.4,66.749,4.204517521781429
2026-08-20 13:30:00+00:00,4486.2,67.411,4.197953087884335
2026-08-20 13:45:00+00:00,4480.3,67.187,4.199965511018911
2026-08-20 14:00:00+00:00,4484.4,67.415,4.1974924411934005
2026-08-20 14:15:00+00:00,4490.7,67.517,4.1973844525683175
2026-08-20 14:30:00+00:00,4500.4,67.763,4.195905237425268
2026-08-20 14:45:00+00:00,4515.7,68.399,4.1899572879549165
2026-08-20 15:00:00+00:00,4534.0,68.829,4.18773466331134
2026-08-20 15:15:00+00:00,4531.5,68.777,4.187938902772599
2026-08-20 15:30:00+00:00,4511.9,68.186,4.192234364627215
2026-08-20 15:45:00+00:00,4520.7,68.334,4.1920146815719495
2026-08-20 16:00:00+00:00,4512.0,68.146,4.192843330815143
2026-08-20 16:15:00+00:00,4509.6,68.046,4.193779789706117
2026-08-20 16:30:00+00:00,4509.8,68.144,4.192384972434553
2026-08-20 16:45:00+00:00,4509.0,68.257,4.190550685512789
2026-08-20 17:00:00+00:00,4509.9,68.231,4.191131252272427
2026-08-20 17:15:00+00:00,4514.6,68.135,4.193580837147693
2026-08-20 17:30:00+00:00,4519.3,68.195,4.193741145197629
2026-08-20 17:45:00+00:00,4520.3,68.192,4.194006386388984
2026-08-20 18:00:00+00:00,4510.2,67.802,4.197505084375127
2026-08-20 18:15:00+00:00,4519.6,68.048,4.195965434823814
2026-08-20 18:30:00+00:00,4520.3,67.975,4.197193651786656
2026-08-20 18:45:00+00:00,4523.4,67.947,4.1982912129335785
2026-08-20 19:00:00+00:00,4528.1,68.234,4.195114730097702
2026-08-20 19:15:00+00:00,4524.6,68.136,4.195778746597877
2026-08-20 19:30:00+00:00,4528.6,68.154,4.196398269461081
2026-08-20 19:45:00+00:00,4528.8,68.268,4.194771147165939
2026-08-20 20:00:00+00:00,4523.4,68.169,4.195029286387941
2026-08-20 20:15:00+00:00,4522.6,68.126,4.1954833969141365
2026-08-20 20:30:00+00:00,4518.9,68.12,4.194753024582392
2026-08-20 20:45:00+00:00,4519.6,68.119,4.194922597624868
2026-08-20 21:00:00+00:00,4520.0,68.153,4.19451209510969
2026-08-20 21:15:00+00:00,4519.9,68.149,4.194548664167157
2026-08-20 21:30:00+00:00,4517.4,68.155,4.193907363061325
2026-08-20 21:45:00+00:00,4518.2,68.146,4.194216501060371
2026-08-20 22:00:00+00:00,4518.7,68.131,4.1945472983392715
2026-08-20 22:15:00+00:00,4519.5,68.159,4.194313436186533
2026-08-20 22:30:00+00:00,4522.6,68.25,4.193664894623825
2026-08-20 22:45:00+00:00,4524.0,68.286,4.193447069708204
2026-08-20 23:00:00+00:00,4531.2,68.411,4.193208453647334
2026-08-20 23:15:00+00:00,4526.4,68.345,4.193113792942686
2026-08-20 23:30:00+00:00,4524.8,68.267,4.193902168964377
2026-08-20 23:45:00+00:00,4527.5,68.215,4.195260707742731
2026-08-21 00:00:00+00:00,4520.1,68.127,4.194915786124711
2026-08-21 00:15:00+00:00,4514.7,68.069,4.194572121868345
2026-08-21 00:30:00+00:00,4514.0,68.121,4.193653421714232
2026-08-21 00:45:00+00:00,4511.5,68.011,4.194715514635066
2026-08-21 01:00:00+00:00,4521.6,68.413,4.191058327440996
2026-08-21 01:15:00+00:00,4530.2,68.508,4.191570840842745
2026-08-21 01:30:00+00:00,4525.7,68.388,4.192330169661547
2026-08-21 01:45:00+00:00,4530.7,68.554,4.19100997605144
2026-08-21 02:00:00+00:00,4521.3,68.406,4.191094302014102
2026-08-21 02:15:00+00:00,4527.5,68.627,4.189239146454553
2026-08-21 02:30:00+00:00,4537.7,68.905,4.187446810409615
2026-08-21 02:45:00+00:00,4535.5,68.749,4.18922841906865
2026-08-21 03:00:00+00:00,4534.1,68.874,4.187103138092901
2026-08-21 03:15:00+00:00,4531.2,68.738,4.188439908202041
2026-08-21 03:30:00+00:00,4529.2,68.797,4.18714046310246
2026-08-21 03:45:00+00:00,4533.1,68.887,4.186693830170981
2026-08-21 04:00:00+00:00,4540.2,69.017,4.18637349186546
2026-08-21 04:15:00+00:00,4546.9,69.167,4.18567709079249
2026-08-21 04:30:00+00:00,4543.0,69.006,4.187149408420904
2026-08-21 04:45:00+00:00,4541.6,68.998,4.186957133186591
2026-08-21 05:00:00+00:00,4538.3,68.986,4.186404186112688
2026-08-21 05:15:00+00:00,4531.9,68.794,4.187780024757107
2026-08-21 05:30:00+00:00,4541.6,68.984,4.187160058206493
2026-08-21 05:45:00+00:00,4555.4,69.199,4.187082209773606
2026-08-21 06:00:00+00:00,4550.9,68.892,4.190540233609023
2026-08-21 06:15:00+00:00,4557.9,68.88,4.192251409998355
2026-08-21 06:30:00+00:00,4564.5,68.948,4.192711660712991
2026-08-21 06:45:00+00:00,4563.1,68.852,4.193798222684535
2026-08-21 07:00:00+00:00,4562.3,68.978,4.191794548136415
2026-08-21 07:15:00+00:00,4564.1,68.955,4.192522503420364
2026-08-21 07:30:00+00:00,4566.9,69.168,4.190051588808042
2026-08-21 07:45:00+00:00,4566.9,69.34,4.187567976476441
2026-08-21 08:00:00+00:00,4568.9,69.268,4.18904471560658
2026-08-21 08:15:00+00:00,4583.5,69.703,4.185974818954729
2026-08-21 08:30:00+00:00,4585.8,69.815,4.184870965082736
2026-08-21 08:45:00+00:00,4588.0,69.84,4.184992566717915
2026-08-21 09:00:00+00:00,4602.4,69.99,4.185980810847635
2026-08-21 09:15:00+00:00,4584.5,69.508,4.188994473629948
2026-08-21 09:30:00+00:00,4585.2,69.498,4.18929102906259
2026-08-21 09:45:00+00:00,4585.1,69.454,4.1899025317693726
2026-08-21 10:00:00+00:00,4580.0,69.241,4.191861104385739
2026-08-21 10:15:00+00:00,4590.6,69.414,4.191677437191054
2026-08-21 10:30:00+00:00,4595.5,69.451,4.192211374853382
2026-08-21 10:45:00+00:00,4590.9,69.507,4.1904038953417535
2026-08-21 11:00:00+00:00,4592.5,69.7,4.187979499322802
2026-08-21 11:15:00+00:00,4600.3,69.982,4.185638731616606
2026-08-21 11:30:00+00:00,4599.3,69.872,4.186994400241313
2026-08-21 11:45:00+00:00,4599.7,69.706,4.189459965683831
2026-08-21 12:00:00+00:00,4595.4,69.51,4.191340455031209
2026-08-21 12:15:00+00:00,4586.8,69.486,4.1898125987338535
2026-08-21 12:30:00+00:00,4573.6,69.37,4.188601422552551
2026-08-21 12:45:00+00:00,4576.7,69.459,4.187996842951407
2026-08-21 13:00:00+00:00,4585.6,69.615,4.187696176272604
2026-08-21 13:15:00+00:00,4585.7,69.584,4.188163388937861
2026-08-21 13:30:00+00:00,4587.4,69.733,4.186395030363604
2026-08-21 13:45:00+00:00,4582.4,69.409,4.189961615224508
2026-08-21 14:00:00+00:00,4589.7,69.557,4.189423381120027
2026-08-21 14:15:00+00:00,4602.5,69.727,4.189767295888891
2026-08-21 14:30:00+00:00,4583.1,69.014,4.19582152147293
2026-08-21 14:45:00+00:00,4591.1,69.151,4.195582406436716
2026-08-21 15:00:00+00:00,4595.4,69.257,4.194986859152209
2026-08-21 15:15:00+00:00,4604.7,69.482,4.19376507376691
2026-08-21 15:30:00+00:00,4610.2,69.518,4.1944408071539225
2026-08-21 15:45:00+00:00,4614.8,69.532,4.195236730793841
2026-08-21 16:00:00+00:00,4616.0,69.457,4.196575952130104
2026-08-21 16:15:00+00:00,4614.5,69.573,4.1945822376644495
2026-08-21 16:30:00+00:00,4622.5,69.774,4.193429515722319
2026-08-21 16:45:00+00:00,4630.0,69.907,4.19314635979298
2026-08-21 17:00:00+00:00,4624.4,69.736,4.194385228091892
2026-08-21 17:15:00+00:00,4623.7,69.615,4.195970467993504
2026-08-21 17:30:00+00:00,4620.8,69.589,4.195716620385672
2026-08-21 17:45:00+00:00,4620.8,69.533,4.196521669235235
2026-08-21 18:00:00+00:00,4625.1,69.586,4.196689873652575
2026-08-21 18:15:00+00:00,4626.5,69.637,4.196259886407418
2026-08-21 18:30:00+00:00,4621.3,69.557,4.196284769454341
2026-08-21 18:45:00+00:00,4624.5,69.613,4.196172204486258
2026-08-21 19:00:00+00:00,4623.3,69.571,4.1965162009654104
2026-08-21 19:15:00+00:00,4619.3,69.428,4.197708213086054
2026-08-21 19:30:00+00:00,4619.7,69.307,4.199539135706786
2026-08-21 19:45:00+00:00,4617.0,69.398,4.197642373853293
2026-08-21 20:00:00+00:00,4617.7,69.304,4.199149400028875
2026-08-21 20:15:00+00:00,4612.4,69.025,4.202034850080743
2026-08-21 20:30:00+00:00,4609.9,69.009,4.201724512907459
2026-08-21 20:45:00+00:00,4604.7,68.964,4.201248170673868
2026-08-21 21:00:00+00:00,4608.7,69.089,4.200305572039536
2026-08-21 21:15:00+00:00,4609.0,69.122,4.199893133458137
2026-08-21 21:30:00+00:00,4613.2,69.174,4.200051968872912
2026-08-21 21:45:00+00:00,4610.1,69.134,4.199958177447032
2026-08-21 22:00:00+00:00,4609.2,69.021,4.201398779020918
2026-08-21 22:15:00+00:00,4611.9,69.092,4.200956248755626
2026-08-21 22:30:00+00:00,4611.7,69.081,4.201072102428016
2026-08-21 22:45:00+00:00,4612.9,69.138,4.200507498196021
2026-08-21 23:00:00+00:00,4613.0,69.142,4.200471322667557
2026-08-21 23:15:00+00:00,4613.8,69.198,4.199835130985128
2026-08-21 23:30:00+00:00,4613.4,69.179,4.200023042906453
2026-08-21 23:45:00+00:00,4613.2,69.132,4.200659317813537
2026-08-22 00:00:00+00:00,4613.5,69.083,4.201433386773427
2026-08-22 00:15:00+00:00,4611.7,69.097,4.200840517080544
2026-08-22 00:30:00+00:00,4610.5,69.097,4.200580275488132
2026-08-22 00:45:00+00:00,4609.5,69.091,4.2004501939680345
2026-08-22 01:00:00+00:00,4609.5,69.084,4.2005515147569765
2026-08-22 01:15:00+00:00,4608.9,69.123,4.199856969473019
2026-08-22 01:30:00+00:00,4606.8,69.098,4.199762965000059
2026-08-22 01:45:00+00:00,4610.2,69.113,4.200283672778396
2026-08-22 02:00:00+00:00,4610.3,69.181,4.1993219513458975
2026-08-22 02:15:00+00:00,4613.0,69.197,4.199676174475104
2026-08-22 02:30:00+00:00,4609.2,69.152,4.199502604815384
2026-08-22 02:45:00+00:00,4610.8,69.19,4.199300313216138
2026-08-22 03:00:00+00:00,4612.7,69.239,4.199004360157411
2026-08-22 03:15:00+00:00,4612.0,69.238,4.198867036535672
2026-08-22 03:30:00+00:00,4608.0,69.213,4.198360496124146
2026-08-22 03:45:00+00:00,4610.8,69.22,4.19886681851966
2026-08-22 04:00:00+00:00,4610.0,69.207,4.198881122413637
2026-08-22 04:15:00+00:00,4610.6,69.195,4.199184673687602
2026-08-22 04:30:00+00:00,4609.8,69.15,4.199661692990877
2026-08-22 04:45:00+00:00,4610.3,69.142,4.1998858489049935
2026-08-22 05:00:00+00:00,4592.6,68.265,4.208804401348055
2026-08-22 05:15:00+00:00,4603.4,68.862,4.202445937963008
2026-08-22 05:30:00+00:00,4604.3,68.966,4.201132298917597
2026-08-22 05:45:00+00:00,4606.9,69.031,4.200754779535301
2026-08-22 06:00:00+00:00,4603.9,68.941,4.201407983012115
2026-08-22 06:15:00+00:00,4603.8,68.939,4.2014152727951455
2026-08-22 06:30:00+00:00,4603.3,68.958,4.201031092964718
2026-08-22 06:45:00+00:00,4604.5,68.9,4.202133187141809
2026-08-22 07:00:00+00:00,4605.1,68.877,4.202597358816226
2026-08-22 07:15:00+00:00,4607.3,68.871,4.20316209155251
2026-08-22 07:30:00+00:00,4608.8,68.9,4.203066620398561
2026-08-22 07:45:00+00:00,4608.6,68.959,4.20216727714249
2026-08-22 08:00:00+00:00,4607.6,68.955,4.20200827512605
2026-08-22 08:15:00+00:00,4607.3,68.991,4.20142121980676
2026-08-22 08:30:00+00:00,4607.8,69.001,4.201384801410158
2026-08-22 08:45:00+00:00,4608.4,69.01,4.201384582531388
2026-08-22 09:00:00+00:00,4608.4,69.01,4.201384582531388
2026-08-22 09:15:00+00:00,4608.0,69.005,4.201370236635724
2026-08-22 09:30:00+00:00,4608.0,69.056,4.200631432740058
2026-08-22 09:45:00+00:00,4608.9,69.047,4.200957063670959
2026-08-22 10:00:00+00:00,4607.4,68.915,4.20254512441815
2026-08-22 10:15:00+00:00,4605.9,68.886,4.202640404993233
2026-08-22 10:30:00+00:00,4607.5,68.961,4.201899562133589
2026-08-22 10:45:00+00:00,4607.3,68.915,4.202523419967652
2026-08-22 11:00:00+00:00,4605.3,68.868,4.20277146423304
2026-08-22 11:15:00+00:00,4605.1,68.879,4.202568321968465
2026-08-22 11:30:00+00:00,4605.4,68.922,4.202009376632197
2026-08-22 11:45:00+00:00,4606.0,68.904,4.202400848893758
2026-08-22 12:00:00+00:00,4606.0,68.99,4.2011535138226135
2026-08-22 12:15:00+00:00,4606.2,68.974,4.201428879070179
2026-08-22 12:30:00+00:00,4607.2,68.958,4.201877952577786
2026-08-22 12:45:00+00:00,4607.2,68.945,4.202066490898758
2026-08-22 13:00:00+00:00,4606.5,68.934,4.202074103449704
2026-08-22 13:15:00+00:00,4606.5,68.941,4.201972562198484
2026-08-22 13:30:00+00:00,4606.5,68.947,4.201885535045957
2026-08-22 13:45:00+00:00,4604.6,68.926,4.201777617481899
2026-08-22 14:00:00+00:00,4604.7,68.936,4.201654262050006
2026-08-22 14:15:00+00:00,4606.2,68.921,4.202197579931122
2026-08-22 14:30:00+00:00,4605.8,68.895,4.202488051368049
2026-08-22 14:45:00+00:00,4605.8,68.89,4.202560628208811
2026-08-22 15:00:00+00:00,4605.8,68.877,4.202749352649913
2026-08-22 15:15:00+00:00,4605.8,68.892,4.202531596840416
2026-08-22 15:30:00+00:00,4605.8,68.884,4.202647727371263
2026-08-22 15:45:00+00:00,4605.8,68.901,4.2024009661115285
2026-08-22 16:00:00+00:00,4606.5,68.949,4.201856527678084
2026-08-22 16:15:00+00:00,4608.1,68.929,4.202493914208166
2026-08-22 16:30:00+00:00,4608.8,68.956,4.2022541783854415
2026-08-22 16:45:00+00:00,4607.9,68.906,4.202784243794635
2026-08-22 17:00:00+00:00,4607.9,68.923,4.2025375613100175
2026-08-22 17:15:00+00:00,4608.0,68.928,4.2024867208418035
2026-08-22 17:30:00+00:00,4608.1,68.957,4.202087781600289
2026-08-22 17:45:00+00:00,4608.2,68.964,4.202007974898027
2026-08-22 18:00:00+00:00,4608.1,68.957,4.202087781600289
2026-08-22 18:15:00+00:00,4608.4,68.969,4.2019788758833725
2026-08-22 18:30:00+00:00,4608.1,68.927,4.202522929992755
2026-08-22 18:45:00+00:00,4607.5,68.943,4.2021606133011
2026-08-22 19:00:00+00:00,4607.1,68.926,4.2023204054713865
2026-08-22 19:15:00+00:00,4606.9,68.923,4.20232051915958
2026-08-22 19:30:00+00:00,4607.3,68.923,4.202407341672712
2026-08-22 19:45:00+00:00,4607.3,68.958,4.201899657499378
2026-08-22 20:00:00+00:00,4607.4,68.947,4.202080892061523
2026-08-22 20:15:00+00:00,4606.7,68.941,4.202015978166883
2026-08-22 20:30:00+00:00,4606.4,68.944,4.201907338984429
2026-08-22 20:45:00+00:00,4606.2,68.953,4.201733387979417
2026-08-22 21:00:00+00:00,4606.3,68.959,4.201668085605356
2026-08-22 21:15:00+00:00,4606.3,68.959,4.201668085605356
2026-08-22 21:30:00+00:00,4606.7,68.957,4.201783922588532
2026-08-22 21:45:00+00:00,4605.0,68.827,4.20330183887481
2026-08-22 22:00:00+00:00,4605.7,68.78,4.204136940819348
2026-08-22 22:15:00+00:00,4605.4,68.75,4.204508070476838
2026-08-22 22:30:00+00:00,4605.6,68.784,4.204057073607674
2026-08-22 22:45:00+00:00,4604.7,68.761,4.204196076239426
2026-08-22 23:00:00+00:00,4604.7,68.789,4.203788951551869
2026-08-22 23:15:00+00:00,4604.7,68.773,4.2040215739340985
2026-08-22 23:30:00+00:00,4604.6,68.793,4.203709087233309
2026-08-22 23:45:00+00:00,4605.4,68.82,4.2034904066541845
2026-08-23 00:00:00+00:00,4606.0,68.778,4.204231154019703
2026-08-23 00:15:00+00:00,4606.4,68.873,4.2029376909189695
2026-08-23 00:30:00+00:00,4606.4,68.894,4.202632828358811
2026-08-23 00:45:00+00:00,4606.5,68.883,4.202814215370991
2026-08-23 01:00:00+00:00,4606.0,68.894,4.202545988881531
2026-08-23 01:15:00+00:00,4606.0,68.854,4.203126759580551
2026-08-23 01:30:00+00:00,4606.0,68.881,4.202734702364218
2026-08-23 01:45:00+00:00,4606.0,68.884,4.202691149937977
2026-08-23 02:00:00+00:00,4606.0,68.825,4.20354802935196
2026-08-23 02:15:00+00:00,4606.0,68.796,4.203969476666384
2026-08-23 02:30:00+00:00,4606.0,68.737,4.204827452622981
2026-08-23 02:45:00+00:00,4606.4,68.757,4.2046233703125315
2026-08-23 03:00:00+00:00,4606.2,68.756,4.204594495595997
2026-08-23 03:15:00+00:00,4606.2,68.752,4.204652674029268
2026-08-23 03:30:00+00:00,4606.0,68.722,4.205045699519285
2026-08-23 03:45:00+00:00,4606.0,68.714,4.205162117342985
2026-08-23 04:00:00+00:00,4606.5,68.639,4.206362742239974
2026-08-23 04:15:00+00:00,4606.6,68.612,4.206777890221226
2026-08-23 04:30:00+00:00,4606.3,68.645,4.206231914345991
2026-08-23 04:45:00+00:00,4606.5,68.605,4.206858210175848
2026-08-23 05:00:00+00:00,4606.3,68.555,4.20754386788694
2026-08-23 05:15:00+00:00,4606.3,68.632,4.206421312424895
2026-08-23 05:30:00+00:00,4606.3,68.594,4.206975143345731
2026-08-23 05:45:00+00:00,4606.3,68.647,4.206202779363615
2026-08-23 06:00:00+00:00,4605.9,68.603,4.206757103778904
2026-08-23 06:15:00+00:00,4605.5,68.649,4.2059999549627936
2026-08-23 06:30:00+00:00,4605.7,68.673,4.205693836945491
2026-08-23 06:45:00+00:00,4606.4,68.666,4.205947748521434
2026-08-23 07:00:00+00:00,4606.4,68.771,4.204419775407518
2026-08-23 07:15:00+00:00,4607.3,68.787,4.204382507517088
2026-08-23 07:30:00+00:00,4607.3,68.819,4.203917411509983
2026-08-23 07:45:00+00:00,4607.0,68.79,4.204273779397994
2026-08-23 08:00:00+00:00,4607.2,68.794,4.204259044358443
2026-08-23 08:15:00+00:00,4607.0,68.779,4.204433699147697
2026-08-23 08:30:00+00:00,4607.0,68.768,4.204593644475817
2026-08-23 08:45:00+00:00,4606.8,68.834,4.203590942878652
2026-08-23 09:00:00+00:00,4606.5,68.785,4.204237930636028
2026-08-23 09:15:00+00:00,4606.5,68.765,4.204528733982316
2026-08-23 09:30:00+00:00,4606.5,68.757,4.204645079003607
2026-08-23 09:45:00+00:00,4606.3,68.782,4.204238127893789
2026-08-23 10:00:00+00:00,4606.4,68.795,4.204070851978131
2026-08-23 10:15:00+00:00,4606.4,68.748,4.20475427464347
2026-08-23 10:30:00+00:00,4607.2,68.76,4.204753395677814
2026-08-23 10:45:00+00:00,4608.5,68.813,4.204265022855511
2026-08-23 11:00:00+00:00,4608.9,68.813,4.204351815226516
2026-08-23 11:15:00+00:00,4609.6,68.852,4.203937090921005
2026-08-23 11:30:00+00:00,4611.6,68.873,4.2040659184198566
2026-08-23 11:45:00+00:00,4612.3,68.88,4.204116066855613
2026-08-23 12:00:00+00:00,4612.3,68.877,4.204159621811084
2026-08-23 12:15:00+00:00,4612.2,68.829,4.204835077827007
2026-08-23 12:30:00+00:00,4612.3,68.846,4.204609800801137
2026-08-23 12:45:00+00:00,4612.7,68.855,4.204565803663261
2026-08-23 13:00:00+00:00,4613.6,68.874,4.204484993989788
2026-08-23 13:15:00+00:00,4613.7,68.944,4.203490836240506
2026-08-23 13:30:00+00:00,4612.4,68.954,4.203063992287405
2026-08-23 13:45:00+00:00,4613.4,68.915,4.203846530119788
2026-08-23 14:00:00+00:00,4610.9,68.979,4.202376234253987
2026-08-23 14:15:00+00:00,4609.7,68.918,4.203000665865231
2026-08-23 14:30:00+00:00,4609.2,68.876,4.20350179871592
2026-08-23 14:45:00+00:00,4609.9,68.916,4.203073072111291
2026-08-23 15:00:00+00:00,4610.6,68.969,4.202456151084969
2026-08-23 15:15:00+00:00,4611.4,68.975,4.202542657419163
2026-08-23 15:30:00+00:00,4613.4,69.009,4.202483460392198
2026-08-23 15:45:00+00:00,4614.7,69.032,4.202431974200884
2026-08-23 16:00:00+00:00,4615.4,69.025,4.202685059254261
2026-08-23 16:15:00+00:00,4614.5,69.05,4.20212791885033
2026-08-23 16:30:00+00:00,4613.8,69.082,4.201512886657826
2026-08-23 16:45:00+00:00,4616.2,69.114,4.201569819633225
2026-08-23 17:00:00+00:00,4615.7,69.076,4.202011467018995
2026-08-23 17:15:00+00:00,4615.7,69.093,4.201765391559437
2026-08-23 17:30:00+00:00,4615.7,69.074,4.202040421054465
2026-08-23 17:45:00+00:00,4615.7,69.077,4.20199699031563
2026-08-23 18:00:00+00:00,4615.6,69.087,4.201830569386524
2026-08-23 18:15:00+00:00,4615.7,69.078,4.201982513821836
2026-08-23 18:30:00+00:00,4615.5,69.076,4.201968135707783
2026-08-23 18:45:00+00:00,4615.5,69.127,4.201230090914037
2026-08-23 19:00:00+00:00,4615.7,69.034,4.2026196778841705
2026-08-23 19:15:00+00:00,4615.7,68.94,4.203982253652699
2026-08-23 19:30:00+00:00,4615.7,69.02,4.202822497071561
2026-08-23 19:45:00+00:00,4615.7,69.052,4.202358970787116
2026-08-23 20:00:00+00:00,4615.8,69.022,4.20281518533483
2026-08-23 20:15:00+00:00,4616.9,69.196,4.20053570570171
2026-08-23 20:30:00+00:00,4616.9,69.144,4.201287476736104
2026-08-23 20:45:00+00:00,4617.0,69.105,4.2018733354509985
2026-08-23 21:00:00+00:00,4617.0,69.118,4.201685233615004
2026-08-23 21:15:00+00:00,4617.4,69.146,4.201366843924477
2026-08-23 21:30:00+00:00,4614.7,69.085,4.201664508898258
2026-08-23 21:45:00+00:00,4616.9,69.104,4.201866146968095
2026-08-23 22:00:00+00:00,4619.6,69.39,4.198320635329475
2026-08-23 22:15:00+00:00,4616.5,69.182,4.200651408031927
2026-08-23 22:30:00+00:00,4612.0,69.093,4.200963458206969
2026-08-23 22:45:00+00:00,4608.6,68.936,4.202500864295225
2026-08-23 23:00:00+00:00,4608.5,68.991,4.201681642126425
2026-08-23 23:15:00+00:00,4616.8,69.141,4.201309205600293
2026-08-23 23:30:00+00:00,4611.0,69.09,4.200790029706002
2026-08-23 23:45:00+00:00,4625.9,69.366,4.200029391688808
2026-08-24 00:00:00+00:00,4640.7,69.545,4.200646470851635
2026-08-24 00:15:00+00:00,4607.6,69.003,4.201312411139375
2026-08-24 00:30:00+00:00,4609.8,68.881,4.203559373085231
2026-08-24 00:45:00+00:00,4622.9,69.332,4.1998709326996515
2026-08-24 01:00:00+00:00,4625.9,69.008,4.20520378570456
2026-08-24 01:15:00+00:00,4617.8,68.637,4.2088419322540505
2026-08-24 01:30:00+00:00,4618.9,68.65,4.208890728274538
2026-08-24 01:45:00+00:00,4634.9,68.849,4.209454202053246
2026-08-24 02:00:00+00:00,4651.9,69.241,4.207437844554322
2026-08-24 02:15:00+00:00,4656.4,69.3,4.207552990178228
2026-08-24 02:30:00+00:00,4642.4,68.939,4.209764697259869
2026-08-24 02:45:00+00:00,4644.9,68.968,4.209882493583277
2026-08-24 03:00:00+00:00,4639.9,68.927,4.2094001197275315
2026-08-24 03:15:00+00:00,4646.3,68.98,4.210009875411558
2026-08-24 03:30:00+00:00,4645.9,69.036,4.209112281538036
2026-08-24 03:45:00+00:00,4642.7,68.983,4.209191275105963
2026-08-24 04:00:00+00:00,4640.1,68.967,4.208863067387718
2026-08-24 04:15:00+00:00,4642.7,68.977,4.209278256839854
2026-08-24 04:30:00+00:00,4639.0,68.938,4.2090465548178155
2026-08-24 04:45:00+00:00,4641.7,68.896,4.210237836248183
2026-08-24 05:00:00+00:00,4645.5,69.025,4.209185530265149
2026-08-24 05:15:00+00:00,4640.1,68.82,4.21099679634287
2026-08-24 05:30:00+00:00,4635.9,68.699,4.211850990826152
2026-08-24 05:45:00+00:00,4643.5,68.981,4.209392566856809
2026-08-24 06:00:00+00:00,4654.6,69.261,4.207729279692268
2026-08-24 06:15:00+00:00,4644.2,69.056,4.208456638576921
2026-08-24 06:30:00+00:00,4646.4,69.062,4.208843353323562
2026-08-24 06:45:00+00:00,4652.5,69.176,4.2085060068582765
2026-08-24 07:00:00+00:00,4650.9,69.191,4.20794523187852
2026-08-24 07:15:00+00:00,4647.4,69.039,4.2093916401061335
2026-08-24 07:30:00+00:00,4638.6,68.876,4.209860089130545
2026-08-24 07:45:00+00:00,4645.3,68.918,4.210693842652244
2026-08-24 08:00:00+00:00,4641.3,68.835,4.211037441878227
2026-08-24 08:15:00+00:00,4633.5,68.712,4.2111439445628225
2026-08-24 08:30:00+00:00,4647.7,68.976,4.210369134554076
2026-08-24 08:45:00+00:00,4640.1,68.762,4.211839929942263
2026-08-24 09:00:00+00:00,4644.1,68.833,4.211669594640775
2026-08-24 09:15:00+00:00,4639.1,68.707,4.212424574566381
2026-08-24 09:30:00+00:00,4641.5,68.837,4.2110514777606065
2026-08-24 09:45:00+00:00,4648.3,68.881,4.211876462322312
2026-08-24 10:00:00+00:00,4652.0,69.025,4.210583755822337
2026-08-24 10:15:00+00:00,4645.9,68.945,4.210431303913488
2026-08-24 10:30:00+00:00,4647.8,68.928,4.2110867868121415
2026-08-24 10:45:00+00:00,4646.2,68.854,4.211816639386785
2026-08-24 11:00:00+00:00,4645.0,68.916,4.210658279577779
2026-08-24 11:15:00+00:00,4649.3,68.967,4.21084382029058
2026-08-24 11:30:00+00:00,4661.7,69.281,4.2089647691306515
2026-08-24 11:45:00+00:00,4659.5,69.307,4.208117514030019
2026-08-24 12:00:00+00:00,4662.4,69.285,4.2090571834502075
2026-08-24 12:15:00+00:00,4664.7,69.371,4.208309889785206
2026-08-24 12:30:00+00:00,4660.1,69.171,4.2102104864743275
2026-08-24 12:45:00+00:00,4665.8,69.213,4.210825882144957
2026-08-24 13:00:00+00:00,4679.6,69.864,4.204417420062015
2026-08-24 13:15:00+00:00,4675.6,69.537,4.208253790722965
2026-08-24 13:30:00+00:00,4663.6,68.906,4.214799704102412
2026-08-24 13:45:00+00:00,4667.6,69.041,4.213699768904783
2026-08-24 14:00:00+00:00,4670.5,68.985,4.215132321652907
2026-08-24 14:15:00+00:00,4677.5,69.143,4.214342234373358
2026-08-24 14:30:00+00:00,4674.7,69.106,4.214278710856505
2026-08-24 14:45:00+00:00,4675.4,68.946,4.216746410056386
2026-08-24 15:00:00+00:00,4676.4,69.101,4.214714659683726
2026-08-24 15:15:00+00:00,4676.7,69.235,4.212841496880068
2026-08-24 15:30:00+00:00,4663.9,68.77,4.216839683645398
2026-08-24 15:45:00+00:00,4651.0,68.526,4.217624293927572
2026-08-24 16:00:00+00:00,4660.0,68.66,4.217603939090146
2026-08-24 16:15:00+00:00,4660.7,68.853,4.214947133220746
2026-08-24 16:30:00+00:00,4662.5,68.791,4.216234141523153
2026-08-24 16:45:00+00:00,4646.9,68.691,4.214337423314028
2026-08-24 17:00:00+00:00,4653.8,68.803,4.214192020513042
2026-08-24 17:15:00+00:00,4639.9,68.525,4.2152494510750715
2026-08-24 17:30:00+00:00,4642.6,68.505,4.216123097808275
2026-08-24 17:45:00+00:00,4638.8,68.482,4.215640054068061
2026-08-24 18:00:00+00:00,4635.5,68.465,4.21517668126284
2026-08-24 18:15:00+00:00,4641.4,68.638,4.213925006622595
2026-08-24 18:30:00+00:00,4636.9,68.534,4.2144713459994145
2026-08-24 18:45:00+00:00,4638.4,68.518,4.215028273695551
2026-08-24 19:00:00+00:00,4639.1,68.507,4.2153397310611345
2026-08-24 19:15:00+00:00,4643.5,68.559,4.215528982797206
2026-08-24 19:30:00+00:00,4652.5,68.721,4.215105159141858
2026-08-24 19:45:00+00:00,4653.2,68.824,4.2137579126235645
2026-08-24 20:00:00+00:00,4652.9,68.807,4.213940476153094
2026-08-24 20:15:00+00:00,4652.1,68.817,4.213623202098113
2026-08-24 20:30:00+00:00,4649.8,68.848,4.2126783108074815
2026-08-24 20:45:00+00:00,4654.7,68.938,4.212425190869089
2026-08-24 21:00:00+00:00,4652.9,68.926,4.212212494774479
2026-08-24 21:15:00+00:00,4653.9,68.921,4.2124999356076085
2026-08-24 21:30:00+00:00,4653.0,68.944,4.211972870971167
2026-08-24 21:45:00+00:00,4657.5,68.916,4.2133457308055835
2026-08-24 22:00:00+00:00,4661.1,69.013,4.2127118581178475
2026-08-24 22:15:00+00:00,4659.8,68.98,4.2129112002350375
2026-08-24 22:30:00+00:00,4663.4,69.121,4.211641482831155
2026-08-24 22:45:00+00:00,4668.4,69.224,4.21122405623376
2026-08-24 23:00:00+00:00,4671.4,69.271,4.21118774340917
2026-08-24 23:15:00+00:00,4671.5,69.272,4.21119471408751
2026-08-24 23:30:00+00:00,4677.8,69.528,4.208853643781635
2026-08-24 23:45:00+00:00,4682.3,69.704,4.20728701625069
2026-08-25 00:00:00+00:00,4691.8,69.634,4.2103186293115
2026-08-25 00:15:00+00:00,4683.2,69.407,4.211749188958035
2026-08-25 00:30:00+00:00,4694.6,69.64,4.210829076094798
2026-08-25 00:45:00+00:00,4687.2,69.418,4.212444468353128
2026-08-25 01:00:00+00:00,4678.9,69.425,4.210571285356914
2026-08-25 01:15:00+00:00,4670.4,69.141,4.212852102303387
2026-08-25 01:30:00+00:00,4674.0,69.219,4.212495123687667
2026-08-25 01:45:00+00:00,4659.2,68.745,4.216195031933115
2026-08-25 02:00:00+00:00,4641.6,68.044,4.222659858619803
2026-08-25 02:15:00+00:00,4658.2,68.384,4.22124550726857
2026-08-25 02:30:00+00:00,4635.0,67.666,4.22680763989156
2026-08-25 02:45:00+00:00,4631.3,67.753,4.224724145985176
2026-08-25 03:00:00+00:00,4635.8,67.836,4.224471035409422
2026-08-25 03:15:00+00:00,4640.2,67.936,4.223946662218804
2026-08-25 03:30:00+00:00,4638.5,67.966,4.2231387369589015
2026-08-25 03:45:00+00:00,4635.5,67.971,4.222418203423611
2026-08-25 04:00:00+00:00,4639.4,68.029,4.222406241662562
2026-08-25 04:15:00+00:00,4632.6,67.891,4.2229700666279255
2026-08-25 04:30:00+00:00,4628.9,67.782,4.223777864887078
2026-08-25 04:45:00+00:00,4628.5,67.805,4.223352181967357
2026-08-25 05:00:00+00:00,4640.5,68.036,4.222540421183602
2026-08-25 05:15:00+00:00,4648.4,68.258,4.220983710035706
2026-08-25 05:30:00+00:00,4643.4,67.905,4.225092465948436
2026-08-25 05:45:00+00:00,4645.4,68.041,4.22352229698494
2026-08-25 06:00:00+00:00,4652.2,68.342,4.220570993279368
2026-08-25 06:15:00+00:00,4653.1,68.496,4.218513593721973
2026-08-25 06:30:00+00:00,4650.5,68.464,4.218421960008061
2026-08-25 06:45:00+00:00,4640.2,68.38,4.217432363528495
2026-08-25 07:00:00+00:00,4643.2,68.351,4.218502869049028
2026-08-25 07:15:00+00:00,4637.9,68.163,4.220115060928379
2026-08-25 07:30:00+00:00,4641.6,68.298,4.218933929796005
2026-08-25 07:45:00+00:00,4632.8,68.049,4.220688681999228
2026-08-25 08:00:00+00:00,4628.9,67.819,4.223232146184143
2026-08-25 08:15:00+00:00,4635.9,68.018,4.22181325787772
2026-08-25 08:30:00+00:00,4633.2,67.895,4.223040658907433
2026-08-25 08:45:00+00:00,4631.6,67.895,4.22269526558736
2026-08-25 09:00:00+00:00,4631.5,67.871,4.22302722403657
2026-08-25 09:15:00+00:00,4628.0,67.791,4.223450645541229
2026-08-25 09:30:00+00:00,4639.0,68.009,4.222614055392338
2026-08-25 09:45:00+00:00,4638.8,68.056,4.221880095408965
2026-08-25 10:00:00+00:00,4637.7,67.955,4.223128111263088
2026-08-25 10:15:00+00:00,4636.7,67.888,4.223898896836178
2026-08-25 10:30:00+00:00,4640.0,67.893,4.224536708753582
2026-08-25 10:45:00+00:00,4641.5,67.92,4.224462326836895
2026-08-25 11:00:00+00:00,4643.6,68.048,4.223031867952603
2026-08-25 11:15:00+00:00,4642.8,68.062,4.222653857017436
2026-08-25 11:30:00+00:00,4643.8,68.103,4.222267010519661
2026-08-25 11:45:00+00:00,4644.5,68.095,4.222535213806655
2026-08-25 12:00:00+00:00,4640.4,68.022,4.222724666137735
2026-08-25 12:15:00+00:00,4634.5,67.968,4.222246591136468
2026-08-25 12:30:00+00:00,4637.0,67.966,4.222815304257036
2026-08-25 12:45:00+00:00,4638.8,68.221,4.219458555741553
2026-08-25 13:00:00+00:00,4624.1,67.544,4.2262577990487475
2026-08-25 13:15:00+00:00,4610.3,67.502,4.223890982726092
2026-08-25 13:30:00+00:00,4611.8,67.546,4.223564668057319
2026-08-25 13:45:00+00:00,4615.1,67.695,4.222076493227493
2026-08-25 14:00:00+00:00,4621.9,67.825,4.221630296399716
2026-08-25 14:15:00+00:00,4625.2,67.962,4.220326166808175
2026-08-25 14:30:00+00:00,4635.7,68.123,4.220227596653781
2026-08-25 14:45:00+00:00,4634.4,68.134,4.219785665433033
2026-08-25 15:00:00+00:00,4631.5,68.157,4.218822201226177
2026-08-25 15:15:00+00:00,4640.8,68.343,4.218102900271927
2026-08-25 15:30:00+00:00,4655.3,68.853,4.2137878372557855
2026-08-25 15:45:00+00:00,4651.4,68.837,4.213182137456775
2026-08-25 16:00:00+00:00,4643.9,68.595,4.215090163646744
2026-08-25 16:15:00+00:00,4640.6,68.661,4.213417594760955
2026-08-25 16:30:00+00:00,4643.8,68.739,4.2129715518229505
2026-08-25 16:45:00+00:00,4643.9,68.71,4.213415060381887
2026-08-25 17:00:00+00:00,4638.3,68.707,4.212252112453723
2026-08-25 17:15:00+00:00,4636.8,68.713,4.21184134226968
2026-08-25 17:30:00+00:00,4642.0,68.869,4.210694437493546
2026-08-25 17:45:00+00:00,4647.3,68.876,4.211733898356488
2026-08-25 18:00:00+00:00,4647.4,68.879,4.211711860407747
2026-08-25 18:15:00+00:00,4649.2,68.901,4.211779749067166
2026-08-25 18:30:00+00:00,4648.9,68.838,4.21262999341203
2026-08-25 18:45:00+00:00,4653.9,68.925,4.2124418998285345
2026-08-25 19:00:00+00:00,4660.4,69.163,4.210390522796524
2026-08-25 19:15:00+00:00,4660.9,69.087,4.211597261585127
2026-08-25 19:30:00+00:00,4662.4,68.945,4.213976530707181
2026-08-25 19:45:00+00:00,4667.1,68.971,4.2146070463655345
2026-08-25 20:00:00+00:00,4666.9,68.904,4.215536087192455
2026-08-25 20:15:00+00:00,4663.0,68.883,4.215004883630325
2026-08-25 20:30:00+00:00,4661.2,68.847,4.215141553458524
2026-08-25 20:45:00+00:00,4657.9,68.655,4.21722601899873
2026-08-25 21:00:00+00:00,4658.7,68.552,4.218899136876435
2026-08-25 21:15:00+00:00,4658.2,68.546,4.218879333667701
2026-08-25 21:30:00+00:00,4658.3,68.535,4.219061290011181
2026-08-25 21:45:00+00:00,4660.6,68.584,4.218840202819783
2026-08-25 22:00:00+00:00,4663.5,68.878,4.215184694473641
2026-08-25 22:15:00+00:00,4665.8,68.901,4.215343896694151
2026-08-25 22:30:00+00:00,4669.8,68.97,4.215199895750198
2026-08-25 22:45:00+00:00,4672.1,69.064,4.214330317455366
2026-08-25 23:00:00+00:00,4667.3,68.966,4.214722395475541
2026-08-25 23:15:00+00:00,4660.4,68.849,4.214940859604851
2026-08-25 23:30:00+00:00,4655.7,68.766,4.215138117603072
2026-08-25 23:45:00+00:00,4653.8,68.745,4.21503536252365
2026-08-26 00:00:00+00:00,4650.9,68.746,4.214397475204555
2026-08-26 00:15:00+00:00,4646.0,68.555,4.2161255705217355
2026-08-26 00:30:00+00:00,4636.8,68.484,4.215179610783792
2026-08-26 00:45:00+00:00,4636.7,68.407,4.216283026722652
2026-08-26 01:00:00+00:00,4643.8,68.548,4.215754045769662
2026-08-26 01:15:00+00:00,4644.9,68.561,4.2158012625434536
2026-08-26 01:30:00+00:00,4644.5,68.714,4.21348603978993
2026-08-26 01:45:00+00:00,4657.3,69.319,4.207472121169288
2026-08-26 02:00:00+00:00,4659.2,69.435,4.206207975410968
2026-08-26 02:15:00+00:00,4656.4,69.351,4.206817330106536
2026-08-26 02:30:00+00:00,4666.8,69.597,4.205507427986585
2026-08-26 02:45:00+00:00,4658.3,69.443,4.205899581510667
2026-08-26 03:00:00+00:00,4648.3,69.166,4.2077474279367495
2026-08-26 03:15:00+00:00,4649.6,69.35,4.205370326615124
2026-08-26 03:30:00+00:00,4645.6,69.35,4.204509667297
2026-08-26 03:45:00+00:00,4644.2,69.18,4.206662604703568
2026-08-26 04:00:00+00:00,4642.8,69.214,4.205869757194456
2026-08-26 04:15:00+00:00,4641.7,69.147,4.206601284208418
2026-08-26 04:30:00+00:00,4640.1,69.071,4.207356235650398
2026-08-26 04:45:00+00:00,4640.7,68.996,4.208571964008346
2026-08-26 05:00:00+00:00,4642.3,69.088,4.207584157729543
2026-08-26 05:15:00+00:00,4643.9,69.22,4.206019971217674
2026-08-26 05:30:00+00:00,4638.5,69.11,4.206446878990024
2026-08-26 05:45:00+00:00,4638.4,69.225,4.204762689110366
2026-08-26 06:00:00+00:00,4637.8,69.022,4.207570100492221
2026-08-26 06:15:00+00:00,4626.1,68.703,4.209676593108279
2026-08-26 06:30:00+00:00,4632.2,68.783,4.20983057483008
2026-08-26 06:45:00+00:00,4632.7,68.784,4.209923970706248
2026-08-26 07:00:00+00:00,4635.0,68.928,4.208328996466032
2026-08-26 07:15:00+00:00,4632.1,68.794,4.209649076132233
2026-08-26 07:30:00+00:00,4630.1,68.835,4.208621408604272
2026-08-26 07:45:00+00:00,4628.8,68.699,4.210318291140264
2026-08-26 08:00:00+00:00,4626.3,68.63,4.210782934611177
2026-08-26 08:15:00+00:00,4628.0,68.646,4.210917224366705
2026-08-26 08:30:00+00:00,4628.9,68.671,4.210747552933486
2026-08-26 08:45:00+00:00,4627.4,68.647,4.210773002941638
2026-08-26 09:00:00+00:00,4624.4,68.584,4.211042640424711
2026-08-26 09:15:00+00:00,4615.7,68.499,4.210399668119945
2026-08-26 09:30:00+00:00,4621.0,68.624,4.209724083095741
2026-08-26 09:45:00+00:00,4622.8,68.714,4.208802898063641
2026-08-26 10:00:00+00:00,4618.1,68.578,4.209766860487594
2026-08-26 10:15:00+00:00,4613.3,68.499,4.209879568422448
2026-08-26 10:30:00+00:00,4619.9,68.606,4.209748344355906
2026-08-26 10:45:00+00:00,4620.6,68.506,4.211358513100093
2026-08-26 11:00:00+00:00,4618.3,68.523,4.210612495657345
2026-08-26 11:15:00+00:00,4620.5,68.514,4.2112200993805295
2026-08-26 11:30:00+00:00,4618.5,68.564,4.210057640387855
2026-08-26 11:45:00+00:00,4624.4,68.68,4.209643875771891
2026-08-26 12:00:00+00:00,4626.5,68.774,4.208730155151368
2026-08-26 12:15:00+00:00,4628.8,68.937,4.2068598901809615
2026-08-26 12:30:00+00:00,4622.9,68.856,4.206760125431542
2026-08-26 12:45:00+00:00,4614.6,68.355,4.212265755907108
2026-08-26 13:00:00+00:00,4609.9,68.156,4.214162248428457
2026-08-26 13:15:00+00:00,4608.9,68.198,4.213329256898505
2026-08-26 13:30:00+00:00,4620.0,68.371,4.2132012259589615
2026-08-26 13:45:00+00:00,4630.2,68.489,4.21368219426002
2026-08-26 14:00:00+00:00,4620.0,68.274,4.214620963472858
2026-08-26 14:15:00+00:00,4615.6,68.257,4.213917156412218
2026-08-26 14:30:00+00:00,4621.7,68.413,4.212955016711884
2026-08-26 14:45:00+00:00,4604.0,67.893,4.216747833375054
2026-08-26 15:00:00+00:00,4589.1,67.612,4.2176537233093985
2026-08-26 15:15:00+00:00,4596.0,67.918,4.214640543806646
2026-08-26 15:30:00+00:00,4603.6,68.046,4.2144099380330875
2026-08-26 15:45:00+00:00,4596.0,67.923,4.214566928329695
2026-08-26 16:00:00+00:00,4598.3,67.973,4.21433138144989
2026-08-26 16:15:00+00:00,4594.7,67.968,4.2136217381220815
2026-08-26 16:30:00+00:00,4588.4,67.886,4.213456830668639
2026-08-26 16:45:00+00:00,4591.0,68.01,4.2121983910616745
2026-08-26 17:00:00+00:00,4594.1,68.033,4.2125352689583435
2026-08-26 17:15:00+00:00,4598.2,68.131,4.211987879050167
2026-08-26 17:30:00+00:00,4597.2,68.052,4.212930582674712
2026-08-26 17:45:00+00:00,4597.3,67.988,4.213893234613928
2026-08-26 18:00:00+00:00,4600.8,68.187,4.211731549555412
2026-08-26 18:15:00+00:00,4594.1,68.122,4.211227935218474
2026-08-26 18:30:00+00:00,4597.1,68.218,4.210472489242119
2026-08-26 18:45:00+00:00,4594.6,68.173,4.210588387823695
2026-08-26 19:00:00+00:00,4595.0,68.164,4.210807468544641
2026-08-26 19:15:00+00:00,4599.1,68.27,4.210145479730701
2026-08-26 19:30:00+00:00,4595.7,68.223,4.2100946112893585
2026-08-26 19:45:00+00:00,4595.0,68.154,4.210954184312448
2026-08-26 20:00:00+00:00,4594.3,68.086,4.211800071693864
2026-08-26 20:15:00+00:00,4592.2,68.073,4.21153383229068
2026-08-26 20:30:00+00:00,4592.7,68.012,4.212539205210906
2026-08-26 20:45:00+00:00,4596.0,68.105,4.211891007069341
2026-08-26 21:00:00+00:00,4600.2,68.167,4.211894483014563
2026-08-26 21:15:00+00:00,4600.0,68.112,4.21265817339139
2026-08-26 21:30:00+00:00,4598.2,68.112,4.21226679246404
2026-08-26 21:45:00+00:00,4598.7,68.161,4.211656380065232
2026-08-26 22:00:00+00:00,4603.7,68.485,4.208000863802136
2026-08-26 22:15:00+00:00,4610.7,68.744,4.2057455082704545
2026-08-26 22:30:00+00:00,4610.8,68.8,4.20495291178756
2026-08-26 22:45:00+00:00,4608.9,68.74,4.205413224383037
2026-08-26 23:00:00+00:00,4615.0,68.846,4.205195020763003
2026-08-26 23:15:00+00:00,4619.5,68.955,4.204587635184499
2026-08-26 23:30:00+00:00,4621.5,69.014,4.204165224137975
2026-08-26 23:45:00+00:00,4620.1,68.964,4.204586999549575
2026-08-27 00:00:00+00:00,4617.3,68.723,4.207481465517617
2026-08-27 00:15:00+00:00,4618.9,68.836,4.206184996585853
2026-08-27 00:30:00+00:00,4604.3,68.614,4.206249332906037
2026-08-27 00:45:00+00:00,4603.7,68.539,4.207212680669319
2026-08-27 01:00:00+00:00,4623.2,69.147,4.202607711781851
2026-08-27 01:15:00+00:00,4617.9,69.06,4.202719643322292
2026-08-27 01:30:00+00:00,4622.8,69.313,4.200123382310678
2026-08-27 01:45:00+00:00,4638.3,69.559,4.199927885472119
2026-08-27 02:00:00+00:00,4638.6,69.511,4.200682862126353
2026-08-27 02:15:00+00:00,4631.8,69.399,4.200828382240677
2026-08-27 02:30:00+00:00,4625.0,69.136,4.203156070756949
2026-08-27 02:45:00+00:00,4628.4,69.2,4.202965652378558
2026-08-27 03:00:00+00:00,4632.5,69.365,4.201469540626826
2026-08-27 03:15:00+00:00,4634.5,69.325,4.202478005814045
2026-08-27 03:30:00+00:00,4627.9,69.214,4.202655326174231
2026-08-27 03:45:00+00:00,4623.7,69.066,4.203887960193773
2026-08-27 04:00:00+00:00,4624.9,69.075,4.204017157281673
2026-08-27 04:15:00+00:00,4620.7,68.981,4.204470383390785
2026-08-27 04:30:00+00:00,4616.9,68.955,4.20402464526014
2026-08-27 04:45:00+00:00,4616.7,69.016,4.203097081363638
2026-08-27 05:00:00+00:00,4618.4,69.061,4.202813431727536
2026-08-27 05:15:00+00:00,4616.0,68.958,4.203786184573259
2026-08-27 05:30:00+00:00,4604.2,68.622,4.206111026357662
2026-08-27 05:45:00+00:00,4605.3,68.707,4.20511200682433
2026-08-27 06:00:00+00:00,4604.4,68.762,4.204116380270967
2026-08-27 06:15:00+00:00,4605.6,68.773,4.204217007308227
2026-08-27 06:30:00+00:00,4605.5,68.654,4.205927123342185
2026-08-27 06:45:00+00:00,4598.8,68.617,4.205010361437338
2026-08-27 07:00:00+00:00,4601.9,68.616,4.205698796988351
2026-08-27 07:15:00+00:00,4596.2,68.517,4.205903264462511
2026-08-27 07:30:00+00:00,4596.2,68.369,4.208065648602152
