timestamp,close_A,close_B,spread
2026-05-29 06:00:00+00:00,87.492,91.515,-4.022999999999996
2026-05-29 07:00:00+00:00,88.759,92.686,-3.9270000000000067
2026-05-29 08:00:00+00:00,88.681,92.49,-3.8089999999999975
2026-05-29 09:00:00+00:00,87.537,91.245,-3.7079999999999984
2026-05-29 10:00:00+00:00,87.363,91.125,-3.7620000000000005
2026-05-29 11:00:00+00:00,87.596,91.219,-3.6229999999999905
2026-05-29 12:00:00+00:00,87.356,91.066,-3.710000000000008
2026-05-29 13:00:00+00:00,87.681,91.338,-3.6569999999999965
2026-05-29 14:00:00+00:00,87.928,91.263,-3.335000000000008
2026-05-29 15:00:00+00:00,87.554,91.091,-3.536999999999992
2026-05-29 16:00:00+00:00,86.585,90.572,-3.987000000000009
2026-05-29 17:00:00+00:00,87.169,91.15,-3.9810000000000088
2026-05-29 18:00:00+00:00,87.682,91.541,-3.8589999999999947
2026-05-29 19:00:00+00:00,88.053,91.922,-3.8689999999999998
2026-05-29 20:00:00+00:00,87.797,91.712,-3.9150000000000063
2026-05-29 21:00:00+00:00,88.082,91.705,-3.6230000000000047
2026-05-29 22:00:00+00:00,88.459,91.97,-3.5109999999999957
2026-05-29 23:00:00+00:00,88.672,92.146,-3.4740000000000038
2026-05-30 00:00:00+00:00,88.321,91.853,-3.5319999999999965
2026-05-30 01:00:00+00:00,88.016,91.648,-3.631999999999991
2026-05-30 02:00:00+00:00,88.08,91.863,-3.7830000000000013
2026-05-30 03:00:00+00:00,88.279,91.927,-3.6480000000000103
2026-05-30 04:00:00+00:00,88.029,91.818,-3.7890000000000015
2026-05-30 05:00:00+00:00,88.035,91.888,-3.8530000000000086
2026-05-30 06:00:00+00:00,87.996,91.804,-3.808000000000007
2026-05-30 07:00:00+00:00,88.079,91.895,-3.8160000000000025
2026-05-30 08:00:00+00:00,87.781,91.664,-3.8829999999999956
2026-05-30 09:00:00+00:00,87.773,91.639,-3.8659999999999997
2026-05-30 10:00:00+00:00,87.832,91.772,-3.940000000000012
2026-05-30 11:00:00+00:00,88.033,91.893,-3.8599999999999994
2026-05-30 12:00:00+00:00,88.03,91.932,-3.902000000000001
2026-05-30 13:00:00+00:00,88.373,92.336,-3.962999999999994
2026-05-30 14:00:00+00:00,88.264,92.175,-3.9110000000000014
2026-05-30 15:00:00+00:00,88.192,92.14,-3.9480000000000075
2026-05-30 16:00:00+00:00,87.904,91.942,-4.037999999999997
2026-05-30 17:00:00+00:00,88.021,91.995,-3.9740000000000038
2026-05-30 18:00:00+00:00,88.034,92.055,-4.021000000000001
2026-05-30 19:00:00+00:00,88.035,92.019,-3.984000000000009
2026-05-30 20:00:00+00:00,88.044,92.054,-4.010000000000005
2026-05-30 21:00:00+00:00,88.375,92.459,-4.084000000000003
2026-05-30 22:00:00+00:00,88.341,92.467,-4.126000000000005
2026-05-30 23:00:00+00:00,88.313,92.413,-4.099999999999994
2026-05-31 00:00:00+00:00,88.344,92.386,-4.042000000000002
2026-05-31 01:00:00+00:00,88.364,92.43,-4.0660000000000025
2026-05-31 02:00:00+00:00,88.396,92.478,-4.081999999999994
2026-05-31 03:00:00+00:00,88.28,92.275,-3.9950000000000045
2026-05-31 04:00:00+00:00,88.62,92.615,-3.9949999999999903
2026-05-31 05:00:00+00:00,88.65,92.591,-3.9409999999999883
2026-05-31 06:00:00+00:00,88.609,92.55,-3.9410000000000025
2026-05-31 07:00:00+00:00,88.531,92.528,-3.997
2026-05-31 08:00:00+00:00,88.574,92.623,-4.049000000000007
2026-05-31 09:00:00+00:00,88.565,92.587,-4.022000000000006
2026-05-31 10:00:00+00:00,88.51,92.51,-4.0
2026-05-31 11:00:00+00:00,88.6,92.611,-4.01100000000001
2026-05-31 12:00:00+00:00,88.662,92.67,-4.007999999999996
2026-05-31 13:00:00+00:00,88.553,92.548,-3.9950000000000045
2026-05-31 14:00:00+00:00,88.659,92.827,-4.167999999999992
2026-05-31 15:00:00+00:00,88.79,93.054,-4.263999999999996
2026-05-31 16:00:00+00:00,89.087,93.371,-4.283999999999992
2026-05-31 17:00:00+00:00,89.243,93.505,-4.2620000000000005
2026-05-31 18:00:00+00:00,89.101,93.355,-4.254000000000005
2026-05-31 19:00:00+00:00,88.934,93.202,-4.268000000000001
2026-05-31 20:00:00+00:00,88.722,92.802,-4.0800000000000125
2026-05-31 21:00:00+00:00,88.785,93.005,-4.219999999999999
2026-05-31 22:00:00+00:00,89.572,93.312,-3.739999999999995
2026-05-31 23:00:00+00:00,89.432,93.039,-3.6069999999999993
2026-06-01 00:00:00+00:00,89.318,93.007,-3.689000000000007
2026-06-01 01:00:00+00:00,89.851,93.442,-3.590999999999994
2026-06-01 02:00:00+00:00,89.601,93.204,-3.6029999999999944
2026-06-01 03:00:00+00:00,89.747,93.375,-3.628
2026-06-01 04:00:00+00:00,89.673,93.202,-3.5289999999999964
2026-06-01 05:00:00+00:00,89.75,93.287,-3.537000000000006
2026-06-01 06:00:00+00:00,90.146,93.83,-3.6839999999999975
2026-06-01 07:00:00+00:00,90.396,93.995,-3.5990000000000038
2026-06-01 08:00:00+00:00,90.825,94.305,-3.480000000000004
2026-06-01 09:00:00+00:00,90.775,94.11,-3.3349999999999937
2026-06-01 10:00:00+00:00,90.617,94.101,-3.4839999999999947
2026-06-01 11:00:00+00:00,90.232,93.656,-3.4240000000000066
2026-06-01 12:00:00+00:00,89.641,93.1,-3.458999999999989
2026-06-01 13:00:00+00:00,94.175,97.399,-3.2240000000000038
2026-06-01 14:00:00+00:00,94.511,97.619,-3.108000000000004
2026-06-01 15:00:00+00:00,93.725,97.099,-3.3740000000000094
2026-06-01 16:00:00+00:00,92.708,96.017,-3.3089999999999975
2026-06-01 17:00:00+00:00,91.767,94.941,-3.1740000000000066
2026-06-01 18:00:00+00:00,92.485,95.349,-2.8640000000000043
2026-06-01 19:00:00+00:00,92.43,95.383,-2.9529999999999887
2026-06-01 20:00:00+00:00,92.468,95.45,-2.9819999999999993
2026-06-01 21:00:00+00:00,92.368,95.373,-3.0050000000000097
2026-06-01 22:00:00+00:00,92.3,95.227,-2.9270000000000067
2026-06-01 23:00:00+00:00,91.909,94.931,-3.0219999999999914
2026-06-02 00:00:00+00:00,92.403,95.368,-2.964999999999989
2026-06-02 01:00:00+00:00,91.705,94.672,-2.9669999999999987
2026-06-02 02:00:00+00:00,91.797,94.774,-2.977000000000004
2026-06-02 03:00:00+00:00,91.444,94.445,-3.0009999999999906
2026-06-02 04:00:00+00:00,91.215,94.187,-2.971999999999994
2026-06-02 05:00:00+00:00,91.403,94.355,-2.951999999999998
2026-06-02 06:00:00+00:00,91.535,94.471,-2.936000000000007
2026-06-02 07:00:00+00:00,90.803,93.633,-2.8299999999999983
2026-06-02 08:00:00+00:00,90.619,93.364,-2.7450000000000045
2026-06-02 09:00:00+00:00,91.007,93.868,-2.86099999999999
2026-06-02 10:00:00+00:00,91.123,93.895,-2.7719999999999914
2026-06-02 11:00:00+00:00,91.03,93.866,-2.8359999999999985
2026-06-02 12:00:00+00:00,91.179,94.156,-2.977000000000004
2026-06-02 13:00:00+00:00,92.32,95.097,-2.777000000000001
2026-06-02 14:00:00+00:00,91.896,94.975,-3.0789999999999935
2026-06-02 15:00:00+00:00,92.821,95.566,-2.7450000000000045
2026-06-02 16:00:00+00:00,93.078,95.8,-2.721999999999994
2026-06-02 17:00:00+00:00,93.76,96.207,-2.4469999999999885
2026-06-02 18:00:00+00:00,93.855,96.211,-2.3559999999999945
2026-06-02 19:00:00+00:00,93.624,96.071,-2.4470000000000027
2026-06-02 20:00:00+00:00,93.305,95.869,-2.563999999999993
2026-06-02 21:00:00+00:00,93.784,96.153,-2.3689999999999998
2026-06-02 22:00:00+00:00,94.299,96.556,-2.256999999999991
2026-06-02 23:00:00+00:00,94.603,96.781,-2.1780000000000115
2026-06-03 00:00:00+00:00,94.368,96.713,-2.344999999999999
2026-06-03 01:00:00+00:00,94.773,97.033,-2.260000000000005
2026-06-03 02:00:00+00:00,94.651,96.967,-2.3160000000000025
2026-06-03 03:00:00+00:00,94.627,96.965,-2.338000000000008
2026-06-03 04:00:00+00:00,94.865,97.152,-2.287000000000006
2026-06-03 05:00:00+00:00,95.53,97.849,-2.3190000000000026
2026-06-03 06:00:00+00:00,95.693,97.954,-2.2609999999999957
2026-06-03 07:00:00+00:00,95.818,98.011,-2.192999999999998
2026-06-03 08:00:00+00:00,96.288,98.542,-2.254000000000005
2026-06-03 09:00:00+00:00,96.818,98.972,-2.1539999999999964
2026-06-03 10:00:00+00:00,95.907,98.337,-2.430000000000007
2026-06-03 11:00:00+00:00,95.629,98.031,-2.402000000000001
2026-06-03 12:00:00+00:00,95.909,98.043,-2.1340000000000003
2026-06-03 13:00:00+00:00,94.406,96.973,-2.566999999999993
2026-06-03 14:00:00+00:00,95.172,97.539,-2.3670000000000044
2026-06-03 15:00:00+00:00,95.867,98.021,-2.1539999999999964
2026-06-03 16:00:00+00:00,95.622,97.764,-2.141999999999996
2026-06-03 17:00:00+00:00,96.16,98.145,-1.9849999999999994
2026-06-03 18:00:00+00:00,95.965,98.011,-2.0459999999999923
2026-06-03 19:00:00+00:00,96.141,98.054,-1.9129999999999967
2026-06-03 20:00:00+00:00,96.077,97.909,-1.8320000000000078
2026-06-03 21:00:00+00:00,95.264,97.26,-1.9960000000000093
2026-06-03 22:00:00+00:00,95.158,97.18,-2.0220000000000056
2026-06-03 23:00:00+00:00,95.302,97.228,-1.9259999999999877
2026-06-04 00:00:00+00:00,95.21,96.942,-1.7319999999999993
2026-06-04 01:00:00+00:00,94.879,96.7,-1.820999999999998
2026-06-04 02:00:00+00:00,94.712,96.576,-1.86399999999999
2026-06-04 03:00:00+00:00,95.005,96.848,-1.8430000000000035
2026-06-04 04:00:00+00:00,95.112,96.901,-1.7890000000000015
2026-06-04 05:00:00+00:00,95.076,96.816,-1.740000000000009
2026-06-04 06:00:00+00:00,95.136,96.918,-1.7820000000000107
2026-06-04 07:00:00+00:00,95.304,97.051,-1.7469999999999999
2026-06-04 08:00:00+00:00,94.782,96.538,-1.7560000000000002
2026-06-04 09:00:00+00:00,94.358,96.074,-1.715999999999994
2026-06-04 10:00:00+00:00,94.765,96.4,-1.6350000000000051
2026-06-04 11:00:00+00:00,92.354,94.359,-2.0049999999999955
2026-06-04 12:00:00+00:00,92.544,94.723,-2.179000000000002
2026-06-04 13:00:00+00:00,92.249,94.788,-2.5390000000000015
2026-06-04 14:00:00+00:00,92.942,95.365,-2.423000000000002
2026-06-04 15:00:00+00:00,92.887,95.059,-2.171999999999997
2026-06-04 16:00:00+00:00,92.285,94.688,-2.403000000000006
2026-06-04 17:00:00+00:00,92.205,94.589,-2.3840000000000003
2026-06-04 18:00:00+00:00,93.167,95.245,-2.078000000000003
2026-06-04 19:00:00+00:00,92.985,95.28,-2.2950000000000017
2026-06-04 20:00:00+00:00,92.748,95.109,-2.36099999999999
2026-06-04 21:00:00+00:00,92.83,95.217,-2.3870000000000005
2026-06-04 22:00:00+00:00,92.739,95.226,-2.4869999999999948
2026-06-04 23:00:00+00:00,92.835,95.342,-2.507000000000005
2026-06-05 00:00:00+00:00,92.516,94.875,-2.3589999999999947
2026-06-05 01:00:00+00:00,92.937,95.373,-2.436000000000007
2026-06-05 02:00:00+00:00,93.201,95.657,-2.456000000000003
2026-06-05 03:00:00+00:00,92.959,95.331,-2.372
2026-06-05 04:00:00+00:00,92.785,95.309,-2.524000000000001
2026-06-05 05:00:00+00:00,92.696,95.247,-2.551000000000002
2026-06-05 06:00:00+00:00,92.456,94.938,-2.4819999999999993
2026-06-05 07:00:00+00:00,92.362,94.794,-2.432000000000002
2026-06-05 08:00:00+00:00,92.441,94.862,-2.4209999999999923
2026-06-05 09:00:00+00:00,92.431,94.775,-2.3440000000000083
2026-06-05 10:00:00+00:00,92.446,94.689,-2.242999999999995
2026-06-05 11:00:00+00:00,92.507,94.673,-2.165999999999997
2026-06-05 12:00:00+00:00,91.992,94.417,-2.424999999999997
2026-06-05 13:00:00+00:00,91.083,93.758,-2.674999999999997
2026-06-05 14:00:00+00:00,90.924,93.666,-2.7419999999999902
2026-06-05 15:00:00+00:00,90.39,93.245,-2.855000000000004
2026-06-05 16:00:00+00:00,89.707,92.768,-3.061000000000007
2026-06-05 17:00:00+00:00,89.627,92.657,-3.030000000000001
2026-06-05 18:00:00+00:00,89.804,92.661,-2.8569999999999993
2026-06-05 19:00:00+00:00,89.804,92.647,-2.8430000000000035
2026-06-05 20:00:00+00:00,89.729,92.505,-2.7759999999999962
2026-06-05 21:00:00+00:00,89.903,92.459,-2.5559999999999974
2026-06-05 22:00:00+00:00,90.821,93.737,-2.915999999999997
2026-06-05 23:00:00+00:00,91.131,94.25,-3.1189999999999998
2026-06-06 00:00:00+00:00,91.644,94.603,-2.958999999999989
2026-06-06 01:00:00+00:00,91.598,94.906,-3.308000000000007
2026-06-06 02:00:00+00:00,91.642,94.832,-3.1899999999999977
2026-06-06 03:00:00+00:00,91.599,94.805,-3.206000000000003
2026-06-06 04:00:00+00:00,90.506,93.57,-3.063999999999993
2026-06-06 05:00:00+00:00,90.97,94.072,-3.102000000000004
2026-06-06 06:00:00+00:00,90.296,93.237,-2.9409999999999883
2026-06-06 07:00:00+00:00,90.357,93.3,-2.942999999999998
2026-06-06 08:00:00+00:00,90.85,93.53,-2.680000000000007
2026-06-06 09:00:00+00:00,90.62,93.273,-2.6529999999999916
2026-06-06 10:00:00+00:00,90.85,93.718,-2.868000000000009
2026-06-06 11:00:00+00:00,90.87,93.74,-2.8699999999999903
2026-06-06 12:00:00+00:00,90.961,93.912,-2.9510000000000076
2026-06-06 13:00:00+00:00,91.064,93.966,-2.902000000000001
2026-06-06 14:00:00+00:00,91.436,94.153,-2.7169999999999987
2026-06-06 15:00:00+00:00,91.334,94.182,-2.847999999999999
2026-06-06 16:00:00+00:00,91.579,94.458,-2.879000000000005
2026-06-06 17:00:00+00:00,91.45,94.477,-3.027000000000001
2026-06-06 18:00:00+00:00,91.373,94.354,-2.9809999999999945
2026-06-06 19:00:00+00:00,91.549,94.461,-2.911999999999992
2026-06-06 20:00:00+00:00,91.634,94.604,-2.969999999999999
2026-06-06 21:00:00+00:00,91.837,94.743,-2.9059999999999917
2026-06-06 22:00:00+00:00,91.783,94.688,-2.905000000000001
2026-06-06 23:00:00+00:00,91.973,94.813,-2.8400000000000034
2026-06-07 00:00:00+00:00,92.01,94.975,-2.964999999999989
2026-06-07 01:00:00+00:00,91.988,94.931,-2.942999999999998
2026-06-07 02:00:00+00:00,91.759,94.647,-2.8880000000000052
2026-06-07 03:00:00+00:00,91.759,94.475,-2.715999999999994
2026-06-07 04:00:00+00:00,91.595,94.435,-2.8400000000000034
2026-06-07 05:00:00+00:00,91.577,94.38,-2.8029999999999973
2026-06-07 06:00:00+00:00,91.474,94.256,-2.7819999999999965
2026-06-07 07:00:00+00:00,90.91,93.806,-2.896000000000001
2026-06-07 08:00:00+00:00,91.103,93.996,-2.8930000000000007
2026-06-07 09:00:00+00:00,90.93,93.846,-2.915999999999997
2026-06-07 10:00:00+00:00,91.095,93.929,-2.834000000000003
2026-06-07 11:00:00+00:00,91.148,93.922,-2.774000000000001
2026-06-07 12:00:00+00:00,91.741,94.544,-2.8029999999999973
2026-06-07 13:00:00+00:00,91.652,94.678,-3.0259999999999962
2026-06-07 14:00:00+00:00,92.044,94.921,-2.8770000000000095
2026-06-07 15:00:00+00:00,92.109,94.855,-2.7460000000000093
2026-06-07 16:00:00+00:00,92.261,95.092,-2.831000000000003
2026-06-07 17:00:00+00:00,92.23,95.047,-2.816999999999993
2026-06-07 18:00:00+00:00,92.713,95.574,-2.861000000000004
2026-06-07 19:00:00+00:00,93.138,96.581,-3.442999999999998
2026-06-07 20:00:00+00:00,92.431,95.699,-3.2680000000000007
2026-06-07 21:00:00+00:00,92.823,95.926,-3.1030000000000086
2026-06-07 22:00:00+00:00,92.276,95.052,-2.7760000000000105
2026-06-07 23:00:00+00:00,92.137,94.9,-2.7630000000000052
2026-06-08 00:00:00+00:00,91.763,94.58,-2.816999999999993
2026-06-08 01:00:00+00:00,92.566,95.294,-2.7279999999999944
2026-06-08 02:00:00+00:00,92.957,95.8,-2.8430000000000035
2026-06-08 03:00:00+00:00,92.847,95.707,-2.8599999999999994
2026-06-08 04:00:00+00:00,93.753,96.59,-2.8370000000000033
2026-06-08 05:00:00+00:00,93.746,96.688,-2.9420000000000073
2026-06-08 06:00:00+00:00,93.879,96.921,-3.0420000000000016
2026-06-08 07:00:00+00:00,93.829,96.83,-3.0010000000000048
2026-06-08 08:00:00+00:00,93.922,96.63,-2.7079999999999984
2026-06-08 09:00:00+00:00,93.883,96.176,-2.2930000000000064
2026-06-08 10:00:00+00:00,93.044,95.425,-2.3810000000000002
2026-06-08 11:00:00+00:00,90.514,93.334,-2.8200000000000074
2026-06-08 12:00:00+00:00,91.24,94.106,-2.8659999999999997
2026-06-08 13:00:00+00:00,90.431,93.538,-3.1069999999999993
2026-06-08 14:00:00+00:00,91.073,93.998,-2.9250000000000114
2026-06-08 15:00:00+00:00,90.917,94.022,-3.105000000000004
2026-06-08 16:00:00+00:00,90.721,93.852,-3.1310000000000002
2026-06-08 17:00:00+00:00,90.453,93.593,-3.1400000000000006
2026-06-08 18:00:00+00:00,90.404,93.417,-3.0130000000000052
2026-06-08 19:00:00+00:00,90.456,93.353,-2.8969999999999914
2026-06-08 20:00:00+00:00,90.456,93.402,-2.945999999999998
2026-06-08 21:00:00+00:00,90.701,93.61,-2.909000000000006
2026-06-08 22:00:00+00:00,90.511,93.551,-3.0400000000000063
2026-06-08 23:00:00+00:00,90.476,93.487,-3.0109999999999957
2026-06-09 00:00:00+00:00,90.164,93.222,-3.0579999999999927
2026-06-09 01:00:00+00:00,90.044,93.078,-3.034000000000006
2026-06-09 02:00:00+00:00,89.768,92.79,-3.0220000000000056
2026-06-09 03:00:00+00:00,89.351,92.444,-3.0930000000000035
2026-06-09 04:00:00+00:00,89.463,92.651,-3.1880000000000024
2026-06-09 05:00:00+00:00,89.317,92.452,-3.135000000000005
2026-06-09 06:00:00+00:00,89.098,92.337,-3.2390000000000043
2026-06-09 07:00:00+00:00,88.857,92.051,-3.1940000000000026
2026-06-09 08:00:00+00:00,88.344,91.621,-3.277000000000001
2026-06-09 09:00:00+00:00,88.28,91.55,-3.269999999999996
2026-06-09 10:00:00+00:00,88.112,91.303,-3.1910000000000025
2026-06-09 11:00:00+00:00,88.658,91.865,-3.2069999999999936
2026-06-09 12:00:00+00:00,88.184,91.608,-3.4240000000000066
2026-06-09 13:00:00+00:00,86.968,90.265,-3.296999999999997
2026-06-09 14:00:00+00:00,86.908,90.322,-3.4140000000000015
2026-06-09 15:00:00+00:00,85.822,89.269,-3.4470000000000027
2026-06-09 16:00:00+00:00,87.057,90.555,-3.4980000000000047
2026-06-09 17:00:00+00:00,87.273,90.639,-3.3659999999999997
2026-06-09 18:00:00+00:00,87.165,90.488,-3.3229999999999933
2026-06-09 19:00:00+00:00,87.381,90.689,-3.3079999999999927
2026-06-09 20:00:00+00:00,87.701,90.98,-3.2790000000000106
2026-06-09 21:00:00+00:00,88.162,91.528,-3.3659999999999997
2026-06-09 22:00:00+00:00,88.109,91.501,-3.39200000000001
2026-06-09 23:00:00+00:00,88.156,91.541,-3.384999999999991
2026-06-10 00:00:00+00:00,87.733,91.248,-3.5150000000000006
2026-06-10 01:00:00+00:00,88.161,91.592,-3.4309999999999974
2026-06-10 02:00:00+00:00,87.849,91.284,-3.4350000000000023
2026-06-10 03:00:00+00:00,87.521,90.876,-3.355000000000004
2026-06-10 04:00:00+00:00,87.554,90.893,-3.3389999999999986
2026-06-10 05:00:00+00:00,86.967,90.275,-3.308000000000007
2026-06-10 06:00:00+00:00,87.122,90.428,-3.3059999999999974
2026-06-10 07:00:00+00:00,86.967,90.254,-3.287000000000006
2026-06-10 08:00:00+00:00,86.598,90.031,-3.433000000000007
2026-06-10 09:00:00+00:00,86.815,90.04,-3.2250000000000085
2026-06-10 10:00:00+00:00,86.855,90.044,-3.188999999999993
2026-06-10 11:00:00+00:00,88.783,91.9,-3.1170000000000044
2026-06-10 12:00:00+00:00,87.893,91.024,-3.1310000000000002
2026-06-10 13:00:00+00:00,88.54,91.658,-3.117999999999995
2026-06-10 14:00:00+00:00,88.947,91.995,-3.048000000000002
2026-06-10 15:00:00+00:00,89.375,92.52,-3.144999999999996
2026-06-10 16:00:00+00:00,89.781,92.726,-2.944999999999993
2026-06-10 17:00:00+00:00,89.594,92.62,-3.0260000000000105
2026-06-10 18:00:00+00:00,88.901,92.028,-3.1270000000000095
2026-06-10 19:00:00+00:00,89.013,92.107,-3.093999999999994
2026-06-10 20:00:00+00:00,90.338,93.402,-3.064000000000007
2026-06-10 21:00:00+00:00,90.733,93.724,-2.9909999999999997
2026-06-10 22:00:00+00:00,91.755,94.897,-3.14200000000001
2026-06-10 23:00:00+00:00,90.884,93.549,-2.6650000000000063
2026-06-11 00:00:00+00:00,90.663,93.637,-2.9740000000000038
2026-06-11 01:00:00+00:00,90.012,93.026,-3.013999999999996
2026-06-11 02:00:00+00:00,89.901,92.96,-3.0589999999999975
2026-06-11 03:00:00+00:00,90.158,93.185,-3.027000000000001
2026-06-11 04:00:00+00:00,89.471,92.556,-3.0849999999999937
2026-06-11 05:00:00+00:00,89.035,92.051,-3.0160000000000053
2026-06-11 06:00:00+00:00,88.847,91.866,-3.0190000000000055
2026-06-11 07:00:00+00:00,88.3,91.315,-3.0150000000000006
2026-06-11 08:00:00+00:00,87.683,90.755,-3.0719999999999885
2026-06-11 09:00:00+00:00,87.822,90.857,-3.0349999999999966
2026-06-11 10:00:00+00:00,87.496,90.586,-3.0900000000000034
2026-06-11 11:00:00+00:00,87.624,90.64,-3.0160000000000053
2026-06-11 12:00:00+00:00,88.637,91.596,-2.959000000000003
2026-06-11 13:00:00+00:00,87.922,90.927,-3.0050000000000097
2026-06-11 14:00:00+00:00,88.559,91.39,-2.831000000000003
2026-06-11 15:00:00+00:00,89.278,92.2,-2.921999999999997
2026-06-11 16:00:00+00:00,89.29,92.135,-2.844999999999999
2026-06-11 17:00:00+00:00,85.97,88.938,-2.9680000000000035
2026-06-11 18:00:00+00:00,86.373,89.345,-2.971999999999994
2026-06-11 19:00:00+00:00,85.052,87.918,-2.8659999999999997
2026-06-11 20:00:00+00:00,85.016,87.868,-2.8519999999999897
2026-06-11 21:00:00+00:00,85.339,88.261,-2.921999999999997
2026-06-11 22:00:00+00:00,84.54,87.5,-2.9599999999999937
2026-06-11 23:00:00+00:00,84.67,87.729,-3.0589999999999975
2026-06-12 00:00:00+00:00,85.228,88.183,-2.9550000000000125
2026-06-12 01:00:00+00:00,85.302,88.128,-2.8259999999999934
2026-06-12 02:00:00+00:00,85.251,88.063,-2.8119999999999976
2026-06-12 03:00:00+00:00,84.774,87.576,-2.8019999999999925
2026-06-12 04:00:00+00:00,84.61,87.474,-2.8640000000000043
2026-06-12 05:00:00+00:00,84.56,87.44,-2.8799999999999955
2026-06-12 06:00:00+00:00,84.52,87.384,-2.8640000000000043
2026-06-12 07:00:00+00:00,83.589,86.396,-2.807000000000002
2026-06-12 08:00:00+00:00,82.391,85.393,-3.0019999999999953
2026-06-12 09:00:00+00:00,82.655,85.6,-2.944999999999993
2026-06-12 10:00:00+00:00,83.119,86.187,-3.067999999999998
2026-06-12 11:00:00+00:00,83.358,86.568,-3.2099999999999937
2026-06-12 12:00:00+00:00,83.6,86.876,-3.2760000000000105
2026-06-12 13:00:00+00:00,85.462,88.433,-2.9710000000000036
2026-06-12 14:00:00+00:00,83.506,86.531,-3.0250000000000057
2026-06-12 15:00:00+00:00,82.95,85.875,-2.924999999999997
2026-06-12 16:00:00+00:00,83.336,86.226,-2.8900000000000006
2026-06-12 17:00:00+00:00,83.385,86.233,-2.847999999999999
2026-06-12 18:00:00+00:00,82.919,85.849,-2.930000000000007
2026-06-12 19:00:00+00:00,82.819,85.719,-2.8999999999999915
2026-06-12 20:00:00+00:00,82.885,85.695,-2.809999999999988
2026-06-12 21:00:00+00:00,82.937,85.802,-2.865000000000009
2026-06-12 22:00:00+00:00,82.288,84.707,-2.418999999999997
2026-06-12 23:00:00+00:00,82.203,84.814,-2.61099999999999
2026-06-13 00:00:00+00:00,82.357,85.124,-2.766999999999996
2026-06-13 01:00:00+00:00,82.463,85.17,-2.707000000000008
2026-06-13 02:00:00+00:00,82.3,84.749,-2.448999999999998
2026-06-13 03:00:00+00:00,82.05,84.733,-2.683000000000007
2026-06-13 04:00:00+00:00,82.182,84.868,-2.685999999999993
2026-06-13 05:00:00+00:00,81.966,84.631,-2.6650000000000063
2026-06-13 06:00:00+00:00,81.802,84.542,-2.739999999999995
2026-06-13 07:00:00+00:00,81.809,84.716,-2.9069999999999965
2026-06-13 08:00:00+00:00,81.853,84.747,-2.8940000000000055
2026-06-13 09:00:00+00:00,81.69,84.673,-2.983000000000004
2026-06-13 10:00:00+00:00,81.79,84.718,-2.9279999999999973
2026-06-13 11:00:00+00:00,81.43,84.363,-2.9329999999999927
2026-06-13 12:00:00+00:00,81.249,84.01,-2.76100000000001
2026-06-13 13:00:00+00:00,81.441,84.161,-2.719999999999999
2026-06-13 14:00:00+00:00,81.194,83.876,-2.682000000000002
2026-06-13 15:00:00+00:00,81.176,83.919,-2.742999999999995
2026-06-13 16:00:00+00:00,81.183,83.995,-2.8119999999999976
2026-06-13 17:00:00+00:00,80.633,83.45,-2.8170000000000073
2026-06-13 18:00:00+00:00,80.824,83.596,-2.7720000000000056
2026-06-13 19:00:00+00:00,80.986,83.857,-2.870999999999995
2026-06-13 20:00:00+00:00,81.136,84.007,-2.8710000000000093
2026-06-13 21:00:00+00:00,81.27,84.107,-2.8370000000000033
2026-06-13 22:00:00+00:00,81.244,84.096,-2.852000000000004
2026-06-13 23:00:00+00:00,81.202,84.114,-2.912000000000006
2026-06-14 00:00:00+00:00,81.166,84.079,-2.9129999999999967
2026-06-14 01:00:00+00:00,81.267,84.205,-2.9380000000000024
2026-06-14 02:00:00+00:00,81.249,84.118,-2.8689999999999998
2026-06-14 03:00:00+00:00,81.121,83.93,-2.8090000000000117
2026-06-14 04:00:00+00:00,81.137,84.006,-2.8689999999999998
2026-06-14 05:00:00+00:00,81.103,84.018,-2.9150000000000063
2026-06-14 06:00:00+00:00,81.06,83.975,-2.914999999999992
2026-06-14 07:00:00+00:00,80.519,83.222,-2.7029999999999887
2026-06-14 08:00:00+00:00,80.715,83.446,-2.7309999999999945
2026-06-14 09:00:00+00:00,80.724,83.667,-2.942999999999998
2026-06-14 10:00:00+00:00,81.146,83.92,-2.774000000000001
2026-06-14 11:00:00+00:00,81.02,83.777,-2.757000000000005
2026-06-14 12:00:00+00:00,81.739,84.869,-3.1299999999999955
2026-06-14 13:00:00+00:00,81.786,84.672,-2.8859999999999957
2026-06-14 14:00:00+00:00,81.159,84.058,-2.899000000000001
2026-06-14 15:00:00+00:00,81.75,84.726,-2.975999999999999
2026-06-14 16:00:00+00:00,81.158,84.2,-3.0420000000000016
2026-06-14 17:00:00+00:00,81.216,84.073,-2.8569999999999993
2026-06-14 18:00:00+00:00,82.134,84.956,-2.8220000000000027
2026-06-14 19:00:00+00:00,81.573,84.539,-2.966000000000008
2026-06-14 20:00:00+00:00,81.217,84.32,-3.1029999999999944
2026-06-14 21:00:00+00:00,78.67,81.359,-2.688999999999993
2026-06-14 22:00:00+00:00,79.999,83.079,-3.0799999999999983
2026-06-14 23:00:00+00:00,79.686,82.828,-3.141999999999996
2026-06-15 00:00:00+00:00,79.692,82.931,-3.2390000000000043
2026-06-15 01:00:00+00:00,79.715,83.027,-3.3119999999999976
2026-06-15 02:00:00+00:00,78.938,82.283,-3.344999999999999
2026-06-15 03:00:00+00:00,79.215,82.503,-3.2879999999999967
2026-06-15 04:00:00+00:00,79.168,82.434,-3.265999999999991
2026-06-15 05:00:00+00:00,79.493,82.836,-3.3430000000000035
2026-06-15 06:00:00+00:00,79.208,82.623,-3.4150000000000063
2026-06-15 07:00:00+00:00,79.097,82.475,-3.378
2026-06-15 08:00:00+00:00,78.99,82.282,-3.2920000000000016
2026-06-15 09:00:00+00:00,78.886,82.27,-3.3840000000000003
2026-06-15 10:00:00+00:00,79.255,82.506,-3.2510000000000048
2026-06-15 11:00:00+00:00,79.187,82.476,-3.2890000000000015
2026-06-15 12:00:00+00:00,79.051,82.441,-3.3900000000000006
2026-06-15 13:00:00+00:00,78.962,82.197,-3.2349999999999994
2026-06-15 14:00:00+00:00,79.127,82.32,-3.192999999999998
2026-06-15 15:00:00+00:00,78.916,81.952,-3.0360000000000014
2026-06-15 16:00:00+00:00,79.221,82.347,-3.1259999999999906
2026-06-15 17:00:00+00:00,79.274,82.377,-3.1029999999999944
2026-06-15 18:00:00+00:00,79.628,82.483,-2.855000000000004
2026-06-15 19:00:00+00:00,79.974,82.743,-2.7689999999999912
2026-06-15 20:00:00+00:00,79.796,82.632,-2.8359999999999985
2026-06-15 21:00:00+00:00,79.823,82.725,-2.902000000000001
2026-06-15 22:00:00+00:00,80.119,82.872,-2.753
2026-06-15 23:00:00+00:00,80.165,82.927,-2.7620000000000005
2026-06-16 00:00:00+00:00,79.987,82.775,-2.788000000000011
2026-06-16 01:00:00+00:00,79.62,82.468,-2.847999999999999
2026-06-16 02:00:00+00:00,79.456,82.186,-2.730000000000004
2026-06-16 03:00:00+00:00,79.43,82.139,-2.708999999999989
2026-06-16 04:00:00+00:00,79.343,82.054,-2.7109999999999985
2026-06-16 05:00:00+00:00,79.255,82.044,-2.7890000000000015
2026-06-16 06:00:00+00:00,79.26,82.038,-2.7779999999999916
2026-06-16 07:00:00+00:00,78.208,81.127,-2.918999999999997
2026-06-16 08:00:00+00:00,77.53,80.458,-2.9279999999999973
2026-06-16 09:00:00+00:00,77.809,80.804,-2.9950000000000045
2026-06-16 10:00:00+00:00,77.34,80.41,-3.069999999999993
2026-06-16 11:00:00+00:00,77.361,80.244,-2.8829999999999956
2026-06-16 12:00:00+00:00,76.475,79.584,-3.109000000000009
2026-06-16 13:00:00+00:00,76.935,80.089,-3.1539999999999964
2026-06-16 14:00:00+00:00,76.365,79.621,-3.2560000000000002
2026-06-16 15:00:00+00:00,75.241,78.54,-3.2990000000000066
2026-06-16 16:00:00+00:00,75.023,78.423,-3.4000000000000057
2026-06-16 17:00:00+00:00,75.117,78.597,-3.4799999999999898
2026-06-16 18:00:00+00:00,75.688,78.99,-3.3019999999999925
2026-06-16 19:00:00+00:00,76.152,79.418,-3.2660000000000053
2026-06-16 20:00:00+00:00,75.856,79.235,-3.379000000000005
2026-06-16 21:00:00+00:00,75.789,79.102,-3.3130000000000024
2026-06-16 22:00:00+00:00,75.961,79.291,-3.3299999999999983
2026-06-16 23:00:00+00:00,75.894,79.219,-3.3249999999999886
2026-06-17 00:00:00+00:00,75.911,79.286,-3.375
2026-06-17 01:00:00+00:00,75.449,78.809,-3.3599999999999994
2026-06-17 02:00:00+00:00,75.376,78.796,-3.4200000000000017
2026-06-17 03:00:00+00:00,74.857,78.319,-3.4620000000000033
2026-06-17 04:00:00+00:00,74.945,78.317,-3.372
2026-06-17 05:00:00+00:00,75.454,78.891,-3.437000000000012
2026-06-17 06:00:00+00:00,74.805,78.326,-3.5209999999999866
2026-06-17 07:00:00+00:00,74.985,78.432,-3.4470000000000027
2026-06-17 08:00:00+00:00,75.381,78.874,-3.492999999999995
2026-06-17 09:00:00+00:00,75.34,78.823,-3.48299999999999
2026-06-17 10:00:00+00:00,75.727,79.07,-3.3429999999999893
2026-06-17 11:00:00+00:00,76.012,79.44,-3.4279999999999973
2026-06-17 12:00:00+00:00,75.851,79.317,-3.465999999999994
2026-06-17 13:00:00+00:00,76.34,79.777,-3.4369999999999976
2026-06-17 14:00:00+00:00,77.036,80.227,-3.1910000000000025
2026-06-17 15:00:00+00:00,75.841,79.218,-3.3770000000000095
2026-06-17 16:00:00+00:00,75.646,78.927,-3.281000000000006
2026-06-17 17:00:00+00:00,75.638,78.886,-3.2479999999999905
2026-06-17 18:00:00+00:00,75.71,78.97,-3.260000000000005
2026-06-17 19:00:00+00:00,75.333,78.724,-3.3910000000000053
2026-06-17 20:00:00+00:00,75.016,78.478,-3.461999999999989
2026-06-17 21:00:00+00:00,75.04,78.587,-3.546999999999997
2026-06-17 22:00:00+00:00,75.366,78.825,-3.459000000000003
2026-06-17 23:00:00+00:00,75.316,78.821,-3.5049999999999955
2026-06-18 00:00:00+00:00,75.295,78.703,-3.4080000000000013
2026-06-18 01:00:00+00:00,74.8,78.22,-3.4200000000000017
2026-06-18 02:00:00+00:00,74.83,78.259,-3.429000000000002
2026-06-18 03:00:00+00:00,74.534,78.028,-3.4939999999999998
2026-06-18 04:00:00+00:00,74.154,77.699,-3.5450000000000017
2026-06-18 05:00:00+00:00,74.057,77.57,-3.512999999999991
2026-06-18 06:00:00+00:00,74.208,77.647,-3.439000000000007
2026-06-18 07:00:00+00:00,74.377,77.8,-3.423000000000002
2026-06-18 08:00:00+00:00,74.001,77.578,-3.576999999999998
2026-06-18 09:00:00+00:00,73.743,77.512,-3.7690000000000055
2026-06-18 10:00:00+00:00,74.616,78.24,-3.6239999999999952
2026-06-18 11:00:00+00:00,74.75,78.396,-3.646000000000001
2026-06-18 12:00:00+00:00,74.481,78.153,-3.6720000000000113
2026-06-18 13:00:00+00:00,73.218,76.86,-3.641999999999996
2026-06-18 14:00:00+00:00,73.326,76.892,-3.5660000000000025
2026-06-18 15:00:00+00:00,73.921,77.403,-3.4819999999999993
2026-06-18 16:00:00+00:00,74.291,77.798,-3.507000000000005
2026-06-18 17:00:00+00:00,74.551,78.023,-3.471999999999994
2026-06-18 18:00:00+00:00,75.613,79.191,-3.578000000000003
2026-06-18 19:00:00+00:00,75.715,79.362,-3.6469999999999914
2026-06-18 20:00:00+00:00,75.507,79.138,-3.6310000000000002
2026-06-18 21:00:00+00:00,75.343,78.968,-3.625
2026-06-18 22:00:00+00:00,75.4,78.987,-3.586999999999989
2026-06-18 23:00:00+00:00,75.407,79.001,-3.5940000000000083
2026-06-19 00:00:00+00:00,75.079,78.7,-3.6210000000000093
2026-06-19 01:00:00+00:00,75.696,79.3,-3.603999999999999
2026-06-19 02:00:00+00:00,75.629,79.221,-3.5919999999999987
2026-06-19 03:00:00+00:00,75.291,78.89,-3.5990000000000038
2026-06-19 04:00:00+00:00,75.703,79.235,-3.5319999999999965
2026-06-19 05:00:00+00:00,76.188,79.658,-3.469999999999999
2026-06-19 06:00:00+00:00,76.21,79.643,-3.433000000000007
2026-06-19 07:00:00+00:00,76.315,79.731,-3.415999999999997
2026-06-19 08:00:00+00:00,75.884,79.191,-3.307000000000002
2026-06-19 09:00:00+00:00,75.634,78.938,-3.304000000000002
2026-06-19 10:00:00+00:00,75.895,79.186,-3.291000000000011
2026-06-19 11:00:00+00:00,76.037,79.424,-3.3870000000000005
2026-06-19 12:00:00+00:00,75.308,78.739,-3.4309999999999974
2026-06-19 13:00:00+00:00,76.006,79.454,-3.4479999999999933
2026-06-19 14:00:00+00:00,76.206,79.708,-3.5019999999999953
2026-06-19 15:00:00+00:00,76.512,80.134,-3.622
2026-06-19 16:00:00+00:00,76.542,80.08,-3.5379999999999967
2026-06-19 17:00:00+00:00,76.372,79.864,-3.4920000000000044
2026-06-19 18:00:00+00:00,76.35,79.907,-3.557000000000002
2026-06-19 19:00:00+00:00,76.168,79.764,-3.5959999999999894
2026-06-19 20:00:00+00:00,76.456,80.072,-3.6159999999999997
2026-06-19 21:00:00+00:00,77.768,81.452,-3.6839999999999975
2026-06-19 22:00:00+00:00,77.091,80.726,-3.635000000000005
2026-06-19 23:00:00+00:00,76.923,80.468,-3.5450000000000017
2026-06-20 00:00:00+00:00,76.635,80.16,-3.5249999999999915
2026-06-20 01:00:00+00:00,76.789,80.448,-3.658999999999992
2026-06-20 02:00:00+00:00,76.964,80.512,-3.548000000000002
2026-06-20 03:00:00+00:00,77.0,80.575,-3.575000000000003
2026-06-20 04:00:00+00:00,76.822,80.394,-3.5720000000000027
2026-06-20 05:00:00+00:00,77.266,80.788,-3.5219999999999914
2026-06-20 06:00:00+00:00,77.436,81.043,-3.6069999999999993
2026-06-20 07:00:00+00:00,77.328,80.909,-3.581000000000003
2026-06-20 08:00:00+00:00,77.326,80.803,-3.477000000000004
2026-06-20 09:00:00+00:00,77.352,80.899,-3.546999999999997
2026-06-20 10:00:00+00:00,77.284,80.787,-3.503
2026-06-20 11:00:00+00:00,77.0,80.443,-3.442999999999998
2026-06-20 12:00:00+00:00,76.834,80.292,-3.4579999999999984
2026-06-20 13:00:00+00:00,78.231,81.795,-3.564000000000007
2026-06-20 14:00:00+00:00,77.391,80.848,-3.4569999999999936
2026-06-20 15:00:00+00:00,77.729,81.217,-3.4879999999999995
2026-06-20 16:00:00+00:00,77.946,81.511,-3.5649999999999977
2026-06-20 17:00:00+00:00,77.789,81.347,-3.5579999999999927
2026-06-20 18:00:00+00:00,77.798,81.343,-3.5450000000000017
2026-06-20 19:00:00+00:00,77.626,81.174,-3.548000000000002
2026-06-20 20:00:00+00:00,77.596,81.224,-3.628
2026-06-20 21:00:00+00:00,77.828,81.399,-3.570999999999998
2026-06-20 22:00:00+00:00,77.837,81.35,-3.512999999999991
2026-06-20 23:00:00+00:00,77.713,81.222,-3.5090000000000003
2026-06-21 00:00:00+00:00,78.086,81.561,-3.4750000000000085
2026-06-21 01:00:00+00:00,77.84,81.392,-3.5519999999999925
2026-06-21 02:00:00+00:00,77.815,81.341,-3.5259999999999962
2026-06-21 03:00:00+00:00,77.923,81.45,-3.527000000000001
2026-06-21 04:00:00+00:00,77.989,81.544,-3.5549999999999926
2026-06-21 05:00:00+00:00,77.944,81.495,-3.551000000000002
2026-06-21 06:00:00+00:00,77.841,81.33,-3.4890000000000043
2026-06-21 07:00:00+00:00,77.584,81.132,-3.548000000000002
2026-06-21 08:00:00+00:00,77.74,81.238,-3.4980000000000047
2026-06-21 09:00:00+00:00,77.636,81.18,-3.544000000000011
2026-06-21 10:00:00+00:00,77.57,81.093,-3.5230000000000103
2026-06-21 11:00:00+00:00,78.853,82.344,-3.4909999999999997
2026-06-21 12:00:00+00:00,77.87,81.388,-3.5180000000000007
2026-06-21 13:00:00+00:00,77.944,81.533,-3.5889999999999986
2026-06-21 14:00:00+00:00,78.163,81.687,-3.524000000000001
2026-06-21 15:00:00+00:00,78.145,81.64,-3.4950000000000045
2026-06-21 16:00:00+00:00,78.724,82.352,-3.628
2026-06-21 17:00:00+00:00,78.673,82.252,-3.5789999999999935
2026-06-21 18:00:00+00:00,79.317,83.103,-3.7860000000000014
2026-06-21 19:00:00+00:00,78.885,82.584,-3.698999999999998
2026-06-21 20:00:00+00:00,78.339,82.045,-3.706000000000003
2026-06-21 21:00:00+00:00,79.548,83.303,-3.7549999999999955
2026-06-21 22:00:00+00:00,77.557,80.998,-3.4410000000000025
2026-06-21 23:00:00+00:00,77.735,81.098,-3.3629999999999995
2026-06-22 00:00:00+00:00,77.052,80.428,-3.3759999999999906
2026-06-22 01:00:00+00:00,75.851,79.122,-3.271000000000001
2026-06-22 02:00:00+00:00,75.434,78.716,-3.2819999999999965
2026-06-22 03:00:00+00:00,75.718,78.981,-3.262999999999991
2026-06-22 04:00:00+00:00,75.454,78.756,-3.3020000000000067
2026-06-22 05:00:00+00:00,75.364,78.691,-3.326999999999998
2026-06-22 06:00:00+00:00,75.388,78.716,-3.3279999999999887
2026-06-22 07:00:00+00:00,75.674,79.136,-3.461999999999989
2026-06-22 08:00:00+00:00,75.276,78.722,-3.445999999999998
2026-06-22 09:00:00+00:00,75.38,78.881,-3.5010000000000048
2026-06-22 10:00:00+00:00,75.365,78.84,-3.4750000000000085
2026-06-22 11:00:00+00:00,75.054,78.554,-3.5
2026-06-22 12:00:00+00:00,74.599,78.185,-3.5859999999999985
2026-06-22 13:00:00+00:00,73.825,77.511,-3.685999999999993
2026-06-22 14:00:00+00:00,74.091,77.745,-3.6540000000000106
2026-06-22 15:00:00+00:00,73.474,77.183,-3.709000000000003
2026-06-22 16:00:00+00:00,73.644,77.465,-3.820999999999998
2026-06-22 17:00:00+00:00,73.383,77.157,-3.774000000000001
2026-06-22 18:00:00+00:00,74.048,77.706,-3.6580000000000013
2026-06-22 19:00:00+00:00,74.32,77.92,-3.6000000000000085
2026-06-22 20:00:00+00:00,74.086,77.679,-3.5930000000000035
2026-06-22 21:00:00+00:00,74.153,77.81,-3.6569999999999965
2026-06-22 22:00:00+00:00,74.366,77.977,-3.611000000000004
2026-06-22 23:00:00+00:00,74.221,77.861,-3.6400000000000006
2026-06-23 00:00:00+00:00,74.25,77.877,-3.6269999999999953
2026-06-23 01:00:00+00:00,73.956,77.594,-3.637999999999991
2026-06-23 02:00:00+00:00,73.941,77.549,-3.608000000000004
2026-06-23 03:00:00+00:00,73.678,77.284,-3.6060000000000088
2026-06-23 04:00:00+00:00,73.79,77.391,-3.600999999999999
2026-06-23 05:00:00+00:00,73.154,76.749,-3.594999999999999
2026-06-23 06:00:00+00:00,72.896,76.629,-3.733000000000004
2026-06-23 07:00:00+00:00,73.182,76.771,-3.5889999999999986
2026-06-23 08:00:00+00:00,73.427,77.136,-3.708999999999989
2026-06-23 09:00:00+00:00,73.503,77.157,-3.6539999999999964
2026-06-23 10:00:00+00:00,73.875,77.56,-3.6850000000000023
2026-06-23 11:00:00+00:00,73.846,77.447,-3.600999999999999
2026-06-23 12:00:00+00:00,73.599,77.205,-3.6059999999999945
2026-06-23 13:00:00+00:00,72.991,76.717,-3.725999999999999
2026-06-23 14:00:00+00:00,73.17,76.923,-3.753
2026-06-23 15:00:00+00:00,73.015,76.701,-3.685999999999993
2026-06-23 16:00:00+00:00,73.01,76.677,-3.6670000000000016
2026-06-23 17:00:00+00:00,73.075,76.749,-3.6739999999999924
2026-06-23 18:00:00+00:00,73.376,76.96,-3.583999999999989
2026-06-23 19:00:00+00:00,73.332,76.896,-3.564000000000007
2026-06-23 20:00:00+00:00,73.048,76.633,-3.5849999999999937
2026-06-23 21:00:00+00:00,73.196,76.838,-3.641999999999996
2026-06-23 22:00:00+00:00,72.973,76.538,-3.5649999999999977
2026-06-23 23:00:00+00:00,72.729,76.36,-3.6310000000000002
2026-06-24 00:00:00+00:00,72.854,76.469,-3.614999999999995
2026-06-24 01:00:00+00:00,72.689,76.313,-3.6240000000000094
2026-06-24 02:00:00+00:00,72.198,75.87,-3.6720000000000113
2026-06-24 03:00:00+00:00,72.435,76.125,-3.6899999999999977
2026-06-24 04:00:00+00:00,72.688,76.332,-3.6439999999999912
2026-06-24 05:00:00+00:00,72.509,76.168,-3.659000000000006
2026-06-24 06:00:00+00:00,72.64,76.24,-3.5999999999999943
2026-06-24 07:00:00+00:00,72.012,75.656,-3.6440000000000055
2026-06-24 08:00:00+00:00,72.063,75.73,-3.6670000000000016
2026-06-24 09:00:00+00:00,72.02,75.707,-3.6869999999999976
2026-06-24 10:00:00+00:00,71.858,75.518,-3.6599999999999966
2026-06-24 11:00:00+00:00,71.001,74.69,-3.688999999999993
2026-06-24 12:00:00+00:00,71.058,74.617,-3.5589999999999975
2026-06-24 13:00:00+00:00,69.84,73.553,-3.712999999999994
2026-06-24 14:00:00+00:00,69.917,73.623,-3.706000000000003
2026-06-24 15:00:00+00:00,70.499,74.118,-3.6189999999999998
2026-06-24 16:00:00+00:00,70.534,74.205,-3.6709999999999923
2026-06-24 17:00:00+00:00,70.509,74.092,-3.5829999999999984
2026-06-24 18:00:00+00:00,69.97,73.484,-3.513999999999996
2026-06-24 19:00:00+00:00,70.065,73.567,-3.5019999999999953
2026-06-24 20:00:00+00:00,69.922,73.455,-3.5330000000000013
2026-06-24 21:00:00+00:00,70.042,73.557,-3.5150000000000006
2026-06-24 22:00:00+00:00,69.919,73.443,-3.524000000000001
2026-06-24 23:00:00+00:00,70.036,73.564,-3.5279999999999916
2026-06-25 00:00:00+00:00,70.007,73.547,-3.539999999999992
2026-06-25 01:00:00+00:00,69.369,72.936,-3.5670000000000073
2026-06-25 02:00:00+00:00,69.381,72.936,-3.555000000000007
2026-06-25 03:00:00+00:00,69.35,72.91,-3.5600000000000023
2026-06-25 04:00:00+00:00,69.503,73.052,-3.5490000000000066
2026-06-25 05:00:00+00:00,69.396,72.91,-3.513999999999996
2026-06-25 06:00:00+00:00,69.61,73.057,-3.4470000000000027
2026-06-25 07:00:00+00:00,69.98,73.392,-3.411999999999992
2026-06-25 08:00:00+00:00,69.259,72.736,-3.477000000000004
2026-06-25 09:00:00+00:00,69.603,73.081,-3.4780000000000086
2026-06-25 10:00:00+00:00,69.451,72.99,-3.5390000000000015
2026-06-25 11:00:00+00:00,69.849,73.445,-3.5959999999999894
2026-06-25 12:00:00+00:00,69.588,73.213,-3.625
2026-06-25 13:00:00+00:00,70.468,74.074,-3.6059999999999945
2026-06-25 14:00:00+00:00,70.842,74.321,-3.478999999999999
2026-06-25 15:00:00+00:00,71.49,74.993,-3.503
2026-06-25 16:00:00+00:00,71.613,75.068,-3.4549999999999983
2026-06-25 17:00:00+00:00,71.836,75.27,-3.4339999999999975
2026-06-25 18:00:00+00:00,72.169,75.813,-3.6440000000000055
2026-06-25 19:00:00+00:00,72.078,75.667,-3.5889999999999986
2026-06-25 20:00:00+00:00,71.463,75.015,-3.5520000000000067
2026-06-25 21:00:00+00:00,71.511,75.103,-3.5919999999999987
2026-06-25 22:00:00+00:00,71.553,75.214,-3.6610000000000014
2026-06-25 23:00:00+00:00,71.537,75.222,-3.684999999999988
2026-06-26 00:00:00+00:00,71.839,75.447,-3.608000000000004
2026-06-26 01:00:00+00:00,71.271,74.868,-3.596999999999994
2026-06-26 02:00:00+00:00,70.841,74.432,-3.591000000000008
2026-06-26 03:00:00+00:00,70.634,74.28,-3.646000000000001
2026-06-26 04:00:00+00:00,70.455,74.126,-3.6710000000000065
2026-06-26 05:00:00+00:00,70.951,74.619,-3.6680000000000064
2026-06-26 06:00:00+00:00,70.535,74.202,-3.6670000000000016
2026-06-26 07:00:00+00:00,69.909,73.483,-3.573999999999998
2026-06-26 08:00:00+00:00,69.35,72.873,-3.5230000000000103
2026-06-26 09:00:00+00:00,69.121,72.68,-3.5590000000000117
2026-06-26 10:00:00+00:00,69.565,73.09,-3.5250000000000057
2026-06-26 11:00:00+00:00,70.121,73.575,-3.4540000000000077
2026-06-26 12:00:00+00:00,69.423,72.806,-3.3829999999999956
2026-06-26 13:00:00+00:00,69.437,72.823,-3.3859999999999957
2026-06-26 14:00:00+00:00,69.27,72.703,-3.433000000000007
2026-06-26 15:00:00+00:00,69.125,72.512,-3.3870000000000005
2026-06-26 16:00:00+00:00,69.355,72.702,-3.346999999999994
2026-06-26 17:00:00+00:00,69.304,72.67,-3.3659999999999997
2026-06-26 18:00:00+00:00,69.15,72.478,-3.3279999999999887
2026-06-26 19:00:00+00:00,69.551,72.86,-3.3089999999999975
2026-06-26 20:00:00+00:00,70.349,73.615,-3.265999999999991
2026-06-26 21:00:00+00:00,70.503,73.708,-3.2049999999999983
2026-06-26 22:00:00+00:00,70.186,73.513,-3.326999999999998
2026-06-26 23:00:00+00:00,70.468,73.809,-3.340999999999994
2026-06-27 00:00:00+00:00,70.565,73.92,-3.355000000000004
2026-06-27 01:00:00+00:00,70.282,73.502,-3.219999999999999
2026-06-27 02:00:00+00:00,70.227,73.416,-3.188999999999993
2026-06-27 03:00:00+00:00,70.438,73.729,-3.290999999999997
2026-06-27 04:00:00+00:00,70.106,73.393,-3.287000000000006
2026-06-27 05:00:00+00:00,70.067,73.409,-3.342000000000013
2026-06-27 06:00:00+00:00,70.16,73.528,-3.368000000000009
2026-06-27 07:00:00+00:00,70.337,73.715,-3.378
2026-06-27 08:00:00+00:00,70.348,73.726,-3.378
2026-06-27 09:00:00+00:00,70.523,73.823,-3.299999999999997
2026-06-27 10:00:00+00:00,70.548,73.877,-3.3289999999999935
2026-06-27 11:00:00+00:00,70.673,74.035,-3.3619999999999948
2026-06-27 12:00:00+00:00,70.695,74.088,-3.3930000000000007
2026-06-27 13:00:00+00:00,71.006,74.334,-3.328000000000003
2026-06-27 14:00:00+00:00,70.842,74.163,-3.320999999999998
2026-06-27 15:00:00+00:00,70.62,73.9,-3.280000000000001
2026-06-27 16:00:00+00:00,70.802,74.1,-3.2979999999999876
2026-06-27 17:00:00+00:00,70.647,73.997,-3.3499999999999943
2026-06-27 18:00:00+00:00,70.578,73.94,-3.3619999999999948
2026-06-27 19:00:00+00:00,70.763,74.066,-3.3029999999999973
2026-06-27 20:00:00+00:00,70.734,74.052,-3.318000000000012
2026-06-27 21:00:00+00:00,71.161,74.572,-3.4110000000000014
2026-06-27 22:00:00+00:00,71.006,74.404,-3.397999999999996
2026-06-27 23:00:00+00:00,71.557,74.82,-3.262999999999991
2026-06-28 00:00:00+00:00,72.151,75.386,-3.2349999999999994
2026-06-28 01:00:00+00:00,72.436,75.714,-3.2779999999999916
2026-06-28 02:00:00+00:00,72.312,75.636,-3.323999999999998
2026-06-28 03:00:00+00:00,71.523,74.805,-3.2820000000000107
2026-06-28 04:00:00+00:00,71.403,74.763,-3.3599999999999994
2026-06-28 05:00:00+00:00,71.17,74.521,-3.350999999999999
2026-06-28 06:00:00+00:00,71.719,75.06,-3.341000000000008
2026-06-28 07:00:00+00:00,71.602,74.921,-3.3190000000000026
2026-06-28 08:00:00+00:00,71.257,74.652,-3.394999999999996
2026-06-28 09:00:00+00:00,71.201,74.62,-3.419000000000011
2026-06-28 10:00:00+00:00,71.185,74.645,-3.4599999999999937
2026-06-28 11:00:00+00:00,71.474,74.885,-3.4110000000000014
2026-06-28 12:00:00+00:00,71.413,74.763,-3.3500000000000085
2026-06-28 13:00:00+00:00,71.463,74.867,-3.4040000000000106
2026-06-28 14:00:00+00:00,71.727,75.12,-3.3930000000000007
2026-06-28 15:00:00+00:00,71.745,75.053,-3.3079999999999927
2026-06-28 16:00:00+00:00,72.254,75.58,-3.3259999999999934
2026-06-28 17:00:00+00:00,71.509,74.856,-3.346999999999994
2026-06-28 18:00:00+00:00,71.804,75.08,-3.2759999999999962
2026-06-28 19:00:00+00:00,71.887,75.15,-3.2630000000000052
2026-06-28 20:00:00+00:00,70.556,73.905,-3.3490000000000038
2026-06-28 21:00:00+00:00,70.789,73.996,-3.2069999999999936
2026-06-28 22:00:00+00:00,70.043,73.267,-3.2239999999999895
2026-06-28 23:00:00+00:00,69.82,73.065,-3.2450000000000045
2026-06-29 00:00:00+00:00,69.9,73.163,-3.262999999999991
2026-06-29 01:00:00+00:00,70.047,73.25,-3.203000000000003
2026-06-29 02:00:00+00:00,69.982,73.239,-3.257000000000005
2026-06-29 03:00:00+00:00,70.092,73.357,-3.2650000000000006
2026-06-29 04:00:00+00:00,69.996,73.216,-3.219999999999999
2026-06-29 05:00:00+00:00,69.539,72.767,-3.2279999999999944
2026-06-29 06:00:00+00:00,69.985,73.237,-3.2519999999999953
2026-06-29 07:00:00+00:00,69.572,72.783,-3.2109999999999985
2026-06-29 08:00:00+00:00,70.184,73.364,-3.180000000000007
2026-06-29 09:00:00+00:00,70.634,73.819,-3.1850000000000023
2026-06-29 10:00:00+00:00,69.897,73.117,-3.219999999999999
2026-06-29 11:00:00+00:00,69.988,73.21,-3.221999999999994
2026-06-29 12:00:00+00:00,70.09,73.293,-3.203000000000003
2026-06-29 13:00:00+00:00,70.107,73.379,-3.2720000000000056
2026-06-29 14:00:00+00:00,70.529,73.738,-3.209000000000003
2026-06-29 15:00:00+00:00,70.644,73.849,-3.2049999999999983
2026-06-29 16:00:00+00:00,70.838,74.006,-3.1680000000000064
2026-06-29 17:00:00+00:00,70.914,74.053,-3.138999999999996
2026-06-29 18:00:00+00:00,70.49,73.722,-3.2319999999999993
2026-06-29 19:00:00+00:00,70.555,73.789,-3.2339999999999947
2026-06-29 20:00:00+00:00,70.456,73.708,-3.2519999999999953
2026-06-29 21:00:00+00:00,70.457,73.64,-3.183000000000007
2026-06-29 22:00:00+00:00,70.288,73.549,-3.26100000000001
2026-06-29 23:00:00+00:00,70.159,73.472,-3.312999999999988
2026-06-30 00:00:00+00:00,70.344,73.606,-3.2620000000000005
2026-06-30 01:00:00+00:00,70.374,73.645,-3.271000000000001
2026-06-30 02:00:00+00:00,70.695,73.958,-3.2630000000000052
2026-06-30 03:00:00+00:00,70.412,73.627,-3.214999999999989
2026-06-30 04:00:00+00:00,70.27,73.571,-3.301000000000002
2026-06-30 05:00:00+00:00,70.141,73.396,-3.2549999999999955
2026-06-30 06:00:00+00:00,70.173,73.456,-3.2830000000000013
2026-06-30 07:00:00+00:00,70.305,73.536,-3.2309999999999945
2026-06-30 08:00:00+00:00,70.567,73.751,-3.1840000000000117
2026-06-30 09:00:00+00:00,71.027,74.264,-3.2369999999999948
2026-06-30 10:00:00+00:00,70.744,74.021,-3.277000000000001
2026-06-30 11:00:00+00:00,71.183,74.46,-3.276999999999987
2026-06-30 12:00:00+00:00,71.007,74.246,-3.23899999999999
2026-06-30 13:00:00+00:00,70.93,74.239,-3.3089999999999975
2026-06-30 14:00:00+00:00,70.476,73.958,-3.4819999999999993
2026-06-30 15:00:00+00:00,69.838,73.398,-3.5600000000000023
2026-06-30 16:00:00+00:00,69.853,73.369,-3.5160000000000053
2026-06-30 17:00:00+00:00,69.73,73.186,-3.456000000000003
2026-06-30 18:00:00+00:00,70.025,73.404,-3.3789999999999907
2026-06-30 19:00:00+00:00,70.121,73.47,-3.3490000000000038
2026-06-30 20:00:00+00:00,70.086,73.396,-3.3100000000000023
2026-06-30 21:00:00+00:00,70.183,73.584,-3.4009999999999962
2026-06-30 22:00:00+00:00,70.024,73.367,-3.3430000000000035
2026-06-30 23:00:00+00:00,70.145,73.469,-3.323999999999998
2026-07-01 00:00:00+00:00,70.134,73.516,-3.382000000000005
2026-07-01 01:00:00+00:00,69.82,73.189,-3.3689999999999998
2026-07-01 02:00:00+00:00,69.828,73.244,-3.415999999999997
2026-07-01 03:00:00+00:00,69.869,73.277,-3.4080000000000013
2026-07-01 04:00:00+00:00,69.795,73.196,-3.4009999999999962
2026-07-01 05:00:00+00:00,69.66,73.086,-3.426000000000002
2026-07-01 06:00:00+00:00,69.617,73.106,-3.48899999999999
2026-07-01 07:00:00+00:00,69.414,72.939,-3.5249999999999915
2026-07-01 08:00:00+00:00,68.348,71.822,-3.4740000000000038
2026-07-01 09:00:00+00:00,68.781,72.239,-3.4579999999999984
2026-07-01 10:00:00+00:00,68.875,72.327,-3.451999999999998
2026-07-01 11:00:00+00:00,69.142,72.375,-3.233000000000004
2026-07-01 12:00:00+00:00,68.776,71.914,-3.1380000000000052
2026-07-01 13:00:00+00:00,69.098,72.22,-3.122
2026-07-01 14:00:00+00:00,68.218,71.334,-3.1159999999999997
2026-07-01 15:00:00+00:00,68.19,71.232,-3.0420000000000016
2026-07-01 16:00:00+00:00,68.318,71.39,-3.0720000000000027
2026-07-01 17:00:00+00:00,68.312,71.436,-3.1240000000000094
2026-07-01 18:00:00+00:00,68.333,71.43,-3.0970000000000084
2026-07-01 19:00:00+00:00,68.064,71.18,-3.116000000000014
2026-07-01 20:00:00+00:00,68.115,71.218,-3.1030000000000086
2026-07-01 21:00:00+00:00,68.147,71.287,-3.1400000000000006
2026-07-01 22:00:00+00:00,68.054,71.145,-3.090999999999994
2026-07-01 23:00:00+00:00,68.014,71.126,-3.112000000000009
2026-07-02 00:00:00+00:00,67.925,71.036,-3.111000000000004
2026-07-02 01:00:00+00:00,67.831,70.903,-3.0720000000000027
2026-07-02 02:00:00+00:00,67.752,70.809,-3.057000000000002
2026-07-02 03:00:00+00:00,67.747,70.799,-3.0520000000000067
2026-07-02 04:00:00+00:00,67.922,70.946,-3.024000000000001
2026-07-02 05:00:00+00:00,67.896,70.925,-3.0289999999999964
2026-07-02 06:00:00+00:00,67.569,70.631,-3.0619999999999976
2026-07-02 07:00:00+00:00,67.943,70.889,-2.945999999999998
2026-07-02 08:00:00+00:00,67.906,70.884,-2.9779999999999944
2026-07-02 09:00:00+00:00,67.56,70.539,-2.978999999999999
2026-07-02 10:00:00+00:00,67.497,70.554,-3.057000000000002
2026-07-02 11:00:00+00:00,67.199,70.38,-3.1809999999999974
2026-07-02 12:00:00+00:00,67.609,70.655,-3.0460000000000065
2026-07-02 13:00:00+00:00,67.827,70.932,-3.105000000000004
2026-07-02 14:00:00+00:00,67.775,70.903,-3.128
2026-07-02 15:00:00+00:00,67.771,70.803,-3.0319999999999965
2026-07-02 16:00:00+00:00,68.145,71.22,-3.075000000000003
2026-07-02 17:00:00+00:00,68.486,71.571,-3.0849999999999937
2026-07-02 18:00:00+00:00,68.456,71.579,-3.1229999999999905
2026-07-02 19:00:00+00:00,68.494,71.643,-3.149000000000001
2026-07-02 20:00:00+00:00,68.479,71.636,-3.1569999999999965
2026-07-02 21:00:00+00:00,68.554,71.67,-3.1159999999999997
2026-07-02 22:00:00+00:00,68.514,71.623,-3.109000000000009
2026-07-02 23:00:00+00:00,68.398,71.549,-3.1510000000000105
2026-07-03 00:00:00+00:00,68.478,71.592,-3.1140000000000043
2026-07-03 01:00:00+00:00,68.922,72.101,-3.179000000000002
2026-07-03 02:00:00+00:00,68.909,72.111,-3.201999999999998
2026-07-03 03:00:00+00:00,69.044,72.274,-3.230000000000004
2026-07-03 04:00:00+00:00,69.0,72.218,-3.2180000000000035
2026-07-03 05:00:00+00:00,69.23,72.437,-3.2069999999999936
2026-07-03 06:00:00+00:00,68.967,72.191,-3.2240000000000038
2026-07-03 07:00:00+00:00,68.528,71.768,-3.239999999999995
2026-07-03 08:00:00+00:00,68.795,72.07,-3.2749999999999915
2026-07-03 09:00:00+00:00,68.715,71.961,-3.245999999999995
2026-07-03 10:00:00+00:00,68.649,71.935,-3.2860000000000014
2026-07-03 11:00:00+00:00,68.422,71.682,-3.260000000000005
2026-07-03 12:00:00+00:00,68.281,71.521,-3.239999999999995
2026-07-03 13:00:00+00:00,68.796,72.091,-3.2949999999999875
2026-07-03 14:00:00+00:00,68.666,71.961,-3.2950000000000017
2026-07-03 15:00:00+00:00,68.796,72.091,-3.2949999999999875
2026-07-03 16:00:00+00:00,68.798,72.139,-3.340999999999994
2026-07-03 17:00:00+00:00,68.839,72.129,-3.2900000000000063
2026-07-03 18:00:00+00:00,68.899,72.161,-3.2620000000000005
2026-07-03 19:00:00+00:00,68.935,72.223,-3.2879999999999967
2026-07-03 20:00:00+00:00,68.521,71.819,-3.298000000000002
2026-07-03 21:00:00+00:00,68.814,72.094,-3.280000000000001
2026-07-03 22:00:00+00:00,68.745,72.019,-3.274000000000001
2026-07-03 23:00:00+00:00,68.75,72.039,-3.2890000000000015
2026-07-04 00:00:00+00:00,68.861,72.135,-3.274000000000001
2026-07-04 01:00:00+00:00,68.678,71.916,-3.2379999999999995
2026-07-04 02:00:00+00:00,68.61,71.898,-3.2879999999999967
2026-07-04 03:00:00+00:00,68.602,71.882,-3.280000000000001
2026-07-04 04:00:00+00:00,68.485,71.76,-3.2750000000000057
2026-07-04 05:00:00+00:00,68.544,71.823,-3.2789999999999964
2026-07-04 06:00:00+00:00,68.529,71.814,-3.2849999999999966
2026-07-04 07:00:00+00:00,68.657,71.924,-3.26700000000001
2026-07-04 08:00:00+00:00,68.651,71.918,-3.26700000000001
2026-07-04 09:00:00+00:00,68.964,72.235,-3.271000000000001
2026-07-04 10:00:00+00:00,69.034,72.31,-3.2759999999999962
2026-07-04 11:00:00+00:00,69.177,72.44,-3.262999999999991
2026-07-04 12:00:00+00:00,69.127,72.41,-3.2830000000000013
2026-07-04 13:00:00+00:00,68.905,72.203,-3.298000000000002
2026-07-04 14:00:00+00:00,69.144,72.415,-3.271000000000001
2026-07-04 15:00:00+00:00,68.999,72.289,-3.2900000000000063
2026-07-04 16:00:00+00:00,68.902,72.159,-3.257000000000005
2026-07-04 17:00:00+00:00,68.963,72.226,-3.2630000000000052
2026-07-04 18:00:00+00:00,68.814,72.109,-3.2950000000000017
2026-07-04 19:00:00+00:00,68.805,72.072,-3.266999999999996
2026-07-04 20:00:00+00:00,68.753,72.047,-3.293999999999997
2026-07-04 21:00:00+00:00,68.74,72.047,-3.307000000000002
2026-07-04 22:00:00+00:00,68.956,72.211,-3.2549999999999955
2026-07-04 23:00:00+00:00,68.759,72.041,-3.2819999999999965
2026-07-05 00:00:00+00:00,68.828,72.088,-3.259999999999991
2026-07-05 01:00:00+00:00,68.842,72.095,-3.253
2026-07-05 02:00:00+00:00,68.946,72.23,-3.284000000000006
2026-07-05 03:00:00+00:00,68.898,72.167,-3.2690000000000055
2026-07-05 04:00:00+00:00,68.958,72.242,-3.284000000000006
2026-07-05 05:00:00+00:00,68.946,72.238,-3.2920000000000016
2026-07-05 06:00:00+00:00,68.98,72.256,-3.2759999999999962
2026-07-05 07:00:00+00:00,69.003,72.277,-3.274000000000001
2026-07-05 08:00:00+00:00,69.025,72.286,-3.2609999999999957
2026-07-05 09:00:00+00:00,69.028,72.238,-3.2099999999999937
2026-07-05 10:00:00+00:00,69.038,72.282,-3.2439999999999998
2026-07-05 11:00:00+00:00,68.962,72.235,-3.272999999999996
2026-07-05 12:00:00+00:00,68.85,72.09,-3.240000000000009
2026-07-05 13:00:00+00:00,68.891,72.144,-3.253
2026-07-05 14:00:00+00:00,68.903,72.173,-3.269999999999996
2026-07-05 15:00:00+00:00,68.809,72.068,-3.2590000000000003
2026-07-05 16:00:00+00:00,68.899,72.137,-3.2379999999999995
2026-07-05 17:00:00+00:00,68.854,72.102,-3.2480000000000047
2026-07-05 18:00:00+00:00,68.703,71.999,-3.2959999999999923
2026-07-05 19:00:00+00:00,68.686,71.969,-3.282999999999987
2026-07-05 20:00:00+00:00,68.649,71.899,-3.25
2026-07-05 21:00:00+00:00,68.766,71.995,-3.228999999999999
2026-07-05 22:00:00+00:00,68.35,71.68,-3.3300000000000125
2026-07-05 23:00:00+00:00,68.303,71.596,-3.2930000000000064
2026-07-06 00:00:00+00:00,68.28,71.598,-3.317999999999998
2026-07-06 01:00:00+00:00,68.895,72.128,-3.233000000000004
2026-07-06 02:00:00+00:00,68.623,71.869,-3.245999999999995
2026-07-06 03:00:00+00:00,68.474,71.738,-3.263999999999996
2026-07-06 04:00:00+00:00,68.664,71.889,-3.2249999999999943
2026-07-06 05:00:00+00:00,68.888,72.116,-3.2279999999999944
2026-07-06 06:00:00+00:00,68.808,72.098,-3.289999999999992
2026-07-06 07:00:00+00:00,67.952,71.152,-3.200000000000003
2026-07-06 08:00:00+00:00,68.234,71.585,-3.350999999999999
2026-07-06 09:00:00+00:00,68.322,71.614,-3.2920000000000016
2026-07-06 10:00:00+00:00,68.613,72.022,-3.409000000000006
2026-07-06 11:00:00+00:00,68.674,72.071,-3.3969999999999914
2026-07-06 12:00:00+00:00,68.325,71.806,-3.4809999999999945
2026-07-06 13:00:00+00:00,68.741,72.194,-3.453000000000003
2026-07-06 14:00:00+00:00,68.808,72.266,-3.4579999999999984
2026-07-06 15:00:00+00:00,68.76,72.187,-3.4269999999999925
2026-07-06 16:00:00+00:00,68.337,71.857,-3.519999999999996
2026-07-06 17:00:00+00:00,68.561,71.95,-3.388999999999996
2026-07-06 18:00:00+00:00,68.585,72.022,-3.437000000000012
2026-07-06 19:00:00+00:00,68.721,72.131,-3.4099999999999966
2026-07-06 20:00:00+00:00,68.623,72.049,-3.426000000000002
2026-07-06 21:00:00+00:00,68.725,72.185,-3.460000000000008
2026-07-06 22:00:00+00:00,68.795,72.199,-3.4039999999999964
2026-07-06 23:00:00+00:00,68.799,72.225,-3.4259999999999877
2026-07-07 00:00:00+00:00,68.933,72.396,-3.462999999999994
2026-07-07 01:00:00+00:00,69.108,72.57,-3.461999999999989
2026-07-07 02:00:00+00:00,69.041,72.518,-3.477000000000004
2026-07-07 03:00:00+00:00,68.992,72.497,-3.5049999999999955
2026-07-07 04:00:00+00:00,69.027,72.525,-3.4980000000000047
2026-07-07 05:00:00+00:00,69.399,72.9,-3.5010000000000048
2026-07-07 06:00:00+00:00,69.472,73.012,-3.5400000000000063
2026-07-07 07:00:00+00:00,69.395,72.896,-3.5010000000000048
2026-07-07 08:00:00+00:00,69.38,72.888,-3.5080000000000098
2026-07-07 09:00:00+00:00,69.336,72.946,-3.6099999999999994
2026-07-07 10:00:00+00:00,69.447,73.018,-3.570999999999998
2026-07-07 11:00:00+00:00,69.06,72.627,-3.566999999999993
2026-07-07 12:00:00+00:00,69.186,72.643,-3.4569999999999936
2026-07-07 13:00:00+00:00,70.068,73.604,-3.5360000000000014
2026-07-07 14:00:00+00:00,70.281,73.807,-3.5259999999999962
2026-07-07 15:00:00+00:00,70.4,73.97,-3.569999999999993
2026-07-07 16:00:00+00:00,70.484,74.127,-3.6430000000000007
2026-07-07 17:00:00+00:00,70.453,74.133,-3.6799999999999926
2026-07-07 18:00:00+00:00,71.475,75.097,-3.622
2026-07-07 19:00:00+00:00,71.943,75.702,-3.7590000000000003
2026-07-07 20:00:00+00:00,72.207,75.892,-3.6850000000000023
2026-07-07 21:00:00+00:00,72.322,76.038,-3.715999999999994
2026-07-07 22:00:00+00:00,72.492,76.26,-3.7680000000000007
2026-07-07 23:00:00+00:00,72.443,76.219,-3.7759999999999962
2026-07-08 00:00:00+00:00,71.953,75.727,-3.774000000000001
2026-07-08 01:00:00+00:00,72.14,75.854,-3.7139999999999986
2026-07-08 02:00:00+00:00,72.295,76.06,-3.7650000000000006
2026-07-08 03:00:00+00:00,72.305,76.115,-3.809999999999988
2026-07-08 04:00:00+00:00,72.399,76.2,-3.801000000000002
2026-07-08 05:00:00+00:00,72.821,76.636,-3.8149999999999977
2026-07-08 06:00:00+00:00,72.609,76.47,-3.861000000000004
2026-07-08 07:00:00+00:00,72.115,75.996,-3.8810000000000002
2026-07-08 08:00:00+00:00,74.892,78.682,-3.7900000000000063
2026-07-08 09:00:00+00:00,74.851,78.749,-3.897999999999996
2026-07-08 10:00:00+00:00,74.115,78.157,-4.042000000000002
2026-07-08 11:00:00+00:00,74.013,78.088,-4.074999999999989
2026-07-08 12:00:00+00:00,73.867,77.92,-4.052999999999997
2026-07-08 13:00:00+00:00,73.791,77.96,-4.168999999999997
2026-07-08 14:00:00+00:00,75.321,79.56,-4.239000000000004
2026-07-08 15:00:00+00:00,75.801,80.215,-4.4140000000000015
2026-07-08 16:00:00+00:00,74.527,78.844,-4.316999999999993
2026-07-08 17:00:00+00:00,73.75,78.222,-4.471999999999994
2026-07-08 18:00:00+00:00,73.578,77.993,-4.414999999999992
2026-07-08 19:00:00+00:00,74.001,78.521,-4.519999999999996
2026-07-08 20:00:00+00:00,74.742,79.088,-4.345999999999989
2026-07-08 21:00:00+00:00,74.654,78.95,-4.2960000000000065
2026-07-08 22:00:00+00:00,74.456,78.817,-4.36099999999999
2026-07-08 23:00:00+00:00,74.388,78.746,-4.35799999999999
2026-07-09 00:00:00+00:00,73.973,78.447,-4.474000000000004
2026-07-09 01:00:00+00:00,74.069,78.559,-4.489999999999995
2026-07-09 02:00:00+00:00,74.475,78.97,-4.4950000000000045
2026-07-09 03:00:00+00:00,74.252,78.75,-4.498000000000005
2026-07-09 04:00:00+00:00,74.347,78.82,-4.472999999999999
2026-07-09 05:00:00+00:00,73.011,77.509,-4.498000000000005
2026-07-09 06:00:00+00:00,73.249,77.666,-4.417000000000002
2026-07-09 07:00:00+00:00,72.724,77.029,-4.304999999999993
2026-07-09 08:00:00+00:00,72.986,77.322,-4.3359999999999985
2026-07-09 09:00:00+00:00,73.433,77.888,-4.454999999999998
2026-07-09 10:00:00+00:00,74.202,78.695,-4.492999999999995
2026-07-09 11:00:00+00:00,73.899,78.444,-4.545000000000002
2026-07-09 12:00:00+00:00,73.804,78.465,-4.661000000000001
2026-07-09 13:00:00+00:00,72.609,77.254,-4.64500000000001
2026-07-09 14:00:00+00:00,72.24,76.785,-4.545000000000002
2026-07-09 15:00:00+00:00,72.077,76.504,-4.427000000000007
2026-07-09 16:00:00+00:00,71.899,76.102,-4.203000000000003
2026-07-09 17:00:00+00:00,71.494,75.666,-4.171999999999997
2026-07-09 18:00:00+00:00,71.575,75.816,-4.241
2026-07-09 19:00:00+00:00,71.863,76.086,-4.222999999999999
2026-07-09 20:00:00+00:00,71.821,76.073,-4.251999999999995
2026-07-09 21:00:00+00:00,72.008,76.218,-4.210000000000008
2026-07-09 22:00:00+00:00,71.826,76.031,-4.2050000000000125
2026-07-09 23:00:00+00:00,71.917,76.219,-4.3019999999999925
2026-07-10 00:00:00+00:00,71.961,76.111,-4.150000000000006
2026-07-10 01:00:00+00:00,72.132,76.331,-4.198999999999998
2026-07-10 02:00:00+00:00,72.309,76.551,-4.242000000000004
2026-07-10 03:00:00+00:00,72.345,76.627,-4.2819999999999965
2026-07-10 04:00:00+00:00,72.199,76.482,-4.283000000000001
2026-07-10 05:00:00+00:00,72.097,76.398,-4.301000000000002
2026-07-10 06:00:00+00:00,71.989,76.207,-4.217999999999989
2026-07-10 07:00:00+00:00,71.527,75.765,-4.2379999999999995
2026-07-10 08:00:00+00:00,71.858,76.1,-4.24199999999999
2026-07-10 09:00:00+00:00,71.797,76.048,-4.251000000000005
2026-07-10 10:00:00+00:00,72.172,76.494,-4.322000000000003
2026-07-10 11:00:00+00:00,72.599,76.935,-4.3359999999999985
2026-07-10 12:00:00+00:00,71.894,76.298,-4.403999999999996
2026-07-10 13:00:00+00:00,71.54,75.921,-4.381
2026-07-10 14:00:00+00:00,71.918,76.38,-4.461999999999989
2026-07-10 15:00:00+00:00,71.03,75.496,-4.465999999999994
2026-07-10 16:00:00+00:00,71.113,75.595,-4.481999999999999
2026-07-10 17:00:00+00:00,71.336,75.898,-4.561999999999998
2026-07-10 18:00:00+00:00,71.622,76.146,-4.524000000000001
2026-07-10 19:00:00+00:00,71.605,76.065,-4.459999999999994
2026-07-10 20:00:00+00:00,71.589,76.046,-4.457000000000008
2026-07-10 21:00:00+00:00,71.5,75.911,-4.411000000000001
2026-07-10 22:00:00+00:00,71.486,75.833,-4.346999999999994
2026-07-10 23:00:00+00:00,71.491,75.912,-4.4210000000000065
2026-07-11 00:00:00+00:00,71.61,76.076,-4.465999999999994
2026-07-11 01:00:00+00:00,71.537,76.01,-4.472999999999999
2026-07-11 02:00:00+00:00,71.466,75.978,-4.5120000000000005
2026-07-11 03:00:00+00:00,71.533,76.051,-4.518000000000001
2026-07-11 04:00:00+00:00,71.631,76.112,-4.4809999999999945
2026-07-11 05:00:00+00:00,71.394,75.848,-4.4539999999999935
2026-07-11 06:00:00+00:00,71.441,75.898,-4.456999999999994
2026-07-11 07:00:00+00:00,71.474,75.927,-4.453000000000003
2026-07-11 08:00:00+00:00,71.579,76.02,-4.4410000000000025
2026-07-11 09:00:00+00:00,71.589,76.023,-4.4339999999999975
2026-07-11 10:00:00+00:00,71.725,76.192,-4.466999999999999
2026-07-11 11:00:00+00:00,71.77,76.234,-4.463999999999999
2026-07-11 12:00:00+00:00,71.836,76.317,-4.4809999999999945
2026-07-11 13:00:00+00:00,71.73,76.172,-4.441999999999993
2026-07-11 14:00:00+00:00,71.721,76.168,-4.447000000000003
2026-07-11 15:00:00+00:00,71.596,75.997,-4.400999999999996
2026-07-11 16:00:00+00:00,71.533,75.911,-4.378
2026-07-11 17:00:00+00:00,71.695,76.125,-4.430000000000007
2026-07-11 18:00:00+00:00,71.818,76.22,-4.402000000000001
2026-07-11 19:00:00+00:00,71.694,76.068,-4.373999999999995
2026-07-11 20:00:00+00:00,71.82,76.251,-4.431000000000012
2026-07-11 21:00:00+00:00,71.839,76.231,-4.391999999999996
2026-07-11 22:00:00+00:00,72.726,77.138,-4.412000000000006
2026-07-11 23:00:00+00:00,73.405,77.847,-4.441999999999993
2026-07-12 00:00:00+00:00,73.941,78.616,-4.674999999999997
2026-07-12 01:00:00+00:00,73.457,78.162,-4.7050000000000125
2026-07-12 02:00:00+00:00,73.23,77.925,-4.694999999999993
2026-07-12 03:00:00+00:00,73.208,77.916,-4.707999999999998
2026-07-12 04:00:00+00:00,73.425,78.13,-4.704999999999998
2026-07-12 05:00:00+00:00,73.27,77.947,-4.677000000000007
2026-07-12 06:00:00+00:00,73.403,78.026,-4.6229999999999905
2026-07-12 07:00:00+00:00,73.68,78.444,-4.763999999999996
2026-07-12 08:00:00+00:00,73.628,78.446,-4.817999999999998
2026-07-12 09:00:00+00:00,73.698,78.638,-4.940000000000012
2026-07-12 10:00:00+00:00,73.818,78.735,-4.917000000000002
2026-07-12 11:00:00+00:00,73.627,78.467,-4.840000000000003
2026-07-12 12:00:00+00:00,73.427,78.226,-4.798999999999992
2026-07-12 13:00:00+00:00,73.469,78.248,-4.779000000000011
2026-07-12 14:00:00+00:00,73.481,78.24,-4.759
2026-07-12 15:00:00+00:00,73.482,78.341,-4.858999999999995
2026-07-12 16:00:00+00:00,73.626,78.465,-4.838999999999999
2026-07-12 17:00:00+00:00,73.942,78.891,-4.949000000000012
2026-07-12 18:00:00+00:00,73.756,78.574,-4.817999999999998
2026-07-12 19:00:00+00:00,73.856,78.748,-4.89200000000001
2026-07-12 20:00:00+00:00,73.925,78.867,-4.942000000000007
2026-07-12 21:00:00+00:00,73.765,78.676,-4.911000000000001
2026-07-12 22:00:00+00:00,73.562,78.383,-4.820999999999998
2026-07-12 23:00:00+00:00,73.64,78.437,-4.796999999999997
2026-07-13 00:00:00+00:00,74.156,78.823,-4.666999999999987
2026-07-13 01:00:00+00:00,74.268,78.987,-4.718999999999994
2026-07-13 02:00:00+00:00,74.173,78.833,-4.659999999999997
2026-07-13 03:00:00+00:00,74.189,78.924,-4.735000000000014
2026-07-13 04:00:00+00:00,74.42,79.09,-4.670000000000002
2026-07-13 05:00:00+00:00,74.612,79.229,-4.617000000000004
2026-07-13 06:00:00+00:00,74.0,78.643,-4.643000000000001
2026-07-13 07:00:00+00:00,73.941,78.68,-4.739000000000004
2026-07-13 08:00:00+00:00,72.959,77.675,-4.715999999999994
2026-07-13 09:00:00+00:00,73.089,77.716,-4.626999999999995
2026-07-13 10:00:00+00:00,73.708,78.345,-4.6370000000000005
2026-07-13 11:00:00+00:00,73.739,78.424,-4.685000000000002
2026-07-13 12:00:00+00:00,73.754,78.521,-4.766999999999996
2026-07-13 13:00:00+00:00,73.69,78.404,-4.713999999999999
2026-07-13 14:00:00+00:00,74.396,79.165,-4.7690000000000055
2026-07-13 15:00:00+00:00,74.78,79.579,-4.798999999999992
2026-07-13 16:00:00+00:00,75.606,80.369,-4.763000000000005
2026-07-13 17:00:00+00:00,77.425,82.232,-4.807000000000002
2026-07-13 18:00:00+00:00,77.501,82.342,-4.840999999999994
2026-07-13 19:00:00+00:00,77.503,82.48,-4.977000000000004
2026-07-13 20:00:00+00:00,77.822,82.667,-4.844999999999999
2026-07-13 21:00:00+00:00,77.651,82.565,-4.9140000000000015
2026-07-13 22:00:00+00:00,78.834,83.631,-4.796999999999997
2026-07-13 23:00:00+00:00,78.764,83.5,-4.736000000000004
2026-07-14 00:00:00+00:00,79.542,84.369,-4.826999999999998
2026-07-14 01:00:00+00:00,79.1,83.65,-4.550000000000011
2026-07-14 02:00:00+00:00,79.057,83.62,-4.563000000000002
2026-07-14 03:00:00+00:00,79.136,83.746,-4.609999999999999
2026-07-14 04:00:00+00:00,79.289,83.835,-4.545999999999992
2026-07-14 05:00:00+00:00,78.883,83.423,-4.540000000000006
2026-07-14 06:00:00+00:00,79.826,84.34,-4.51400000000001
2026-07-14 07:00:00+00:00,79.8,84.475,-4.674999999999997
2026-07-14 08:00:00+00:00,80.465,85.497,-5.0319999999999965
2026-07-14 09:00:00+00:00,80.004,85.123,-5.119
2026-07-14 10:00:00+00:00,80.191,85.294,-5.102999999999994
2026-07-14 11:00:00+00:00,78.946,84.274,-5.328000000000003
2026-07-14 12:00:00+00:00,79.954,84.973,-5.0190000000000055
2026-07-14 13:00:00+00:00,79.255,83.874,-4.619
2026-07-14 14:00:00+00:00,78.276,83.107,-4.831000000000003
2026-07-14 15:00:00+00:00,78.865,83.614,-4.749000000000009
2026-07-14 16:00:00+00:00,78.568,83.33,-4.7620000000000005
2026-07-14 17:00:00+00:00,78.232,83.132,-4.900000000000006
2026-07-14 18:00:00+00:00,78.94,83.787,-4.847000000000008
2026-07-14 19:00:00+00:00,79.014,83.88,-4.866
2026-07-14 20:00:00+00:00,79.089,83.92,-4.831000000000003
2026-07-14 21:00:00+00:00,78.966,83.726,-4.760000000000005
2026-07-14 22:00:00+00:00,79.246,84.028,-4.782000000000011
2026-07-14 23:00:00+00:00,79.111,83.826,-4.714999999999989
2026-07-15 00:00:00+00:00,79.421,84.363,-4.941999999999993
2026-07-15 01:00:00+00:00,79.443,84.307,-4.864000000000004
2026-07-15 02:00:00+00:00,79.532,84.44,-4.908000000000001
2026-07-15 03:00:00+00:00,79.166,84.116,-4.950000000000003
2026-07-15 04:00:00+00:00,79.041,83.972,-4.930999999999997
2026-07-15 05:00:00+00:00,78.949,83.824,-4.875
2026-07-15 06:00:00+00:00,79.188,84.082,-4.893999999999991
2026-07-15 07:00:00+00:00,79.733,84.496,-4.762999999999991
2026-07-15 08:00:00+00:00,78.713,83.317,-4.603999999999999
2026-07-15 09:00:00+00:00,79.384,84.035,-4.650999999999996
2026-07-15 10:00:00+00:00,79.241,83.908,-4.667000000000002
2026-07-15 11:00:00+00:00,78.942,83.637,-4.695000000000007
2026-07-15 12:00:00+00:00,79.135,83.654,-4.518999999999991
2026-07-15 13:00:00+00:00,79.278,83.556,-4.277999999999992
2026-07-15 14:00:00+00:00,78.24,82.56,-4.320000000000007
2026-07-15 15:00:00+00:00,78.473,83.012,-4.5390000000000015
2026-07-15 16:00:00+00:00,79.0,83.501,-4.501000000000005
2026-07-15 17:00:00+00:00,78.608,83.117,-4.509
2026-07-15 18:00:00+00:00,79.284,83.71,-4.425999999999988
2026-07-15 19:00:00+00:00,79.789,84.29,-4.501000000000005
2026-07-15 20:00:00+00:00,79.715,84.22,-4.5049999999999955
2026-07-15 21:00:00+00:00,79.663,84.007,-4.344000000000008
2026-07-15 22:00:00+00:00,79.726,84.075,-4.349000000000004
2026-07-15 23:00:00+00:00,79.645,83.962,-4.317000000000007
2026-07-16 00:00:00+00:00,79.617,83.951,-4.333999999999989
2026-07-16 01:00:00+00:00,79.54,83.856,-4.315999999999988
2026-07-16 02:00:00+00:00,79.523,83.865,-4.341999999999999
2026-07-16 03:00:00+00:00,79.09,83.408,-4.317999999999998
2026-07-16 04:00:00+00:00,78.945,83.25,-4.305000000000007
2026-07-16 05:00:00+00:00,78.956,83.212,-4.256
2026-07-16 06:00:00+00:00,78.972,83.272,-4.300000000000011
2026-07-16 07:00:00+00:00,79.041,83.3,-4.259
2026-07-16 08:00:00+00:00,78.828,83.077,-4.248999999999995
2026-07-16 09:00:00+00:00,79.028,83.319,-4.290999999999997
2026-07-16 10:00:00+00:00,79.135,83.409,-4.274000000000001
2026-07-16 11:00:00+00:00,79.179,83.501,-4.322000000000003
2026-07-16 12:00:00+00:00,79.944,84.392,-4.447999999999993
2026-07-16 13:00:00+00:00,79.612,84.054,-4.442000000000007
2026-07-16 14:00:00+00:00,79.106,83.643,-4.537000000000006
2026-07-16 15:00:00+00:00,78.848,83.511,-4.662999999999997
2026-07-16 16:00:00+00:00,78.476,83.225,-4.748999999999995
2026-07-16 17:00:00+00:00,78.244,82.937,-4.692999999999998
2026-07-16 18:00:00+00:00,78.456,83.12,-4.6640000000000015
2026-07-16 19:00:00+00:00,78.486,83.12,-4.634
2026-07-16 20:00:00+00:00,78.958,83.666,-4.707999999999998
2026-07-16 21:00:00+00:00,79.03,83.735,-4.704999999999998
2026-07-16 22:00:00+00:00,79.019,83.601,-4.581999999999994
2026-07-16 23:00:00+00:00,79.066,83.653,-4.587000000000003
2026-07-17 00:00:00+00:00,79.164,83.856,-4.691999999999993
2026-07-17 01:00:00+00:00,79.221,83.861,-4.640000000000001
2026-07-17 02:00:00+00:00,79.085,83.703,-4.618000000000009
2026-07-17 03:00:00+00:00,79.237,83.834,-4.597000000000008
2026-07-17 04:00:00+00:00,79.244,83.873,-4.629000000000005
2026-07-17 05:00:00+00:00,78.465,83.085,-4.61999999999999
2026-07-17 06:00:00+00:00,78.647,83.102,-4.454999999999998
2026-07-17 07:00:00+00:00,78.803,83.25,-4.447000000000003
2026-07-17 08:00:00+00:00,79.319,83.71,-4.390999999999991
2026-07-17 09:00:00+00:00,79.8,84.15,-4.3500000000000085
2026-07-17 10:00:00+00:00,79.994,84.344,-4.349999999999994
2026-07-17 11:00:00+00:00,80.187,84.551,-4.364000000000004
2026-07-17 12:00:00+00:00,80.417,84.876,-4.459000000000003
2026-07-17 13:00:00+00:00,81.164,85.459,-4.295000000000002
2026-07-17 14:00:00+00:00,80.264,84.879,-4.615000000000009
2026-07-17 15:00:00+00:00,80.707,85.243,-4.536000000000001
2026-07-17 16:00:00+00:00,81.497,86.059,-4.561999999999998
2026-07-17 17:00:00+00:00,81.81,86.336,-4.525999999999996
2026-07-17 18:00:00+00:00,81.464,86.026,-4.561999999999998
2026-07-17 19:00:00+00:00,81.491,86.026,-4.534999999999997
2026-07-17 20:00:00+00:00,81.837,86.322,-4.484999999999999
2026-07-17 21:00:00+00:00,81.865,86.439,-4.573999999999998
2026-07-17 22:00:00+00:00,82.385,86.998,-4.6129999999999995
2026-07-17 23:00:00+00:00,82.228,86.782,-4.554000000000002
2026-07-18 00:00:00+00:00,82.045,86.673,-4.628
2026-07-18 01:00:00+00:00,82.136,86.78,-4.6440000000000055
2026-07-18 02:00:00+00:00,82.135,86.736,-4.600999999999999
2026-07-18 03:00:00+00:00,81.847,86.506,-4.659000000000006
2026-07-18 04:00:00+00:00,81.563,86.242,-4.679000000000002
2026-07-18 05:00:00+00:00,81.536,86.201,-4.664999999999992
2026-07-18 06:00:00+00:00,81.785,86.476,-4.6910000000000025
2026-07-18 07:00:00+00:00,81.949,86.607,-4.658000000000001
2026-07-18 08:00:00+00:00,82.092,86.825,-4.733000000000004
2026-07-18 09:00:00+00:00,82.197,86.925,-4.727999999999994
2026-07-18 10:00:00+00:00,82.612,87.253,-4.641000000000005
2026-07-18 11:00:00+00:00,82.746,87.374,-4.628
2026-07-18 12:00:00+00:00,82.861,87.473,-4.611999999999995
2026-07-18 13:00:00+00:00,82.665,87.329,-4.663999999999987
2026-07-18 14:00:00+00:00,82.57,87.172,-4.602000000000004
2026-07-18 15:00:00+00:00,82.663,87.271,-4.608000000000004
2026-07-18 16:00:00+00:00,82.816,87.455,-4.638999999999996
2026-07-18 17:00:00+00:00,83.153,87.87,-4.716999999999999
2026-07-18 18:00:00+00:00,84.035,88.729,-4.694000000000003
2026-07-18 19:00:00+00:00,83.612,88.185,-4.5730000000000075
2026-07-18 20:00:00+00:00,83.727,88.303,-4.575999999999993
2026-07-18 21:00:00+00:00,83.682,88.413,-4.7309999999999945
2026-07-18 22:00:00+00:00,84.003,88.644,-4.641000000000005
2026-07-18 23:00:00+00:00,83.673,88.395,-4.721999999999994
2026-07-19 00:00:00+00:00,83.777,88.475,-4.697999999999993
2026-07-19 01:00:00+00:00,83.51,88.245,-4.734999999999999
2026-07-19 02:00:00+00:00,83.475,88.17,-4.695000000000007
2026-07-19 03:00:00+00:00,83.589,88.318,-4.728999999999999
2026-07-19 04:00:00+00:00,83.628,88.432,-4.804000000000002
2026-07-19 05:00:00+00:00,83.517,88.315,-4.798000000000002
2026-07-19 06:00:00+00:00,83.948,88.645,-4.697000000000003
2026-07-19 07:00:00+00:00,83.744,88.411,-4.667000000000002
2026-07-19 08:00:00+00:00,83.897,88.421,-4.524000000000001
2026-07-19 09:00:00+00:00,83.855,88.339,-4.483999999999995
2026-07-19 10:00:00+00:00,83.756,88.328,-4.572000000000003
2026-07-19 11:00:00+00:00,83.674,88.278,-4.603999999999999
2026-07-19 12:00:00+00:00,83.868,88.384,-4.516000000000005
2026-07-19 13:00:00+00:00,83.759,88.215,-4.456000000000003
2026-07-19 14:00:00+00:00,83.835,88.339,-4.504000000000005
2026-07-19 15:00:00+00:00,83.834,88.332,-4.4979999999999905
2026-07-19 16:00:00+00:00,83.665,88.194,-4.528999999999996
2026-07-19 17:00:00+00:00,83.653,88.211,-4.557999999999993
2026-07-19 18:00:00+00:00,83.66,88.127,-4.466999999999999
2026-07-19 19:00:00+00:00,83.436,87.896,-4.459999999999994
2026-07-19 20:00:00+00:00,83.716,88.161,-4.445000000000007
2026-07-19 21:00:00+00:00,83.354,87.745,-4.391000000000005
2026-07-19 22:00:00+00:00,84.086,88.611,-4.525000000000006
2026-07-19 23:00:00+00:00,83.892,88.441,-4.549000000000007
2026-07-20 00:00:00+00:00,83.609,88.127,-4.518000000000001
2026-07-20 01:00:00+00:00,83.731,88.204,-4.472999999999999
2026-07-20 02:00:00+00:00,83.415,87.857,-4.441999999999993
2026-07-20 03:00:00+00:00,83.697,88.148,-4.450999999999993
2026-07-20 04:00:00+00:00,83.597,88.097,-4.5
2026-07-20 05:00:00+00:00,83.871,88.4,-4.529000000000011
2026-07-20 06:00:00+00:00,83.94,88.434,-4.494
2026-07-20 07:00:00+00:00,82.277,86.796,-4.5190000000000055
2026-07-20 08:00:00+00:00,81.595,86.205,-4.609999999999999
2026-07-20 09:00:00+00:00,81.193,85.944,-4.751000000000005
2026-07-20 10:00:00+00:00,81.682,86.326,-4.643999999999991
2026-07-20 11:00:00+00:00,80.282,84.983,-4.701000000000008
2026-07-20 12:00:00+00:00,81.885,86.536,-4.650999999999996
2026-07-20 13:00:00+00:00,81.734,86.178,-4.444000000000003
2026-07-20 14:00:00+00:00,82.008,86.474,-4.466000000000008
2026-07-20 15:00:00+00:00,81.559,86.12,-4.561000000000007
2026-07-20 16:00:00+00:00,81.924,86.6,-4.675999999999988
2026-07-20 17:00:00+00:00,82.207,86.947,-4.740000000000009
2026-07-20 18:00:00+00:00,82.86,87.4,-4.540000000000006
2026-07-20 19:00:00+00:00,82.457,86.967,-4.510000000000005
2026-07-20 20:00:00+00:00,82.451,87.079,-4.628
2026-07-20 21:00:00+00:00,82.402,86.972,-4.569999999999993
2026-07-20 22:00:00+00:00,82.663,87.136,-4.472999999999999
2026-07-20 23:00:00+00:00,82.517,86.978,-4.4609999999999985
2026-07-21 00:00:00+00:00,82.53,87.129,-4.599000000000004
2026-07-21 01:00:00+00:00,82.431,86.896,-4.465000000000003
2026-07-21 02:00:00+00:00,82.172,86.671,-4.499000000000009
2026-07-21 03:00:00+00:00,82.188,86.732,-4.543999999999997
2026-07-21 04:00:00+00:00,82.142,86.705,-4.563000000000002
2026-07-21 05:00:00+00:00,82.061,86.573,-4.511999999999986
2026-07-21 06:00:00+00:00,82.327,86.82,-4.492999999999995
2026-07-21 07:00:00+00:00,81.934,86.518,-4.584000000000003
2026-07-21 08:00:00+00:00,82.234,86.891,-4.657000000000011
2026-07-21 09:00:00+00:00,83.242,87.856,-4.61399999999999
2026-07-21 10:00:00+00:00,83.262,87.899,-4.6370000000000005
2026-07-21 11:00:00+00:00,83.869,88.3,-4.430999999999997
2026-07-21 12:00:00+00:00,84.093,88.397,-4.304000000000002
2026-07-21 13:00:00+00:00,84.389,88.607,-4.2180000000000035
2026-07-21 14:00:00+00:00,84.692,88.811,-4.119000000000014
2026-07-21 15:00:00+00:00,84.492,88.691,-4.198999999999998
2026-07-21 16:00:00+00:00,84.386,88.62,-4.234000000000009
2026-07-21 17:00:00+00:00,84.337,88.624,-4.286999999999992
2026-07-21 18:00:00+00:00,84.504,88.689,-4.184999999999988
2026-07-21 19:00:00+00:00,84.643,88.85,-4.206999999999994
2026-07-21 20:00:00+00:00,84.542,88.797,-4.2549999999999955
2026-07-21 21:00:00+00:00,84.623,88.873,-4.25
2026-07-21 22:00:00+00:00,84.709,88.991,-4.2819999999999965
2026-07-21 23:00:00+00:00,84.773,89.034,-4.26100000000001
2026-07-22 00:00:00+00:00,84.603,88.849,-4.246000000000009
2026-07-22 01:00:00+00:00,85.599,89.638,-4.0390000000000015
2026-07-22 02:00:00+00:00,85.043,89.126,-4.082999999999998
2026-07-22 03:00:00+00:00,85.326,89.39,-4.064000000000007
2026-07-22 04:00:00+00:00,85.419,89.423,-4.004000000000005
2026-07-22 05:00:00+00:00,85.141,89.17,-4.028999999999996
2026-07-22 06:00:00+00:00,86.095,89.949,-3.853999999999999
2026-07-22 07:00:00+00:00,87.677,91.011,-3.333999999999989
2026-07-22 08:00:00+00:00,87.591,90.585,-2.9939999999999998
2026-07-22 09:00:00+00:00,88.397,90.817,-2.4199999999999875
2026-07-22 10:00:00+00:00,87.166,90.317,-3.1509999999999962
2026-07-22 11:00:00+00:00,87.331,90.526,-3.194999999999993
2026-07-22 12:00:00+00:00,87.184,90.482,-3.298000000000002
2026-07-22 13:00:00+00:00,86.923,90.177,-3.254000000000005
2026-07-22 14:00:00+00:00,86.686,90.093,-3.4069999999999965
2026-07-22 15:00:00+00:00,86.049,89.544,-3.4949999999999903
2026-07-22 16:00:00+00:00,86.314,89.854,-3.5400000000000063
2026-07-22 17:00:00+00:00,86.795,90.216,-3.4209999999999923
2026-07-22 18:00:00+00:00,87.057,90.432,-3.375
2026-07-22 19:00:00+00:00,86.493,90.056,-3.5630000000000024
2026-07-22 20:00:00+00:00,86.498,90.061,-3.5630000000000024
2026-07-22 21:00:00+00:00,87.198,90.864,-3.666000000000011
2026-07-22 22:00:00+00:00,87.902,91.186,-3.284000000000006
2026-07-22 23:00:00+00:00,87.767,91.054,-3.287000000000006
2026-07-23 00:00:00+00:00,87.965,91.209,-3.2439999999999998
2026-07-23 01:00:00+00:00,88.096,91.327,-3.2309999999999945
2026-07-23 02:00:00+00:00,88.222,91.466,-3.2439999999999998
2026-07-23 03:00:00+00:00,88.375,91.597,-3.221999999999994
2026-07-23 04:00:00+00:00,88.092,91.493,-3.4009999999999962
2026-07-23 05:00:00+00:00,88.248,91.686,-3.4380000000000024
2026-07-23 06:00:00+00:00,88.595,91.992,-3.3970000000000056
2026-07-23 07:00:00+00:00,89.298,92.385,-3.0870000000000033
2026-07-23 08:00:00+00:00,89.451,92.581,-3.1300000000000097
2026-07-23 09:00:00+00:00,90.153,92.871,-2.7179999999999893
2026-07-23 10:00:00+00:00,90.056,92.724,-2.6680000000000064
2026-07-23 11:00:00+00:00,90.593,93.006,-2.4129999999999967
2026-07-23 12:00:00+00:00,90.751,93.593,-2.8419999999999987
2026-07-23 13:00:00+00:00,91.69,94.322,-2.632000000000005
2026-07-23 14:00:00+00:00,91.811,94.296,-2.4849999999999994
2026-07-23 15:00:00+00:00,91.822,94.137,-2.3149999999999977
2026-07-23 16:00:00+00:00,92.296,94.398,-2.1019999999999897
2026-07-23 17:00:00+00:00,93.217,95.194,-1.9770000000000039
2026-07-23 18:00:00+00:00,92.012,94.163,-2.1509999999999962
2026-07-23 19:00:00+00:00,91.556,93.726,-2.1700000000000017
2026-07-23 20:00:00+00:00,92.27,94.167,-1.8970000000000056
2026-07-23 21:00:00+00:00,92.618,94.774,-2.156000000000006
2026-07-23 22:00:00+00:00,92.041,94.123,-2.082000000000008
2026-07-23 23:00:00+00:00,92.23,94.19,-1.9599999999999937
2026-07-24 00:00:00+00:00,91.839,93.874,-2.0349999999999966
2026-07-24 01:00:00+00:00,91.586,93.739,-2.153000000000006
2026-07-24 02:00:00+00:00,91.876,93.898,-2.0219999999999914
2026-07-24 03:00:00+00:00,91.86,93.967,-2.1069999999999993
2026-07-24 04:00:00+00:00,91.612,93.781,-2.169000000000011
2026-07-24 05:00:00+00:00,91.434,93.583,-2.149000000000001
2026-07-24 06:00:00+00:00,90.534,92.935,-2.4009999999999962
2026-07-24 07:00:00+00:00,90.407,92.517,-2.1099999999999994
2026-07-24 08:00:00+00:00,89.511,91.699,-2.1880000000000024
2026-07-24 09:00:00+00:00,89.01,91.491,-2.4809999999999945
2026-07-24 10:00:00+00:00,89.883,92.153,-2.2700000000000102
2026-07-24 11:00:00+00:00,89.325,91.7,-2.375
2026-07-24 12:00:00+00:00,89.343,91.619,-2.2759999999999962
2026-07-24 13:00:00+00:00,89.91,91.957,-2.046999999999997
2026-07-24 14:00:00+00:00,89.683,91.816,-2.1329999999999956
2026-07-24 15:00:00+00:00,88.393,91.091,-2.6979999999999933
2026-07-24 16:00:00+00:00,88.374,91.082,-2.7079999999999984
2026-07-24 17:00:00+00:00,89.056,91.333,-2.277000000000001
2026-07-24 18:00:00+00:00,89.349,91.751,-2.402000000000001
2026-07-24 19:00:00+00:00,89.766,92.154,-2.387999999999991
2026-07-24 20:00:00+00:00,90.487,92.757,-2.2700000000000102
2026-07-24 21:00:00+00:00,90.766,92.972,-2.205999999999989
2026-07-24 22:00:00+00:00,90.274,92.548,-2.274000000000001
2026-07-24 23:00:00+00:00,90.153,92.41,-2.256999999999991
2026-07-25 00:00:00+00:00,90.093,92.457,-2.36399999999999
2026-07-25 01:00:00+00:00,90.227,92.618,-2.390999999999991
2026-07-25 02:00:00+00:00,89.7,92.077,-2.3769999999999953
2026-07-25 03:00:00+00:00,89.391,91.821,-2.4299999999999926
2026-07-25 04:00:00+00:00,89.411,91.814,-2.4029999999999916
2026-07-25 05:00:00+00:00,89.525,91.934,-2.408999999999992
2026-07-25 06:00:00+00:00,89.462,91.95,-2.4879999999999995
2026-07-25 07:00:00+00:00,89.623,92.144,-2.521000000000001
2026-07-25 08:00:00+00:00,89.664,92.224,-2.5600000000000023
2026-07-25 09:00:00+00:00,89.517,92.133,-2.6159999999999997
2026-07-25 10:00:00+00:00,89.36,91.981,-2.620999999999995
2026-07-25 11:00:00+00:00,89.172,91.818,-2.646000000000001
2026-07-25 12:00:00+00:00,89.282,91.725,-2.442999999999998
2026-07-25 13:00:00+00:00,87.255,89.843,-2.588000000000008
2026-07-25 14:00:00+00:00,87.346,90.138,-2.7920000000000016
2026-07-25 15:00:00+00:00,87.345,90.069,-2.7240000000000038
2026-07-25 16:00:00+00:00,87.056,89.975,-2.918999999999997
2026-07-25 17:00:00+00:00,86.622,89.543,-2.9210000000000065
2026-07-25 18:00:00+00:00,87.222,90.273,-3.051000000000002
2026-07-25 19:00:00+00:00,87.019,89.96,-2.9409999999999883
2026-07-25 20:00:00+00:00,87.036,89.867,-2.831000000000003
2026-07-25 21:00:00+00:00,87.257,90.186,-2.929000000000002
2026-07-25 22:00:00+00:00,86.851,89.829,-2.9779999999999944
2026-07-25 23:00:00+00:00,86.848,89.623,-2.7750000000000057
2026-07-26 00:00:00+00:00,86.593,89.544,-2.9509999999999934
2026-07-26 01:00:00+00:00,86.983,89.755,-2.7719999999999914
2026-07-26 02:00:00+00:00,86.945,89.63,-2.6850000000000023
2026-07-26 03:00:00+00:00,86.812,89.511,-2.698999999999998
2026-07-26 04:00:00+00:00,86.575,89.169,-2.593999999999994
2026-07-26 05:00:00+00:00,86.396,88.969,-2.5729999999999933
2026-07-26 06:00:00+00:00,87.318,89.875,-2.557000000000002
2026-07-26 07:00:00+00:00,86.809,89.055,-2.2460000000000093
2026-07-26 08:00:00+00:00,86.49,88.646,-2.156000000000006
2026-07-26 09:00:00+00:00,85.564,87.624,-2.0600000000000023
2026-07-26 10:00:00+00:00,85.326,87.505,-2.179000000000002
2026-07-26 11:00:00+00:00,85.298,87.47,-2.171999999999997
2026-07-26 12:00:00+00:00,85.332,87.564,-2.2319999999999993
2026-07-26 13:00:00+00:00,85.355,87.644,-2.2890000000000015
2026-07-26 14:00:00+00:00,85.063,87.295,-2.2319999999999993
2026-07-26 15:00:00+00:00,85.128,87.221,-2.0930000000000035
2026-07-26 16:00:00+00:00,85.309,87.36,-2.051000000000002
2026-07-26 17:00:00+00:00,85.223,87.378,-2.155000000000001
2026-07-26 18:00:00+00:00,85.807,87.824,-2.016999999999996
2026-07-26 19:00:00+00:00,86.193,88.209,-2.0160000000000053
2026-07-26 20:00:00+00:00,86.239,88.409,-2.1700000000000017
2026-07-26 21:00:00+00:00,86.181,88.4,-2.2190000000000083
2026-07-26 22:00:00+00:00,84.763,87.464,-2.7009999999999934
2026-07-26 23:00:00+00:00,84.546,87.43,-2.8840000000000003
2026-07-27 00:00:00+00:00,84.753,87.678,-2.924999999999997
2026-07-27 01:00:00+00:00,85.239,88.121,-2.881999999999991
2026-07-27 02:00:00+00:00,85.518,88.37,-2.852000000000004
2026-07-27 03:00:00+00:00,85.202,88.03,-2.828000000000003
2026-07-27 04:00:00+00:00,84.841,87.647,-2.8060000000000116
2026-07-27 05:00:00+00:00,84.523,87.226,-2.703000000000003
2026-07-27 06:00:00+00:00,83.465,86.345,-2.8799999999999955
2026-07-27 07:00:00+00:00,84.523,87.21,-2.6869999999999976
2026-07-27 08:00:00+00:00,82.938,85.412,-2.4740000000000038
2026-07-27 09:00:00+00:00,82.332,84.858,-2.5260000000000105
2026-07-27 10:00:00+00:00,83.235,85.737,-2.5019999999999953
2026-07-27 11:00:00+00:00,83.33,86.005,-2.674999999999997
2026-07-27 12:00:00+00:00,83.993,86.994,-3.0010000000000048
2026-07-27 13:00:00+00:00,84.186,87.009,-2.8229999999999933
2026-07-27 14:00:00+00:00,83.521,86.498,-2.977000000000004
2026-07-27 15:00:00+00:00,83.418,86.623,-3.2049999999999983
2026-07-27 16:00:00+00:00,82.812,86.105,-3.2930000000000064
2026-07-27 17:00:00+00:00,82.595,85.897,-3.3020000000000067
2026-07-27 18:00:00+00:00,82.141,85.511,-3.3699999999999903
2026-07-27 19:00:00+00:00,81.954,85.3,-3.3460000000000036
2026-07-27 20:00:00+00:00,81.848,85.233,-3.385000000000005
2026-07-27 21:00:00+00:00,82.195,85.487,-3.2920000000000016
2026-07-27 22:00:00+00:00,82.147,85.553,-3.4059999999999917
2026-07-27 23:00:00+00:00,82.054,85.522,-3.4680000000000035
2026-07-28 00:00:00+00:00,82.12,85.491,-3.370999999999995
2026-07-28 01:00:00+00:00,81.651,84.986,-3.335000000000008
2026-07-28 02:00:00+00:00,80.837,84.292,-3.4549999999999983
2026-07-28 03:00:00+00:00,81.556,84.878,-3.3220000000000027
2026-07-28 04:00:00+00:00,81.607,84.914,-3.307000000000002
2026-07-28 05:00:00+00:00,82.16,85.347,-3.1869999999999976
2026-07-28 06:00:00+00:00,80.781,83.954,-3.1729999999999876
2026-07-28 07:00:00+00:00,80.769,83.93,-3.1610000000000014
2026-07-28 08:00:00+00:00,80.228,83.263,-3.035000000000011
2026-07-28 09:00:00+00:00,80.601,83.665,-3.064000000000007
2026-07-28 10:00:00+00:00,81.182,84.172,-2.989999999999995
2026-07-28 11:00:00+00:00,81.7,84.601,-2.9009999999999962
2026-07-28 12:00:00+00:00,80.81,83.769,-2.959000000000003
2026-07-28 13:00:00+00:00,81.427,84.098,-2.6709999999999923
2026-07-28 14:00:00+00:00,81.458,84.084,-2.6260000000000048
2026-07-28 15:00:00+00:00,78.33,81.257,-2.9270000000000067
2026-07-28 16:00:00+00:00,78.635,81.439,-2.803999999999988
2026-07-28 17:00:00+00:00,79.4,82.224,-2.823999999999998
2026-07-28 18:00:00+00:00,79.161,81.97,-2.8089999999999975
2026-07-28 19:00:00+00:00,79.11,81.901,-2.790999999999997
2026-07-28 20:00:00+00:00,79.089,81.862,-2.772999999999996
2026-07-28 21:00:00+00:00,80.484,83.152,-2.6680000000000064
2026-07-28 22:00:00+00:00,82.631,85.027,-2.396000000000001
2026-07-28 23:00:00+00:00,81.852,84.376,-2.524000000000001
2026-07-29 00:00:00+00:00,82.431,84.887,-2.456000000000003
2026-07-29 01:00:00+00:00,82.768,85.337,-2.5690000000000026
2026-07-29 02:00:00+00:00,82.267,84.914,-2.6470000000000056
2026-07-29 03:00:00+00:00,82.701,85.356,-2.655000000000001
2026-07-29 04:00:00+00:00,82.058,84.705,-2.6469999999999914
2026-07-29 05:00:00+00:00,82.21,84.747,-2.537000000000006
2026-07-29 06:00:00+00:00,82.081,84.697,-2.6159999999999997
2026-07-29 07:00:00+00:00,82.008,84.683,-2.6750000000000114
2026-07-29 08:00:00+00:00,81.868,84.661,-2.7930000000000064
2026-07-29 09:00:00+00:00,82.141,84.944,-2.8029999999999973
2026-07-29 10:00:00+00:00,83.185,85.923,-2.7379999999999995
2026-07-29 11:00:00+00:00,82.533,85.242,-2.709000000000003
2026-07-29 12:00:00+00:00,84.51,86.859,-2.3489999999999895
2026-07-29 13:00:00+00:00,84.845,87.291,-2.445999999999998
2026-07-29 14:00:00+00:00,85.356,87.949,-2.5930000000000035
2026-07-29 15:00:00+00:00,85.007,87.941,-2.9339999999999975
2026-07-29 16:00:00+00:00,84.598,87.822,-3.2240000000000038
2026-07-29 17:00:00+00:00,84.575,87.813,-3.2379999999999995
2026-07-29 18:00:00+00:00,84.461,87.762,-3.301000000000002
2026-07-29 19:00:00+00:00,84.914,88.244,-3.3299999999999983
2026-07-29 20:00:00+00:00,84.709,88.158,-3.448999999999998
2026-07-29 21:00:00+00:00,84.737,88.119,-3.382000000000005
2026-07-29 22:00:00+00:00,84.468,87.839,-3.370999999999995
2026-07-29 23:00:00+00:00,84.259,87.618,-3.3589999999999947
2026-07-30 00:00:00+00:00,84.575,88.085,-3.509999999999991
2026-07-30 01:00:00+00:00,83.83,87.312,-3.4819999999999993
2026-07-30 02:00:00+00:00,83.48,86.975,-3.4949999999999903
2026-07-30 03:00:00+00:00,83.693,87.202,-3.5090000000000003
2026-07-30 04:00:00+00:00,84.123,87.603,-3.4799999999999898
2026-07-30 05:00:00+00:00,85.245,89.01,-3.7650000000000006
2026-07-30 06:00:00+00:00,85.336,89.183,-3.8470000000000084
2026-07-30 07:00:00+00:00,85.229,88.6,-3.370999999999995
2026-07-30 08:00:00+00:00,84.8,88.261,-3.4609999999999985
2026-07-30 09:00:00+00:00,84.533,88.029,-3.495999999999995
2026-07-30 10:00:00+00:00,83.77,87.337,-3.5670000000000073
2026-07-30 11:00:00+00:00,83.567,87.113,-3.5460000000000065
2026-07-30 12:00:00+00:00,84.475,87.589,-3.1140000000000043
2026-07-30 13:00:00+00:00,83.746,86.852,-3.1060000000000088
2026-07-30 14:00:00+00:00,84.202,87.2,-2.9980000000000047
2026-07-30 15:00:00+00:00,84.036,87.064,-3.0279999999999916
2026-07-30 16:00:00+00:00,84.116,87.175,-3.0589999999999975
2026-07-30 17:00:00+00:00,84.061,87.091,-3.029999999999987
2026-07-30 18:00:00+00:00,83.554,86.819,-3.2650000000000006
2026-07-30 19:00:00+00:00,83.641,86.95,-3.3089999999999975
2026-07-30 20:00:00+00:00,83.94,87.217,-3.277000000000001
2026-07-30 21:00:00+00:00,83.886,87.104,-3.2180000000000035
2026-07-30 22:00:00+00:00,84.059,87.258,-3.198999999999998
2026-07-30 23:00:00+00:00,84.048,87.331,-3.2830000000000013
2026-07-31 00:00:00+00:00,83.567,86.844,-3.277000000000001
2026-07-31 01:00:00+00:00,82.498,85.948,-3.4499999999999886
2026-07-31 02:00:00+00:00,82.301,85.804,-3.503
2026-07-31 03:00:00+00:00,82.335,85.806,-3.4710000000000036
2026-07-31 04:00:00+00:00,81.672,85.081,-3.409000000000006
2026-07-31 05:00:00+00:00,81.672,85.099,-3.4270000000000067
2026-07-31 06:00:00+00:00,82.012,85.483,-3.4710000000000036
2026-07-31 07:00:00+00:00,82.209,85.732,-3.522999999999996
2026-07-31 08:00:00+00:00,82.573,86.037,-3.464000000000013
2026-07-31 09:00:00+00:00,83.711,87.293,-3.582000000000008
2026-07-31 10:00:00+00:00,84.256,87.7,-3.4440000000000026
2026-07-31 11:00:00+00:00,84.827,88.357,-3.530000000000001
2026-07-31 12:00:00+00:00,85.795,88.698,-2.9029999999999916
2026-07-31 13:00:00+00:00,85.481,88.543,-3.062000000000012
2026-07-31 14:00:00+00:00,85.754,88.623,-2.8689999999999998
2026-07-31 15:00:00+00:00,84.066,87.243,-3.1769999999999925
2026-07-31 16:00:00+00:00,84.674,87.747,-3.0729999999999933
2026-07-31 17:00:00+00:00,84.7,87.958,-3.2579999999999956
2026-07-31 18:00:00+00:00,84.602,87.899,-3.296999999999997
2026-07-31 19:00:00+00:00,84.733,88.15,-3.4170000000000016
2026-07-31 20:00:00+00:00,86.802,90.223,-3.4209999999999923
2026-07-31 21:00:00+00:00,87.669,91.073,-3.4039999999999964
2026-07-31 22:00:00+00:00,87.39,90.836,-3.445999999999998
2026-07-31 23:00:00+00:00,87.35,90.924,-3.5740000000000123
2026-08-01 00:00:00+00:00,86.9,90.454,-3.553999999999988
2026-08-01 01:00:00+00:00,86.648,90.234,-3.5859999999999985
2026-08-01 02:00:00+00:00,86.772,90.259,-3.4869999999999948
2026-08-01 03:00:00+00:00,86.998,90.52,-3.5219999999999914
2026-08-01 04:00:00+00:00,86.722,90.267,-3.5450000000000017
2026-08-01 05:00:00+00:00,86.498,90.008,-3.509999999999991
2026-08-01 06:00:00+00:00,86.4,89.926,-3.5259999999999962
2026-08-01 07:00:00+00:00,86.446,89.987,-3.540999999999997
2026-08-01 08:00:00+00:00,86.582,90.176,-3.5940000000000083
2026-08-01 09:00:00+00:00,86.551,89.987,-3.435999999999993
2026-08-01 10:00:00+00:00,86.682,90.143,-3.4609999999999985
2026-08-01 11:00:00+00:00,86.855,90.417,-3.5619999999999976
2026-08-01 12:00:00+00:00,86.917,90.439,-3.5219999999999914
2026-08-01 13:00:00+00:00,86.678,90.197,-3.5190000000000055
2026-08-01 14:00:00+00:00,86.669,90.154,-3.4849999999999994
2026-08-01 15:00:00+00:00,86.811,90.23,-3.418999999999997
2026-08-01 16:00:00+00:00,87.33,90.747,-3.4170000000000016
2026-08-01 17:00:00+00:00,87.484,90.922,-3.4380000000000024
2026-08-01 18:00:00+00:00,87.609,91.078,-3.4690000000000083
2026-08-01 19:00:00+00:00,87.828,91.343,-3.5150000000000006
2026-08-01 20:00:00+00:00,87.543,91.072,-3.5289999999999964
2026-08-01 21:00:00+00:00,86.769,90.087,-3.317999999999998
2026-08-01 22:00:00+00:00,86.801,90.123,-3.3220000000000027
2026-08-01 23:00:00+00:00,86.612,89.981,-3.3689999999999998
2026-08-02 00:00:00+00:00,86.107,89.504,-3.3970000000000056
2026-08-02 01:00:00+00:00,85.576,88.869,-3.2930000000000064
2026-08-02 02:00:00+00:00,82.461,85.729,-3.2680000000000007
2026-08-02 03:00:00+00:00,81.611,84.526,-2.914999999999992
2026-08-02 04:00:00+00:00,81.244,84.138,-2.8940000000000055
2026-08-02 05:00:00+00:00,81.264,84.228,-2.9639999999999986
2026-08-02 06:00:00+00:00,81.236,84.201,-2.964999999999989
2026-08-02 07:00:00+00:00,81.005,83.814,-2.8089999999999975
2026-08-02 08:00:00+00:00,81.157,84.061,-2.9040000000000106
2026-08-02 09:00:00+00:00,81.271,84.15,-2.879000000000005
2026-08-02 10:00:00+00:00,81.7,84.625,-2.924999999999997
2026-08-02 11:00:00+00:00,82.305,85.178,-2.8729999999999905
2026-08-02 12:00:00+00:00,81.748,84.582,-2.833999999999989
2026-08-02 13:00:00+00:00,81.442,84.419,-2.977000000000004
2026-08-02 14:00:00+00:00,81.286,84.223,-2.9369999999999976
2026-08-02 15:00:00+00:00,81.484,84.51,-3.0260000000000105
2026-08-02 16:00:00+00:00,80.966,84.016,-3.0500000000000114
2026-08-02 17:00:00+00:00,80.9,83.928,-3.0279999999999916
2026-08-02 18:00:00+00:00,80.876,83.857,-2.9809999999999945
2026-08-02 19:00:00+00:00,80.825,83.789,-2.9639999999999986
2026-08-02 20:00:00+00:00,81.113,84.045,-2.932000000000002
2026-08-02 21:00:00+00:00,80.437,83.402,-2.9650000000000034
2026-08-02 22:00:00+00:00,81.23,84.356,-3.1259999999999906
2026-08-02 23:00:00+00:00,80.759,83.897,-3.1380000000000052
2026-08-03 00:00:00+00:00,80.649,83.91,-3.2609999999999957
2026-08-03 01:00:00+00:00,80.15,83.546,-3.396000000000001
2026-08-03 02:00:00+00:00,79.759,83.324,-3.5649999999999977
2026-08-03 03:00:00+00:00,79.786,83.4,-3.6140000000000043
2026-08-03 04:00:00+00:00,79.592,83.264,-3.671999999999997
2026-08-03 05:00:00+00:00,79.696,83.399,-3.703000000000003
2026-08-03 06:00:00+00:00,79.144,82.805,-3.6610000000000014
2026-08-03 07:00:00+00:00,79.713,83.592,-3.879000000000005
2026-08-03 08:00:00+00:00,80.314,84.107,-3.7930000000000064
2026-08-03 09:00:00+00:00,80.06,83.994,-3.9339999999999975
2026-08-03 10:00:00+00:00,79.542,83.521,-3.978999999999999
2026-08-03 11:00:00+00:00,79.099,82.871,-3.7719999999999914
2026-08-03 12:00:00+00:00,79.0,82.958,-3.9579999999999984
2026-08-03 13:00:00+00:00,79.154,83.191,-4.037000000000006
2026-08-03 14:00:00+00:00,79.682,83.752,-4.069999999999993
2026-08-03 15:00:00+00:00,79.681,83.821,-4.140000000000001
2026-08-03 16:00:00+00:00,79.629,83.5,-3.870999999999995
2026-08-03 17:00:00+00:00,80.025,83.65,-3.625
2026-08-03 18:00:00+00:00,80.384,83.855,-3.4710000000000036
2026-08-03 19:00:00+00:00,80.17,83.692,-3.5219999999999914
2026-08-03 20:00:00+00:00,80.025,83.563,-3.5379999999999967
2026-08-03 21:00:00+00:00,80.021,83.615,-3.593999999999994
2026-08-03 22:00:00+00:00,80.152,83.674,-3.5220000000000056
2026-08-03 23:00:00+00:00,80.298,83.903,-3.605000000000004
2026-08-04 00:00:00+00:00,81.032,84.495,-3.463000000000008
2026-08-04 01:00:00+00:00,80.965,84.52,-3.5549999999999926
2026-08-04 02:00:00+00:00,81.139,84.863,-3.7240000000000038
2026-08-04 03:00:00+00:00,81.195,84.981,-3.7860000000000014
2026-08-04 04:00:00+00:00,81.212,84.97,-3.7579999999999956
2026-08-04 05:00:00+00:00,80.896,84.776,-3.8799999999999955
2026-08-04 06:00:00+00:00,80.417,84.424,-4.007000000000005
2026-08-04 07:00:00+00:00,80.742,84.827,-4.084999999999994
2026-08-04 08:00:00+00:00,82.123,86.088,-3.964999999999989
2026-08-04 09:00:00+00:00,81.888,85.833,-3.944999999999993
2026-08-04 10:00:00+00:00,80.796,84.657,-3.86099999999999
2026-08-04 11:00:00+00:00,76.655,80.515,-3.8599999999999994
2026-08-04 12:00:00+00:00,77.489,81.411,-3.921999999999997
2026-08-04 13:00:00+00:00,75.969,79.788,-3.8190000000000026
2026-08-04 14:00:00+00:00,76.879,80.508,-3.6289999999999907
2026-08-04 15:00:00+00:00,75.72,79.209,-3.4890000000000043
2026-08-04 16:00:00+00:00,76.171,79.652,-3.4809999999999945
2026-08-04 17:00:00+00:00,75.848,79.33,-3.4819999999999993
2026-08-04 18:00:00+00:00,75.79,79.405,-3.614999999999995
2026-08-04 19:00:00+00:00,75.784,79.345,-3.560999999999993
2026-08-04 20:00:00+00:00,75.144,78.709,-3.5649999999999977
2026-08-04 21:00:00+00:00,75.285,78.748,-3.463000000000008
2026-08-04 22:00:00+00:00,75.371,78.901,-3.530000000000001
2026-08-04 23:00:00+00:00,75.258,78.824,-3.5660000000000025
2026-08-05 00:00:00+00:00,75.403,79.114,-3.7109999999999985
2026-08-05 01:00:00+00:00,75.95,79.712,-3.7620000000000005
2026-08-05 02:00:00+00:00,74.701,78.532,-3.831000000000003
2026-08-05 03:00:00+00:00,74.509,78.298,-3.7890000000000015
2026-08-05 04:00:00+00:00,75.147,78.854,-3.7069999999999936
2026-08-05 05:00:00+00:00,75.036,78.788,-3.7519999999999953
2026-08-05 06:00:00+00:00,75.014,78.929,-3.9150000000000063
2026-08-05 07:00:00+00:00,76.014,80.029,-4.015000000000001
2026-08-05 08:00:00+00:00,76.214,80.3,-4.0859999999999985
2026-08-05 09:00:00+00:00,76.527,80.694,-4.167000000000002
2026-08-05 10:00:00+00:00,76.22,80.477,-4.257000000000005
2026-08-05 11:00:00+00:00,76.022,80.05,-4.027999999999992
2026-08-05 12:00:00+00:00,76.494,80.618,-4.123999999999995
2026-08-05 13:00:00+00:00,75.495,79.555,-4.060000000000002
2026-08-05 14:00:00+00:00,75.127,78.981,-3.853999999999999
2026-08-05 15:00:00+00:00,75.563,79.535,-3.971999999999994
2026-08-05 16:00:00+00:00,74.908,78.978,-4.069999999999993
2026-08-05 17:00:00+00:00,74.835,79.08,-4.2450000000000045
2026-08-05 18:00:00+00:00,75.278,79.518,-4.239999999999995
2026-08-05 19:00:00+00:00,75.121,79.39,-4.2690000000000055
2026-08-05 20:00:00+00:00,75.06,79.354,-4.293999999999997
2026-08-05 21:00:00+00:00,75.095,79.482,-4.3870000000000005
2026-08-05 22:00:00+00:00,75.057,79.295,-4.2379999999999995
2026-08-05 23:00:00+00:00,74.866,79.182,-4.3160000000000025
2026-08-06 00:00:00+00:00,74.903,79.224,-4.320999999999998
2026-08-06 01:00:00+00:00,75.703,79.983,-4.280000000000001
2026-08-06 02:00:00+00:00,75.461,79.778,-4.317000000000007
2026-08-06 03:00:00+00:00,74.928,79.201,-4.272999999999996
2026-08-06 04:00:00+00:00,74.792,79.078,-4.286000000000001
2026-08-06 05:00:00+00:00,74.832,79.174,-4.342000000000013
2026-08-06 06:00:00+00:00,75.228,79.586,-4.358000000000004
2026-08-06 07:00:00+00:00,75.359,79.762,-4.403000000000006
2026-08-06 08:00:00+00:00,75.133,79.484,-4.350999999999999
2026-08-06 09:00:00+00:00,75.111,79.387,-4.275999999999996
2026-08-06 10:00:00+00:00,75.828,80.248,-4.420000000000002
2026-08-06 11:00:00+00:00,75.624,80.084,-4.460000000000008
2026-08-06 12:00:00+00:00,76.156,80.664,-4.507999999999996
2026-08-06 13:00:00+00:00,76.069,80.831,-4.7620000000000005
2026-08-06 14:00:00+00:00,76.52,81.057,-4.537000000000006
2026-08-06 15:00:00+00:00,77.716,82.362,-4.646000000000001
2026-08-06 16:00:00+00:00,77.825,82.71,-4.884999999999991
2026-08-06 17:00:00+00:00,77.27,82.229,-4.959000000000003
2026-08-06 18:00:00+00:00,77.41,82.444,-5.034000000000006
2026-08-06 19:00:00+00:00,77.613,82.785,-5.171999999999997
2026-08-06 20:00:00+00:00,78.16,83.345,-5.185000000000002
2026-08-06 21:00:00+00:00,78.15,83.182,-5.0319999999999965
2026-08-06 22:00:00+00:00,78.054,83.28,-5.225999999999999
2026-08-06 23:00:00+00:00,77.961,83.118,-5.1569999999999965
2026-08-07 00:00:00+00:00,77.849,83.066,-5.216999999999999
2026-08-07 01:00:00+00:00,77.851,83.042,-5.1910000000000025
2026-08-07 02:00:00+00:00,77.944,83.158,-5.213999999999999
2026-08-07 03:00:00+00:00,77.957,83.283,-5.326000000000008
2026-08-07 04:00:00+00:00,78.195,83.567,-5.372
2026-08-07 05:00:00+00:00,77.962,83.336,-5.373999999999995
2026-08-07 06:00:00+00:00,77.735,83.166,-5.430999999999997
2026-08-07 07:00:00+00:00,77.64,83.048,-5.408000000000001
2026-08-07 08:00:00+00:00,77.572,82.788,-5.215999999999994
2026-08-07 09:00:00+00:00,77.103,82.071,-4.9680000000000035
2026-08-07 10:00:00+00:00,76.636,81.66,-5.024000000000001
2026-08-07 11:00:00+00:00,76.588,81.616,-5.028000000000006
2026-08-07 12:00:00+00:00,76.554,81.438,-4.884
2026-08-07 13:00:00+00:00,77.145,82.098,-4.953000000000003
2026-08-07 14:00:00+00:00,77.916,82.807,-4.891000000000005
2026-08-07 15:00:00+00:00,78.23,83.413,-5.182999999999993
2026-08-07 16:00:00+00:00,78.153,83.276,-5.1229999999999905
2026-08-07 17:00:00+00:00,77.833,83.048,-5.215000000000003
2026-08-07 18:00:00+00:00,77.87,83.004,-5.134
2026-08-07 19:00:00+00:00,76.815,81.752,-4.936999999999998
2026-08-07 20:00:00+00:00,76.892,81.826,-4.9339999999999975
2026-08-07 21:00:00+00:00,76.5,81.646,-5.146000000000001
2026-08-07 22:00:00+00:00,76.68,81.626,-4.945999999999998
2026-08-07 23:00:00+00:00,76.679,81.637,-4.957999999999998
2026-08-08 00:00:00+00:00,76.617,81.604,-4.986999999999995
2026-08-08 01:00:00+00:00,76.614,81.65,-5.036000000000001
2026-08-08 02:00:00+00:00,76.727,81.875,-5.147999999999996
2026-08-08 03:00:00+00:00,76.717,81.757,-5.040000000000006
2026-08-08 04:00:00+00:00,76.701,81.75,-5.049000000000007
2026-08-08 05:00:00+00:00,76.684,81.735,-5.051000000000002
2026-08-08 06:00:00+00:00,76.653,81.669,-5.015999999999991
2026-08-08 07:00:00+00:00,76.676,81.743,-5.066999999999993
2026-08-08 08:00:00+00:00,76.7,81.735,-5.034999999999997
2026-08-08 09:00:00+00:00,76.656,81.726,-5.069999999999993
2026-08-08 10:00:00+00:00,77.039,82.03,-4.991
2026-08-08 11:00:00+00:00,76.931,81.901,-4.969999999999999
2026-08-08 12:00:00+00:00,77.0,81.971,-4.971000000000004
2026-08-08 13:00:00+00:00,77.282,82.258,-4.975999999999999
2026-08-08 14:00:00+00:00,76.773,81.862,-5.088999999999999
2026-08-08 15:00:00+00:00,76.75,81.805,-5.055000000000007
2026-08-08 16:00:00+00:00,76.963,81.98,-5.01700000000001
2026-08-08 17:00:00+00:00,77.256,82.241,-4.984999999999999
2026-08-08 18:00:00+00:00,77.296,82.343,-5.046999999999997
2026-08-08 19:00:00+00:00,77.325,82.427,-5.102000000000004
2026-08-08 20:00:00+00:00,77.262,82.359,-5.096999999999994
2026-08-08 21:00:00+00:00,77.2,82.29,-5.090000000000003
2026-08-08 22:00:00+00:00,77.232,82.212,-4.980000000000004
2026-08-08 23:00:00+00:00,77.188,82.284,-5.096000000000004
2026-08-09 00:00:00+00:00,77.069,82.187,-5.117999999999995
2026-08-09 01:00:00+00:00,77.404,82.402,-4.998000000000005
2026-08-09 02:00:00+00:00,77.365,82.42,-5.055000000000007
2026-08-09 03:00:00+00:00,77.41,82.55,-5.140000000000001
2026-08-09 04:00:00+00:00,77.685,82.855,-5.170000000000002
2026-08-09 05:00:00+00:00,77.636,82.837,-5.201000000000008
2026-08-09 06:00:00+00:00,77.75,82.864,-5.114000000000004
2026-08-09 07:00:00+00:00,77.629,82.693,-5.063999999999993
2026-08-09 08:00:00+00:00,77.702,82.718,-5.016000000000005
2026-08-09 09:00:00+00:00,77.956,83.032,-5.075999999999993
2026-08-09 10:00:00+00:00,77.942,82.971,-5.029000000000011
2026-08-09 11:00:00+00:00,77.508,82.675,-5.167000000000002
2026-08-09 12:00:00+00:00,77.271,82.422,-5.150999999999996
2026-08-09 13:00:00+00:00,77.295,82.356,-5.060999999999993
2026-08-09 14:00:00+00:00,77.308,82.409,-5.100999999999999
2026-08-09 15:00:00+00:00,77.319,82.473,-5.153999999999996
2026-08-09 16:00:00+00:00,77.012,82.042,-5.030000000000001
2026-08-09 17:00:00+00:00,77.096,82.202,-5.1059999999999945
2026-08-09 18:00:00+00:00,77.713,82.758,-5.045000000000002
2026-08-09 19:00:00+00:00,77.635,82.663,-5.027999999999992
2026-08-09 20:00:00+00:00,77.784,82.711,-4.9269999999999925
2026-08-09 21:00:00+00:00,78.474,83.383,-4.908999999999992
2026-08-09 22:00:00+00:00,78.609,83.888,-5.279000000000011
2026-08-09 23:00:00+00:00,78.581,83.868,-5.286999999999992
2026-08-10 00:00:00+00:00,78.39,83.696,-5.305999999999997
2026-08-10 01:00:00+00:00,78.605,83.903,-5.298000000000002
2026-08-10 02:00:00+00:00,78.542,83.856,-5.313999999999993
2026-08-10 03:00:00+00:00,78.493,83.78,-5.287000000000006
2026-08-10 04:00:00+00:00,78.143,83.371,-5.227999999999994
2026-08-10 05:00:00+00:00,77.51,82.751,-5.241
2026-08-10 06:00:00+00:00,77.634,82.876,-5.242000000000004
2026-08-10 07:00:00+00:00,77.912,83.183,-5.271000000000001
2026-08-10 08:00:00+00:00,78.814,84.006,-5.192000000000007
2026-08-10 09:00:00+00:00,78.665,83.911,-5.245999999999995
2026-08-10 10:00:00+00:00,79.067,84.298,-5.231000000000009
2026-08-10 11:00:00+00:00,79.242,84.356,-5.11399999999999
2026-08-10 12:00:00+00:00,79.353,84.506,-5.153000000000006
2026-08-10 13:00:00+00:00,80.438,85.6,-5.161999999999992
2026-08-10 14:00:00+00:00,80.373,85.508,-5.134999999999991
2026-08-10 15:00:00+00:00,80.632,85.936,-5.304000000000002
2026-08-10 16:00:00+00:00,81.06,86.392,-5.331999999999994
2026-08-10 17:00:00+00:00,81.545,86.846,-5.301000000000002
2026-08-10 18:00:00+00:00,81.463,86.631,-5.168000000000006
2026-08-10 19:00:00+00:00,81.666,86.852,-5.186000000000007
2026-08-10 20:00:00+00:00,81.82,86.974,-5.154000000000011
2026-08-10 21:00:00+00:00,81.745,86.932,-5.186999999999998
2026-08-10 22:00:00+00:00,81.599,86.764,-5.164999999999992
2026-08-10 23:00:00+00:00,81.596,86.758,-5.161999999999992
2026-08-11 00:00:00+00:00,81.679,86.808,-5.129000000000005
2026-08-11 01:00:00+00:00,81.889,86.974,-5.085000000000008
2026-08-11 02:00:00+00:00,81.779,86.928,-5.149000000000001
2026-08-11 03:00:00+00:00,81.558,86.698,-5.139999999999986
2026-08-11 04:00:00+00:00,81.716,86.816,-5.1000000000000085
2026-08-11 05:00:00+00:00,81.908,86.965,-5.057000000000002
2026-08-11 06:00:00+00:00,82.866,87.973,-5.106999999999999
2026-08-11 07:00:00+00:00,83.382,88.52,-5.137999999999991
2026-08-11 08:00:00+00:00,83.822,88.781,-4.959000000000003
2026-08-11 09:00:00+00:00,83.565,88.536,-4.971000000000004
2026-08-11 10:00:00+00:00,82.788,87.786,-4.998000000000005
2026-08-11 11:00:00+00:00,81.506,86.5,-4.994
2026-08-11 12:00:00+00:00,81.875,86.851,-4.975999999999999
2026-08-11 13:00:00+00:00,81.0,86.015,-5.015000000000001
2026-08-11 14:00:00+00:00,81.859,87.068,-5.209000000000003
2026-08-11 15:00:00+00:00,82.503,87.584,-5.081000000000003
2026-08-11 16:00:00+00:00,82.358,87.388,-5.030000000000001
2026-08-11 17:00:00+00:00,82.551,87.55,-4.998999999999995
2026-08-11 18:00:00+00:00,82.372,87.46,-5.087999999999994
2026-08-11 19:00:00+00:00,82.635,87.725,-5.089999999999989
2026-08-11 20:00:00+00:00,82.429,87.48,-5.051000000000002
2026-08-11 21:00:00+00:00,82.615,87.757,-5.14200000000001
2026-08-11 22:00:00+00:00,82.613,87.651,-5.037999999999997
2026-08-11 23:00:00+00:00,82.531,87.556,-5.0249999999999915
2026-08-12 00:00:00+00:00,82.911,87.911,-5.0
2026-08-12 01:00:00+00:00,82.875,87.817,-4.941999999999993
2026-08-12 02:00:00+00:00,83.113,88.061,-4.9480000000000075
2026-08-12 03:00:00+00:00,83.352,88.345,-4.992999999999995
2026-08-12 04:00:00+00:00,82.759,87.744,-4.984999999999999
2026-08-12 05:00:00+00:00,83.066,88.029,-4.962999999999994
2026-08-12 06:00:00+00:00,82.762,87.708,-4.945999999999998
2026-08-12 07:00:00+00:00,82.815,87.802,-4.987000000000009
2026-08-12 08:00:00+00:00,82.591,87.581,-4.990000000000009
2026-08-12 09:00:00+00:00,82.047,87.002,-4.954999999999998
2026-08-12 10:00:00+00:00,82.41,87.329,-4.918999999999997
2026-08-12 11:00:00+00:00,82.695,87.516,-4.821000000000012
2026-08-12 12:00:00+00:00,81.993,86.8,-4.807000000000002
2026-08-12 13:00:00+00:00,81.734,86.698,-4.963999999999999
2026-08-12 14:00:00+00:00,81.982,86.918,-4.936000000000007
2026-08-12 15:00:00+00:00,82.257,87.107,-4.849999999999994
2026-08-12 16:00:00+00:00,81.948,86.847,-4.899000000000001
2026-08-12 17:00:00+00:00,82.232,87.156,-4.924000000000007
2026-08-12 18:00:00+00:00,82.364,87.24,-4.875999999999991
2026-08-12 19:00:00+00:00,82.175,87.124,-4.948999999999998
2026-08-12 20:00:00+00:00,81.752,86.663,-4.911000000000001
2026-08-12 21:00:00+00:00,81.888,86.76,-4.872
2026-08-12 22:00:00+00:00,81.821,86.656,-4.835000000000008
2026-08-12 23:00:00+00:00,81.799,86.689,-4.889999999999986
2026-08-13 00:00:00+00:00,81.207,86.079,-4.872
2026-08-13 01:00:00+00:00,81.313,86.179,-4.866
2026-08-13 02:00:00+00:00,81.354,86.174,-4.820000000000007
2026-08-13 03:00:00+00:00,81.698,86.598,-4.900000000000006
2026-08-13 04:00:00+00:00,82.058,86.885,-4.826999999999998
2026-08-13 05:00:00+00:00,82.136,86.937,-4.801000000000002
2026-08-13 06:00:00+00:00,81.798,86.549,-4.751000000000005
2026-08-13 07:00:00+00:00,81.28,86.185,-4.905000000000001
2026-08-13 08:00:00+00:00,80.873,85.721,-4.847999999999999
2026-08-13 09:00:00+00:00,80.92,85.634,-4.713999999999999
2026-08-13 10:00:00+00:00,80.559,85.418,-4.859000000000009
2026-08-13 11:00:00+00:00,80.754,85.654,-4.8999999999999915
2026-08-13 12:00:00+00:00,80.434,85.287,-4.853000000000009
2026-08-13 13:00:00+00:00,79.816,84.674,-4.858000000000004
2026-08-13 14:00:00+00:00,80.4,85.214,-4.813999999999993
2026-08-13 15:00:00+00:00,81.659,86.475,-4.815999999999988
2026-08-13 16:00:00+00:00,81.125,85.864,-4.739000000000004
2026-08-13 17:00:00+00:00,81.055,85.828,-4.772999999999996
2026-08-13 18:00:00+00:00,80.408,85.186,-4.778000000000006
2026-08-13 19:00:00+00:00,80.532,85.283,-4.751000000000005
2026-08-13 20:00:00+00:00,80.409,85.135,-4.725999999999999
2026-08-13 21:00:00+00:00,80.462,85.201,-4.73899999999999
2026-08-13 22:00:00+00:00,80.331,85.026,-4.694999999999993
2026-08-13 23:00:00+00:00,80.534,85.229,-4.694999999999993
2026-08-14 00:00:00+00:00,80.286,85.053,-4.766999999999996
2026-08-14 01:00:00+00:00,80.18,85.007,-4.826999999999998
2026-08-14 02:00:00+00:00,80.519,85.338,-4.818999999999988
2026-08-14 03:00:00+00:00,80.516,85.292,-4.775999999999996
2026-08-14 04:00:00+00:00,80.51,85.306,-4.795999999999992
2026-08-14 05:00:00+00:00,81.111,85.919,-4.807999999999993
2026-08-14 06:00:00+00:00,81.27,86.003,-4.733000000000004
2026-08-14 07:00:00+00:00,81.908,86.604,-4.695999999999998
2026-08-14 08:00:00+00:00,81.469,85.972,-4.503
2026-08-14 09:00:00+00:00,80.994,85.489,-4.4950000000000045
2026-08-14 10:00:00+00:00,80.397,85.019,-4.622
2026-08-14 11:00:00+00:00,80.494,85.132,-4.638000000000005
2026-08-14 12:00:00+00:00,80.224,85.005,-4.780999999999992
2026-08-14 13:00:00+00:00,80.315,85.262,-4.947000000000003
2026-08-14 14:00:00+00:00,80.915,85.826,-4.910999999999987
2026-08-14 15:00:00+00:00,80.861,85.82,-4.958999999999989
2026-08-14 16:00:00+00:00,81.103,86.028,-4.925000000000011
2026-08-14 17:00:00+00:00,81.373,86.324,-4.950999999999993
2026-08-14 18:00:00+00:00,81.513,86.513,-5.0
2026-08-14 19:00:00+00:00,81.485,86.478,-4.992999999999995
2026-08-14 20:00:00+00:00,81.491,86.573,-5.081999999999994
2026-08-14 21:00:00+00:00,81.472,86.495,-5.02300000000001
2026-08-14 22:00:00+00:00,81.549,86.606,-5.056999999999988
2026-08-14 23:00:00+00:00,81.645,86.766,-5.121000000000009
2026-08-15 00:00:00+00:00,81.553,86.622,-5.069000000000003
2026-08-15 01:00:00+00:00,81.296,86.386,-5.089999999999989
2026-08-15 02:00:00+00:00,81.357,86.34,-4.983000000000004
2026-08-15 03:00:00+00:00,81.48,86.455,-4.974999999999994
2026-08-15 04:00:00+00:00,81.543,86.54,-4.997
2026-08-15 05:00:00+00:00,81.648,86.635,-4.987000000000009
2026-08-15 06:00:00+00:00,81.292,86.276,-4.983999999999995
2026-08-15 07:00:00+00:00,80.747,85.676,-4.929000000000002
2026-08-15 08:00:00+00:00,80.649,85.538,-4.888999999999996
2026-08-15 09:00:00+00:00,80.796,85.673,-4.876999999999995
2026-08-15 10:00:00+00:00,80.666,85.496,-4.829999999999998
2026-08-15 11:00:00+00:00,81.118,85.986,-4.868000000000009
2026-08-15 12:00:00+00:00,81.021,85.933,-4.912000000000006
2026-08-15 13:00:00+00:00,81.047,85.903,-4.856000000000009
2026-08-15 14:00:00+00:00,80.944,85.917,-4.972999999999999
2026-08-15 15:00:00+00:00,80.956,85.973,-5.016999999999996
2026-08-15 16:00:00+00:00,80.95,85.893,-4.942999999999998
2026-08-15 17:00:00+00:00,81.097,86.004,-4.907000000000011
2026-08-15 18:00:00+00:00,81.206,86.215,-5.009
2026-08-15 19:00:00+00:00,81.428,86.445,-5.016999999999996
2026-08-15 20:00:00+00:00,81.145,86.162,-5.01700000000001
2026-08-15 21:00:00+00:00,81.041,86.041,-5.0
2026-08-15 22:00:00+00:00,81.083,86.075,-4.992000000000004
2026-08-15 23:00:00+00:00,81.035,86.103,-5.067999999999998
2026-08-16 00:00:00+00:00,81.101,86.148,-5.046999999999997
2026-08-16 01:00:00+00:00,81.315,86.39,-5.075000000000003
2026-08-16 02:00:00+00:00,81.189,86.264,-5.075000000000003
2026-08-16 03:00:00+00:00,81.241,86.273,-5.0319999999999965
2026-08-16 04:00:00+00:00,81.173,86.184,-5.010999999999996
2026-08-16 05:00:00+00:00,81.22,86.207,-4.986999999999995
2026-08-16 06:00:00+00:00,81.171,86.193,-5.021999999999991
2026-08-16 07:00:00+00:00,81.241,86.228,-4.986999999999995
2026-08-16 08:00:00+00:00,81.349,86.33,-4.9809999999999945
2026-08-16 09:00:00+00:00,81.253,86.21,-4.956999999999994
2026-08-16 10:00:00+00:00,81.2,86.167,-4.966999999999999
2026-08-16 11:00:00+00:00,81.224,86.196,-4.971999999999994
2026-08-16 12:00:00+00:00,81.23,86.259,-5.028999999999996
2026-08-16 13:00:00+00:00,81.126,86.148,-5.021999999999991
2026-08-16 14:00:00+00:00,81.099,86.124,-5.0249999999999915
2026-08-16 15:00:00+00:00,81.263,86.241,-4.977999999999994
2026-08-16 16:00:00+00:00,81.168,86.17,-5.001999999999995
2026-08-16 17:00:00+00:00,81.291,86.278,-4.987000000000009
2026-08-16 18:00:00+00:00,81.48,86.506,-5.025999999999996
2026-08-16 19:00:00+00:00,81.48,86.487,-5.006999999999991
2026-08-16 20:00:00+00:00,81.508,86.453,-4.945000000000007
2026-08-16 21:00:00+00:00,81.492,86.525,-5.033000000000001
2026-08-16 22:00:00+00:00,81.525,86.503,-4.977999999999994
2026-08-16 23:00:00+00:00,81.527,86.545,-5.018000000000001
2026-08-17 00:00:00+00:00,81.113,86.168,-5.055000000000007
2026-08-17 01:00:00+00:00,81.761,86.833,-5.072000000000003
2026-08-17 02:00:00+00:00,81.628,86.735,-5.106999999999999
2026-08-17 03:00:00+00:00,81.37,86.476,-5.1059999999999945
2026-08-17 04:00:00+00:00,81.323,86.431,-5.108000000000004
2026-08-17 05:00:00+00:00,81.099,86.204,-5.10499999999999
2026-08-17 06:00:00+00:00,81.138,86.356,-5.217999999999989
2026-08-17 07:00:00+00:00,81.254,86.525,-5.271000000000001
2026-08-17 08:00:00+00:00,81.705,86.959,-5.254000000000005
2026-08-17 09:00:00+00:00,82.145,87.265,-5.1200000000000045
2026-08-17 10:00:00+00:00,82.033,87.121,-5.087999999999994
2026-08-17 11:00:00+00:00,81.664,86.787,-5.123000000000005
2026-08-17 12:00:00+00:00,82.195,87.344,-5.149000000000001
2026-08-17 13:00:00+00:00,81.801,87.036,-5.234999999999999
2026-08-17 14:00:00+00:00,81.395,86.738,-5.3430000000000035
2026-08-17 15:00:00+00:00,82.058,87.269,-5.2109999999999985
2026-08-17 16:00:00+00:00,82.168,87.487,-5.318999999999988
2026-08-17 17:00:00+00:00,83.956,89.204,-5.2479999999999905
2026-08-17 18:00:00+00:00,83.482,88.708,-5.225999999999999
2026-08-17 19:00:00+00:00,83.828,89.01,-5.182000000000002
2026-08-17 20:00:00+00:00,84.141,89.248,-5.106999999999999
2026-08-17 21:00:00+00:00,84.16,89.328,-5.168000000000006
2026-08-17 22:00:00+00:00,84.171,89.287,-5.116
2026-08-17 23:00:00+00:00,84.06,89.209,-5.149000000000001
2026-08-18 00:00:00+00:00,83.916,89.059,-5.143000000000001
2026-08-18 01:00:00+00:00,84.094,89.263,-5.169000000000011
2026-08-18 02:00:00+00:00,84.201,89.371,-5.170000000000002
2026-08-18 03:00:00+00:00,84.455,89.601,-5.146000000000001
2026-08-18 04:00:00+00:00,84.319,89.48,-5.161000000000001
2026-08-18 05:00:00+00:00,84.307,89.428,-5.120999999999995
2026-08-18 06:00:00+00:00,84.395,89.508,-5.1129999999999995
2026-08-18 07:00:00+00:00,84.394,89.408,-5.013999999999996
2026-08-18 08:00:00+00:00,84.128,89.21,-5.081999999999994
2026-08-18 09:00:00+00:00,84.051,89.12,-5.069000000000003
2026-08-18 10:00:00+00:00,84.007,89.133,-5.125999999999991
2026-08-18 11:00:00+00:00,84.176,89.373,-5.197000000000003
2026-08-18 12:00:00+00:00,84.405,89.578,-5.173000000000002
2026-08-18 13:00:00+00:00,84.573,89.649,-5.076000000000008
2026-08-18 14:00:00+00:00,84.527,89.833,-5.305999999999997
2026-08-18 15:00:00+00:00,84.744,90.078,-5.334000000000003
2026-08-18 16:00:00+00:00,84.221,89.65,-5.429000000000002
2026-08-18 17:00:00+00:00,84.089,89.486,-5.397000000000006
2026-08-18 18:00:00+00:00,84.127,89.419,-5.292000000000002
2026-08-18 19:00:00+00:00,84.12,89.404,-5.283999999999992
2026-08-18 20:00:00+00:00,84.395,89.676,-5.281000000000006
2026-08-18 21:00:00+00:00,84.32,89.601,-5.281000000000006
2026-08-18 22:00:00+00:00,84.452,89.704,-5.251999999999995
2026-08-18 23:00:00+00:00,84.528,89.771,-5.242999999999995
2026-08-19 00:00:00+00:00,84.761,90.011,-5.25
2026-08-19 01:00:00+00:00,85.018,90.336,-5.317999999999998
2026-08-19 02:00:00+00:00,84.756,90.043,-5.287000000000006
2026-08-19 03:00:00+00:00,84.695,90.048,-5.353000000000009
2026-08-19 04:00:00+00:00,84.612,89.962,-5.3500000000000085
2026-08-19 05:00:00+00:00,84.807,90.126,-5.319000000000003
2026-08-19 06:00:00+00:00,84.56,89.86,-5.299999999999997
2026-08-19 07:00:00+00:00,84.706,90.041,-5.334999999999994
2026-08-19 08:00:00+00:00,84.979,90.285,-5.305999999999997
2026-08-19 09:00:00+00:00,85.049,90.369,-5.319999999999993
2026-08-19 10:00:00+00:00,84.905,90.189,-5.283999999999992
2026-08-19 11:00:00+00:00,84.665,89.928,-5.262999999999991
2026-08-19 12:00:00+00:00,83.966,89.325,-5.359000000000009
2026-08-19 13:00:00+00:00,84.529,89.784,-5.25500000000001
2026-08-19 14:00:00+00:00,84.864,90.1,-5.23599999999999
2026-08-19 15:00:00+00:00,85.203,90.485,-5.2819999999999965
2026-08-19 16:00:00+00:00,85.568,90.703,-5.135000000000005
2026-08-19 17:00:00+00:00,85.131,90.309,-5.177999999999997
2026-08-19 18:00:00+00:00,84.372,89.715,-5.3430000000000035
2026-08-19 19:00:00+00:00,84.245,89.61,-5.364999999999995
2026-08-19 20:00:00+00:00,84.381,89.689,-5.307999999999993
2026-08-19 21:00:00+00:00,84.401,89.688,-5.287000000000006
2026-08-19 22:00:00+00:00,84.534,89.78,-5.245999999999995
2026-08-19 23:00:00+00:00,84.311,89.627,-5.315999999999988
2026-08-20 00:00:00+00:00,84.625,90.004,-5.379000000000005
2026-08-20 01:00:00+00:00,84.789,90.152,-5.3629999999999995
2026-08-20 02:00:00+00:00,84.455,89.848,-5.393000000000001
2026-08-20 03:00:00+00:00,84.454,89.794,-5.340000000000003
2026-08-20 04:00:00+00:00,84.468,89.802,-5.334000000000003
2026-08-20 05:00:00+00:00,84.527,89.846,-5.319000000000003
2026-08-20 06:00:00+00:00,84.883,90.18,-5.297000000000011
2026-08-20 07:00:00+00:00,85.606,90.834,-5.228000000000009
2026-08-20 08:00:00+00:00,86.342,91.587,-5.2450000000000045
2026-08-20 09:00:00+00:00,86.76,91.908,-5.147999999999996
2026-08-20 10:00:00+00:00,86.705,91.813,-5.108000000000004
2026-08-20 11:00:00+00:00,87.193,92.247,-5.054000000000002
2026-08-20 12:00:00+00:00,86.639,91.642,-5.003
2026-08-20 13:00:00+00:00,86.441,91.667,-5.225999999999999
2026-08-20 14:00:00+00:00,86.006,91.17,-5.1640000000000015
2026-08-20 15:00:00+00:00,86.529,91.695,-5.165999999999997
2026-08-20 16:00:00+00:00,86.102,91.345,-5.242999999999995
2026-08-20 17:00:00+00:00,86.521,91.617,-5.096000000000004
2026-08-20 18:00:00+00:00,86.852,91.849,-4.997
2026-08-20 19:00:00+00:00,86.593,91.62,-5.027000000000001
2026-08-20 20:00:00+00:00,86.219,91.383,-5.1640000000000015
2026-08-20 21:00:00+00:00,86.262,91.439,-5.1769999999999925
2026-08-20 22:00:00+00:00,86.282,91.442,-5.159999999999997
2026-08-20 23:00:00+00:00,86.177,91.366,-5.188999999999993
2026-08-21 00:00:00+00:00,86.369,91.54,-5.1710000000000065
2026-08-21 01:00:00+00:00,86.716,91.925,-5.209000000000003
2026-08-21 02:00:00+00:00,86.486,91.765,-5.278999999999996
2026-08-21 03:00:00+00:00,86.458,91.685,-5.227000000000004
2026-08-21 04:00:00+00:00,86.229,91.47,-5.241
2026-08-21 05:00:00+00:00,86.173,91.423,-5.25
2026-08-21 06:00:00+00:00,86.301,91.578,-5.277000000000001
2026-08-21 07:00:00+00:00,86.336,91.661,-5.325000000000003
2026-08-21 08:00:00+00:00,85.905,91.243,-5.337999999999994
2026-08-21 09:00:00+00:00,86.526,91.8,-5.274000000000001
2026-08-21 10:00:00+00:00,87.029,92.1,-5.070999999999998
2026-08-21 11:00:00+00:00,86.885,92.119,-5.233999999999995
2026-08-21 12:00:00+00:00,86.864,92.19,-5.325999999999993
2026-08-21 13:00:00+00:00,86.431,91.943,-5.5120000000000005
2026-08-21 14:00:00+00:00,86.51,92.22,-5.709999999999994
2026-08-21 15:00:00+00:00,86.778,92.421,-5.643000000000001
2026-08-21 16:00:00+00:00,86.901,92.45,-5.549000000000007
2026-08-21 17:00:00+00:00,87.283,92.806,-5.522999999999996
2026-08-21 18:00:00+00:00,86.984,92.473,-5.489000000000004
2026-08-21 19:00:00+00:00,86.607,92.16,-5.552999999999997
2026-08-21 20:00:00+00:00,86.591,92.089,-5.498000000000005
2026-08-21 21:00:00+00:00,86.662,92.244,-5.581999999999994
2026-08-21 22:00:00+00:00,86.81,92.388,-5.578000000000003
2026-08-21 23:00:00+00:00,86.658,92.125,-5.466999999999999
2026-08-22 00:00:00+00:00,86.454,91.973,-5.5190000000000055
2026-08-22 01:00:00+00:00,86.566,92.151,-5.584999999999994
2026-08-22 02:00:00+00:00,86.511,92.124,-5.6129999999999995
2026-08-22 03:00:00+00:00,86.528,92.096,-5.567999999999998
2026-08-22 04:00:00+00:00,86.601,92.168,-5.567000000000007
2026-08-22 05:00:00+00:00,86.948,92.595,-5.647000000000006
2026-08-22 06:00:00+00:00,86.82,92.458,-5.638000000000005
2026-08-22 07:00:00+00:00,86.833,92.423,-5.590000000000003
2026-08-22 08:00:00+00:00,86.804,92.324,-5.519999999999996
2026-08-22 09:00:00+00:00,86.856,92.391,-5.535000000000011
2026-08-22 10:00:00+00:00,86.766,92.316,-5.549999999999997
2026-08-22 11:00:00+00:00,86.769,92.283,-5.513999999999996
2026-08-22 12:00:00+00:00,86.781,92.405,-5.623999999999995
2026-08-22 13:00:00+00:00,86.491,92.085,-5.593999999999994
2026-08-22 14:00:00+00:00,86.379,92.02,-5.640999999999991
2026-08-22 15:00:00+00:00,86.423,92.036,-5.6129999999999995
2026-08-22 16:00:00+00:00,86.475,92.061,-5.586000000000013
2026-08-22 17:00:00+00:00,86.491,92.065,-5.573999999999998
2026-08-22 18:00:00+00:00,86.461,92.052,-5.591000000000008
2026-08-22 19:00:00+00:00,86.572,92.134,-5.561999999999998
2026-08-22 20:00:00+00:00,86.638,92.337,-5.698999999999998
2026-08-22 21:00:00+00:00,86.718,92.422,-5.7039999999999935
2026-08-22 22:00:00+00:00,86.727,92.452,-5.724999999999994
2026-08-22 23:00:00+00:00,86.601,92.309,-5.707999999999998
2026-08-23 00:00:00+00:00,86.597,92.234,-5.6370000000000005
2026-08-23 01:00:00+00:00,86.617,92.22,-5.602999999999994
2026-08-23 02:00:00+00:00,86.593,92.315,-5.721999999999994
2026-08-23 03:00:00+00:00,86.532,92.209,-5.677000000000007
2026-08-23 04:00:00+00:00,86.542,92.236,-5.694000000000003
2026-08-23 05:00:00+00:00,86.551,92.24,-5.688999999999993
2026-08-23 06:00:00+00:00,86.564,92.269,-5.7050000000000125
2026-08-23 07:00:00+00:00,86.6,92.275,-5.675000000000011
2026-08-23 08:00:00+00:00,86.62,92.237,-5.61699999999999
2026-08-23 09:00:00+00:00,86.555,92.187,-5.631999999999991
2026-08-23 10:00:00+00:00,86.59,92.161,-5.570999999999998
2026-08-23 11:00:00+00:00,86.577,92.113,-5.536000000000001
2026-08-23 12:00:00+00:00,86.525,92.155,-5.6299999999999955
2026-08-23 13:00:00+00:00,86.608,92.251,-5.643000000000001
2026-08-23 14:00:00+00:00,86.557,92.258,-5.700999999999993
2026-08-23 15:00:00+00:00,86.529,92.158,-5.629000000000005
2026-08-23 16:00:00+00:00,86.555,92.18,-5.625
2026-08-23 17:00:00+00:00,86.433,92.081,-5.647999999999996
2026-08-23 18:00:00+00:00,86.123,91.655,-5.5319999999999965
2026-08-23 19:00:00+00:00,86.306,91.877,-5.570999999999998
2026-08-23 20:00:00+00:00,86.417,92.015,-5.597999999999999
2026-08-23 21:00:00+00:00,86.565,92.122,-5.557000000000002
2026-08-23 22:00:00+00:00,86.22,91.778,-5.558000000000007
2026-08-23 23:00:00+00:00,85.995,91.625,-5.6299999999999955
2026-08-24 00:00:00+00:00,85.806,91.35,-5.543999999999997
2026-08-24 01:00:00+00:00,85.345,90.87,-5.525000000000006
2026-08-24 02:00:00+00:00,85.662,91.266,-5.603999999999999
2026-08-24 03:00:00+00:00,85.596,91.243,-5.646999999999991
2026-08-24 04:00:00+00:00,85.579,91.289,-5.710000000000008
2026-08-24 05:00:00+00:00,85.535,91.256,-5.721000000000004
2026-08-24 06:00:00+00:00,85.169,90.9,-5.731000000000009
2026-08-24 07:00:00+00:00,85.652,91.428,-5.775999999999996
2026-08-24 08:00:00+00:00,84.946,90.955,-6.009
2026-08-24 09:00:00+00:00,85.121,91.017,-5.896000000000001
2026-08-24 10:00:00+00:00,85.34,91.133,-5.792999999999992
2026-08-24 11:00:00+00:00,85.378,91.195,-5.816999999999993
2026-08-24 12:00:00+00:00,85.538,91.303,-5.765000000000001
2026-08-24 13:00:00+00:00,85.399,91.17,-5.771000000000001
2026-08-24 14:00:00+00:00,85.028,90.828,-5.799999999999997
2026-08-24 15:00:00+00:00,84.791,90.619,-5.828000000000003
2026-08-24 16:00:00+00:00,85.226,90.742,-5.516000000000005
2026-08-24 17:00:00+00:00,84.77,90.281,-5.51100000000001
2026-08-24 18:00:00+00:00,85.163,90.576,-5.412999999999997
2026-08-24 19:00:00+00:00,85.036,90.413,-5.376999999999995
2026-08-24 20:00:00+00:00,84.963,90.359,-5.396000000000001
2026-08-24 21:00:00+00:00,85.008,90.388,-5.38000000000001
2026-08-24 22:00:00+00:00,85.106,90.52,-5.4140000000000015
2026-08-24 23:00:00+00:00,85.2,90.655,-5.454999999999998
2026-08-25 00:00:00+00:00,84.821,90.184,-5.3629999999999995
2026-08-25 01:00:00+00:00,85.488,90.84,-5.352000000000004
2026-08-25 02:00:00+00:00,85.568,90.966,-5.397999999999996
2026-08-25 03:00:00+00:00,85.438,90.823,-5.384999999999991
2026-08-25 04:00:00+00:00,85.088,90.523,-5.435000000000002
2026-08-25 05:00:00+00:00,84.445,89.879,-5.434000000000012
2026-08-25 06:00:00+00:00,84.256,89.7,-5.444000000000003
2026-08-25 07:00:00+00:00,84.55,90.062,-5.5120000000000005
2026-08-25 08:00:00+00:00,82.994,88.591,-5.596999999999994
2026-08-25 09:00:00+00:00,82.111,87.666,-5.554999999999993
2026-08-25 10:00:00+00:00,82.448,88.034,-5.586000000000013
2026-08-25 11:00:00+00:00,81.949,87.573,-5.623999999999995
2026-08-25 12:00:00+00:00,82.205,87.775,-5.570000000000007
2026-08-25 13:00:00+00:00,82.432,88.03,-5.597999999999999
2026-08-25 14:00:00+00:00,82.47,87.867,-5.397000000000006
2026-08-25 15:00:00+00:00,82.04,87.256,-5.215999999999994
2026-08-25 16:00:00+00:00,82.142,87.057,-4.915000000000006
2026-08-25 17:00:00+00:00,82.069,86.964,-4.894999999999996
2026-08-25 18:00:00+00:00,82.254,87.178,-4.923999999999992
2026-08-25 19:00:00+00:00,81.057,86.073,-5.015999999999991
2026-08-25 20:00:00+00:00,81.103,85.871,-4.768000000000001
2026-08-25 21:00:00+00:00,81.139,85.821,-4.682000000000002
2026-08-25 22:00:00+00:00,81.01,85.912,-4.902000000000001
2026-08-25 23:00:00+00:00,80.983,85.901,-4.917999999999992
2026-08-26 00:00:00+00:00,80.717,85.532,-4.814999999999998
2026-08-26 01:00:00+00:00,80.514,85.426,-4.912000000000006
2026-08-26 02:00:00+00:00,80.378,85.324,-4.945999999999998
2026-08-26 03:00:00+00:00,80.263,85.16,-4.896999999999991
2026-08-26 04:00:00+00:00,80.611,85.572,-4.9609999999999985
2026-08-26 05:00:00+00:00,80.746,85.793,-5.047000000000011
2026-08-26 06:00:00+00:00,80.449,85.596,-5.147000000000006
2026-08-26 07:00:00+00:00,79.903,85.024,-5.120999999999995
2026-08-26 08:00:00+00:00,79.858,84.914,-5.055999999999997
2026-08-26 09:00:00+00:00,80.12,85.0,-4.8799999999999955
2026-08-26 10:00:00+00:00,80.226,85.066,-4.840000000000003
2026-08-26 11:00:00+00:00,80.558,85.511,-4.952999999999989
2026-08-26 12:00:00+00:00,80.647,85.667,-5.019999999999996
2026-08-26 13:00:00+00:00,81.503,86.487,-4.983999999999995
2026-08-26 14:00:00+00:00,81.877,86.805,-4.9280000000000115
2026-08-26 15:00:00+00:00,82.8,87.773,-4.972999999999999
2026-08-26 16:00:00+00:00,82.745,87.544,-4.798999999999992
2026-08-26 17:00:00+00:00,82.54,87.248,-4.707999999999998
2026-08-26 18:00:00+00:00,81.988,86.598,-4.609999999999999
2026-08-26 19:00:00+00:00,81.925,86.538,-4.6129999999999995
2026-08-26 20:00:00+00:00,81.902,86.519,-4.617000000000004
2026-08-26 21:00:00+00:00,82.033,86.646,-4.6129999999999995
2026-08-26 22:00:00+00:00,81.797,86.503,-4.706000000000003
2026-08-26 23:00:00+00:00,81.812,86.499,-4.686999999999998
2026-08-27 00:00:00+00:00,81.751,86.45,-4.698999999999998
2026-08-27 01:00:00+00:00,81.639,86.297,-4.658000000000001
2026-08-27 02:00:00+00:00,81.463,86.082,-4.619
2026-08-27 03:00:00+00:00,81.857,86.492,-4.635000000000005
2026-08-27 04:00:00+00:00,81.834,86.483,-4.649000000000001
2026-08-27 05:00:00+00:00,81.437,86.148,-4.7109999999999985
2026-08-27 06:00:00+00:00,81.184,85.907,-4.722999999999999
