timestamp,close_A,close_B,spread
2026-07-06 03:30:00+00:00,68.458,71.729,-3.271000000000001
2026-07-06 03:45:00+00:00,68.474,71.738,-3.263999999999996
2026-07-06 04:00:00+00:00,68.62,71.854,-3.2339999999999947
2026-07-06 04:15:00+00:00,68.652,71.892,-3.239999999999995
2026-07-06 04:30:00+00:00,68.694,71.908,-3.2139999999999986
2026-07-06 04:45:00+00:00,68.664,71.889,-3.2249999999999943
2026-07-06 05:00:00+00:00,68.781,72.013,-3.2319999999999993
2026-07-06 05:15:00+00:00,68.768,72.002,-3.2339999999999947
2026-07-06 05:30:00+00:00,68.854,72.085,-3.2309999999999945
2026-07-06 05:45:00+00:00,68.888,72.116,-3.2279999999999944
2026-07-06 06:00:00+00:00,69.112,72.353,-3.2409999999999997
2026-07-06 06:15:00+00:00,68.958,72.199,-3.2409999999999997
2026-07-06 06:30:00+00:00,68.805,72.072,-3.266999999999996
2026-07-06 06:45:00+00:00,68.808,72.098,-3.289999999999992
2026-07-06 07:00:00+00:00,68.534,71.866,-3.3319999999999936
2026-07-06 07:15:00+00:00,68.615,71.859,-3.2439999999999998
2026-07-06 07:30:00+00:00,68.158,71.431,-3.272999999999996
2026-07-06 07:45:00+00:00,67.952,71.152,-3.200000000000003
2026-07-06 08:00:00+00:00,68.163,71.458,-3.2950000000000017
2026-07-06 08:15:00+00:00,68.138,71.442,-3.303999999999988
2026-07-06 08:30:00+00:00,68.438,71.766,-3.328000000000003
2026-07-06 08:45:00+00:00,68.234,71.585,-3.350999999999999
2026-07-06 09:00:00+00:00,68.455,71.831,-3.3760000000000048
2026-07-06 09:15:00+00:00,68.333,71.698,-3.364999999999995
2026-07-06 09:30:00+00:00,68.46,71.829,-3.3689999999999998
2026-07-06 09:45:00+00:00,68.322,71.614,-3.2920000000000016
2026-07-06 10:00:00+00:00,68.191,71.564,-3.3729999999999905
2026-07-06 10:15:00+00:00,68.325,71.714,-3.388999999999996
2026-07-06 10:30:00+00:00,68.363,71.739,-3.3760000000000048
2026-07-06 10:45:00+00:00,68.613,72.022,-3.409000000000006
2026-07-06 11:00:00+00:00,68.676,72.073,-3.3969999999999914
2026-07-06 11:15:00+00:00,68.591,71.986,-3.3950000000000102
2026-07-06 11:30:00+00:00,68.452,71.86,-3.4080000000000013
2026-07-06 11:45:00+00:00,68.674,72.071,-3.3969999999999914
2026-07-06 12:00:00+00:00,68.609,72.0,-3.3910000000000053
2026-07-06 12:15:00+00:00,68.235,71.654,-3.418999999999997
2026-07-06 12:30:00+00:00,68.388,71.813,-3.424999999999997
2026-07-06 12:45:00+00:00,68.325,71.806,-3.4809999999999945
2026-07-06 13:00:00+00:00,68.54,72.031,-3.4909999999999997
2026-07-06 13:15:00+00:00,68.872,72.306,-3.4339999999999975
2026-07-06 13:30:00+00:00,68.61,72.066,-3.456000000000003
2026-07-06 13:45:00+00:00,68.741,72.194,-3.453000000000003
2026-07-06 14:00:00+00:00,68.674,72.112,-3.437999999999988
2026-07-06 14:15:00+00:00,68.933,72.396,-3.462999999999994
2026-07-06 14:30:00+00:00,69.048,72.545,-3.497
2026-07-06 14:45:00+00:00,68.808,72.266,-3.4579999999999984
2026-07-06 15:00:00+00:00,68.745,72.16,-3.414999999999992
2026-07-06 15:15:00+00:00,68.896,72.291,-3.394999999999996
2026-07-06 15:30:00+00:00,68.772,72.15,-3.378
2026-07-06 15:45:00+00:00,68.76,72.187,-3.4269999999999925
2026-07-06 16:00:00+00:00,68.742,72.196,-3.4539999999999935
2026-07-06 16:15:00+00:00,68.4,71.904,-3.5039999999999907
2026-07-06 16:30:00+00:00,68.363,71.872,-3.5090000000000003
2026-07-06 16:45:00+00:00,68.337,71.857,-3.519999999999996
2026-07-06 17:00:00+00:00,68.325,71.769,-3.4440000000000026
2026-07-06 17:15:00+00:00,68.458,71.9,-3.4420000000000073
2026-07-06 17:30:00+00:00,68.562,72.004,-3.4420000000000073
2026-07-06 17:45:00+00:00,68.561,71.95,-3.388999999999996
2026-07-06 18:00:00+00:00,68.603,72.028,-3.4250000000000114
2026-07-06 18:15:00+00:00,68.6,72.037,-3.437000000000012
2026-07-06 18:30:00+00:00,68.579,72.017,-3.4380000000000024
2026-07-06 18:45:00+00:00,68.585,72.022,-3.437000000000012
2026-07-06 19:00:00+00:00,68.651,72.086,-3.4350000000000023
2026-07-06 19:15:00+00:00,68.749,72.187,-3.4380000000000024
2026-07-06 19:30:00+00:00,68.741,72.174,-3.433000000000007
2026-07-06 19:45:00+00:00,68.721,72.131,-3.4099999999999966
2026-07-06 20:00:00+00:00,68.714,72.144,-3.430000000000007
2026-07-06 20:15:00+00:00,68.719,72.13,-3.4110000000000014
2026-07-06 20:30:00+00:00,68.715,72.139,-3.4239999999999924
2026-07-06 20:45:00+00:00,68.623,72.049,-3.426000000000002
2026-07-06 21:00:00+00:00,68.652,72.08,-3.4279999999999973
2026-07-06 21:15:00+00:00,68.676,72.129,-3.453000000000003
2026-07-06 21:30:00+00:00,68.734,72.136,-3.402000000000001
2026-07-06 21:45:00+00:00,68.725,72.185,-3.460000000000008
2026-07-06 22:00:00+00:00,68.685,72.125,-3.4399999999999977
2026-07-06 22:15:00+00:00,68.717,72.141,-3.4240000000000066
2026-07-06 22:30:00+00:00,68.756,72.16,-3.4039999999999964
2026-07-06 22:45:00+00:00,68.795,72.199,-3.4039999999999964
2026-07-06 23:00:00+00:00,68.752,72.173,-3.4210000000000065
2026-07-06 23:15:00+00:00,68.836,72.248,-3.412000000000006
2026-07-06 23:30:00+00:00,68.837,72.255,-3.417999999999992
2026-07-06 23:45:00+00:00,68.799,72.225,-3.4259999999999877
2026-07-07 00:00:00+00:00,68.931,72.387,-3.456000000000003
2026-07-07 00:15:00+00:00,68.816,72.267,-3.4509999999999934
2026-07-07 00:30:00+00:00,68.9,72.368,-3.4679999999999893
2026-07-07 00:45:00+00:00,68.933,72.396,-3.462999999999994
2026-07-07 01:00:00+00:00,68.765,72.234,-3.468999999999994
2026-07-07 01:15:00+00:00,68.792,72.258,-3.465999999999994
2026-07-07 01:30:00+00:00,68.936,72.407,-3.4709999999999894
2026-07-07 01:45:00+00:00,69.108,72.57,-3.461999999999989
2026-07-07 02:00:00+00:00,69.223,72.687,-3.4639999999999986
2026-07-07 02:15:00+00:00,69.264,72.738,-3.4740000000000038
2026-07-07 02:30:00+00:00,69.125,72.601,-3.475999999999999
2026-07-07 02:45:00+00:00,69.041,72.518,-3.477000000000004
2026-07-07 03:00:00+00:00,69.243,72.716,-3.472999999999999
2026-07-07 03:15:00+00:00,69.098,72.568,-3.469999999999999
2026-07-07 03:30:00+00:00,68.97,72.471,-3.5010000000000048
2026-07-07 03:45:00+00:00,68.992,72.497,-3.5049999999999955
2026-07-07 04:00:00+00:00,69.031,72.54,-3.5090000000000003
2026-07-07 04:15:00+00:00,69.047,72.551,-3.504000000000005
2026-07-07 04:30:00+00:00,69.041,72.539,-3.4980000000000047
2026-07-07 04:45:00+00:00,69.027,72.525,-3.4980000000000047
2026-07-07 05:00:00+00:00,69.136,72.632,-3.4960000000000093
2026-07-07 05:15:00+00:00,69.251,72.727,-3.475999999999999
2026-07-07 05:30:00+00:00,69.24,72.698,-3.4579999999999984
2026-07-07 05:45:00+00:00,69.399,72.9,-3.5010000000000048
2026-07-07 06:00:00+00:00,69.341,72.85,-3.5090000000000003
2026-07-07 06:15:00+00:00,69.299,72.807,-3.5079999999999956
2026-07-07 06:30:00+00:00,69.318,72.843,-3.5250000000000057
2026-07-07 06:45:00+00:00,69.472,73.012,-3.5400000000000063
2026-07-07 07:00:00+00:00,69.424,72.974,-3.549999999999997
2026-07-07 07:15:00+00:00,69.505,73.013,-3.5080000000000098
2026-07-07 07:30:00+00:00,69.445,72.956,-3.51100000000001
2026-07-07 07:45:00+00:00,69.395,72.896,-3.5010000000000048
2026-07-07 08:00:00+00:00,69.436,72.942,-3.505999999999986
2026-07-07 08:15:00+00:00,69.12,72.645,-3.5249999999999915
2026-07-07 08:30:00+00:00,69.364,72.903,-3.5390000000000015
2026-07-07 08:45:00+00:00,69.38,72.888,-3.5080000000000098
2026-07-07 09:00:00+00:00,69.558,73.098,-3.539999999999992
2026-07-07 09:15:00+00:00,69.344,72.92,-3.5760000000000076
2026-07-07 09:30:00+00:00,69.181,72.77,-3.5889999999999986
2026-07-07 09:45:00+00:00,69.336,72.946,-3.6099999999999994
2026-07-07 10:00:00+00:00,69.251,72.845,-3.593999999999994
2026-07-07 10:15:00+00:00,69.219,72.803,-3.584000000000003
2026-07-07 10:30:00+00:00,69.3,72.848,-3.548000000000002
2026-07-07 10:45:00+00:00,69.447,73.018,-3.570999999999998
2026-07-07 11:00:00+00:00,69.331,72.91,-3.5789999999999935
2026-07-07 11:15:00+00:00,69.155,72.706,-3.551000000000002
2026-07-07 11:30:00+00:00,69.227,72.759,-3.5319999999999965
2026-07-07 11:45:00+00:00,69.06,72.627,-3.566999999999993
2026-07-07 12:00:00+00:00,69.036,72.612,-3.5759999999999934
2026-07-07 12:15:00+00:00,69.057,72.652,-3.594999999999999
2026-07-07 12:30:00+00:00,69.244,72.733,-3.4890000000000043
2026-07-07 12:45:00+00:00,69.186,72.643,-3.4569999999999936
2026-07-07 13:00:00+00:00,69.401,72.958,-3.557000000000002
2026-07-07 13:15:00+00:00,69.634,73.199,-3.5649999999999977
2026-07-07 13:30:00+00:00,69.857,73.406,-3.5490000000000066
2026-07-07 13:45:00+00:00,70.068,73.604,-3.5360000000000014
2026-07-07 14:00:00+00:00,70.201,73.812,-3.611000000000004
2026-07-07 14:15:00+00:00,70.289,73.821,-3.5319999999999965
2026-07-07 14:30:00+00:00,70.087,73.63,-3.542999999999992
2026-07-07 14:45:00+00:00,70.281,73.807,-3.5259999999999962
2026-07-07 15:00:00+00:00,70.362,73.883,-3.521000000000001
2026-07-07 15:15:00+00:00,70.275,73.814,-3.5389999999999873
2026-07-07 15:30:00+00:00,70.36,73.903,-3.5430000000000064
2026-07-07 15:45:00+00:00,70.4,73.97,-3.569999999999993
2026-07-07 16:00:00+00:00,70.482,74.115,-3.6329999999999956
2026-07-07 16:15:00+00:00,70.567,74.205,-3.6380000000000052
2026-07-07 16:30:00+00:00,70.49,74.143,-3.653000000000006
2026-07-07 16:45:00+00:00,70.484,74.127,-3.6430000000000007
2026-07-07 17:00:00+00:00,70.446,74.144,-3.6980000000000075
2026-07-07 17:15:00+00:00,70.618,74.287,-3.669000000000011
2026-07-07 17:30:00+00:00,70.531,74.213,-3.681999999999988
2026-07-07 17:45:00+00:00,70.453,74.133,-3.6799999999999926
2026-07-07 18:00:00+00:00,70.483,74.148,-3.664999999999992
2026-07-07 18:15:00+00:00,70.502,74.187,-3.6850000000000023
2026-07-07 18:30:00+00:00,70.432,74.071,-3.638999999999996
2026-07-07 18:45:00+00:00,71.475,75.097,-3.622
2026-07-07 19:00:00+00:00,72.155,75.865,-3.7099999999999937
2026-07-07 19:15:00+00:00,72.26,76.025,-3.7650000000000006
2026-07-07 19:30:00+00:00,71.903,75.606,-3.7029999999999887
2026-07-07 19:45:00+00:00,71.943,75.702,-3.7590000000000003
2026-07-07 20:00:00+00:00,72.031,75.754,-3.722999999999999
2026-07-07 20:15:00+00:00,72.096,75.804,-3.7079999999999984
2026-07-07 20:30:00+00:00,72.159,75.853,-3.6939999999999884
2026-07-07 20:45:00+00:00,72.207,75.892,-3.6850000000000023
2026-07-07 21:00:00+00:00,72.427,76.105,-3.6779999999999973
2026-07-07 21:15:00+00:00,72.663,76.419,-3.7560000000000002
2026-07-07 21:30:00+00:00,72.657,76.324,-3.6670000000000016
2026-07-07 21:45:00+00:00,72.322,76.038,-3.715999999999994
2026-07-07 22:00:00+00:00,72.371,76.115,-3.7439999999999998
2026-07-07 22:15:00+00:00,72.487,76.231,-3.7439999999999998
2026-07-07 22:30:00+00:00,72.497,76.258,-3.7609999999999957
2026-07-07 22:45:00+00:00,72.492,76.26,-3.7680000000000007
2026-07-07 23:00:00+00:00,72.434,76.223,-3.7890000000000015
2026-07-07 23:15:00+00:00,72.48,76.258,-3.7779999999999916
2026-07-07 23:30:00+00:00,72.465,76.24,-3.7749999999999915
2026-07-07 23:45:00+00:00,72.443,76.219,-3.7759999999999962
2026-07-08 00:00:00+00:00,72.517,76.253,-3.736000000000004
2026-07-08 00:15:00+00:00,72.562,76.258,-3.695999999999998
2026-07-08 00:30:00+00:00,72.152,75.857,-3.7049999999999983
2026-07-08 00:45:00+00:00,71.953,75.727,-3.774000000000001
2026-07-08 01:00:00+00:00,71.929,75.647,-3.7180000000000035
2026-07-08 01:15:00+00:00,71.816,75.534,-3.7180000000000035
2026-07-08 01:30:00+00:00,72.114,75.826,-3.711999999999989
2026-07-08 01:45:00+00:00,72.14,75.854,-3.7139999999999986
2026-07-08 02:00:00+00:00,72.327,76.031,-3.7040000000000077
2026-07-08 02:15:00+00:00,72.471,76.203,-3.7319999999999993
2026-07-08 02:30:00+00:00,72.155,75.876,-3.7210000000000036
2026-07-08 02:45:00+00:00,72.295,76.06,-3.7650000000000006
2026-07-08 03:00:00+00:00,72.359,76.139,-3.780000000000001
2026-07-08 03:15:00+00:00,72.282,76.066,-3.784000000000006
2026-07-08 03:30:00+00:00,72.333,76.132,-3.7990000000000066
2026-07-08 03:45:00+00:00,72.305,76.115,-3.809999999999988
2026-07-08 04:00:00+00:00,72.38,76.211,-3.831000000000003
2026-07-08 04:15:00+00:00,72.296,76.125,-3.8289999999999935
2026-07-08 04:30:00+00:00,72.315,76.117,-3.8020000000000067
2026-07-08 04:45:00+00:00,72.399,76.2,-3.801000000000002
2026-07-08 05:00:00+00:00,72.502,76.317,-3.8149999999999977
2026-07-08 05:15:00+00:00,72.781,76.598,-3.816999999999993
2026-07-08 05:30:00+00:00,72.63,76.475,-3.844999999999999
2026-07-08 05:45:00+00:00,72.821,76.636,-3.8149999999999977
2026-07-08 06:00:00+00:00,72.87,76.684,-3.813999999999993
2026-07-08 06:15:00+00:00,72.705,76.537,-3.832000000000008
2026-07-08 06:30:00+00:00,72.734,76.597,-3.8629999999999995
2026-07-08 06:45:00+00:00,72.609,76.47,-3.861000000000004
2026-07-08 07:00:00+00:00,72.528,76.413,-3.884999999999991
2026-07-08 07:15:00+00:00,72.051,75.888,-3.8370000000000033
2026-07-08 07:30:00+00:00,71.9,75.78,-3.8799999999999955
2026-07-08 07:45:00+00:00,72.115,75.996,-3.8810000000000002
2026-07-08 08:00:00+00:00,72.053,75.958,-3.905000000000001
2026-07-08 08:15:00+00:00,74.1,77.9,-3.8000000000000114
2026-07-08 08:30:00+00:00,74.699,78.524,-3.825000000000003
2026-07-08 08:45:00+00:00,74.892,78.682,-3.7900000000000063
2026-07-08 09:00:00+00:00,75.116,78.979,-3.8629999999999995
2026-07-08 09:15:00+00:00,74.888,78.858,-3.969999999999999
2026-07-08 09:30:00+00:00,74.508,78.529,-4.021000000000001
2026-07-08 09:45:00+00:00,74.851,78.749,-3.897999999999996
2026-07-08 10:00:00+00:00,74.611,78.467,-3.8559999999999945
2026-07-08 10:15:00+00:00,74.183,78.183,-4.0
2026-07-08 10:30:00+00:00,73.905,77.919,-4.013999999999996
2026-07-08 10:45:00+00:00,74.115,78.157,-4.042000000000002
2026-07-08 11:00:00+00:00,74.165,78.21,-4.0449999999999875
2026-07-08 11:15:00+00:00,74.291,78.354,-4.063000000000002
2026-07-08 11:30:00+00:00,74.038,78.053,-4.015000000000001
2026-07-08 11:45:00+00:00,74.013,78.088,-4.074999999999989
2026-07-08 12:00:00+00:00,73.933,77.941,-4.007999999999996
2026-07-08 12:15:00+00:00,73.401,77.349,-3.9480000000000075
2026-07-08 12:30:00+00:00,73.322,77.301,-3.978999999999999
2026-07-08 12:45:00+00:00,73.867,77.92,-4.052999999999997
2026-07-08 13:00:00+00:00,73.768,77.854,-4.0859999999999985
2026-07-08 13:15:00+00:00,74.247,78.359,-4.111999999999995
2026-07-08 13:30:00+00:00,73.592,77.687,-4.094999999999999
2026-07-08 13:45:00+00:00,73.791,77.96,-4.168999999999997
2026-07-08 14:00:00+00:00,74.334,78.537,-4.203000000000003
2026-07-08 14:15:00+00:00,75.499,79.648,-4.149000000000001
2026-07-08 14:30:00+00:00,75.313,79.428,-4.114999999999995
2026-07-08 14:45:00+00:00,75.321,79.56,-4.239000000000004
2026-07-08 15:00:00+00:00,75.672,79.871,-4.198999999999998
2026-07-08 15:15:00+00:00,75.26,79.501,-4.241
2026-07-08 15:30:00+00:00,75.622,80.048,-4.426000000000002
2026-07-08 15:45:00+00:00,75.801,80.215,-4.4140000000000015
2026-07-08 16:00:00+00:00,75.247,79.57,-4.322999999999993
2026-07-08 16:15:00+00:00,74.999,79.264,-4.265000000000001
2026-07-08 16:30:00+00:00,74.587,78.841,-4.253999999999991
2026-07-08 16:45:00+00:00,74.527,78.844,-4.316999999999993
2026-07-08 17:00:00+00:00,74.264,78.746,-4.481999999999999
2026-07-08 17:15:00+00:00,73.813,78.219,-4.405999999999992
2026-07-08 17:30:00+00:00,73.705,78.263,-4.558000000000007
2026-07-08 17:45:00+00:00,73.75,78.222,-4.471999999999994
2026-07-08 18:00:00+00:00,73.589,77.952,-4.3629999999999995
2026-07-08 18:15:00+00:00,73.503,77.885,-4.382000000000005
2026-07-08 18:30:00+00:00,73.746,78.116,-4.3700000000000045
2026-07-08 18:45:00+00:00,73.578,77.993,-4.414999999999992
2026-07-08 19:00:00+00:00,73.586,77.982,-4.396000000000001
2026-07-08 19:15:00+00:00,73.596,78.001,-4.405000000000001
2026-07-08 19:30:00+00:00,74.062,78.507,-4.445000000000007
2026-07-08 19:45:00+00:00,74.001,78.521,-4.519999999999996
2026-07-08 20:00:00+00:00,74.4,78.863,-4.462999999999994
2026-07-08 20:15:00+00:00,74.604,79.005,-4.400999999999996
2026-07-08 20:30:00+00:00,74.853,79.255,-4.402000000000001
2026-07-08 20:45:00+00:00,74.742,79.088,-4.345999999999989
2026-07-08 21:00:00+00:00,74.921,79.239,-4.317999999999998
2026-07-08 21:15:00+00:00,74.947,79.191,-4.244
2026-07-08 21:30:00+00:00,74.655,79.03,-4.375
2026-07-08 21:45:00+00:00,74.654,78.95,-4.2960000000000065
2026-07-08 22:00:00+00:00,74.584,79.051,-4.466999999999999
2026-07-08 22:15:00+00:00,74.441,78.873,-4.432000000000002
2026-07-08 22:30:00+00:00,74.441,78.875,-4.4339999999999975
2026-07-08 22:45:00+00:00,74.456,78.817,-4.36099999999999
2026-07-08 23:00:00+00:00,74.464,78.769,-4.305000000000007
2026-07-08 23:15:00+00:00,74.422,78.626,-4.204000000000008
2026-07-08 23:30:00+00:00,74.374,78.677,-4.3030000000000115
2026-07-08 23:45:00+00:00,74.388,78.746,-4.35799999999999
2026-07-09 00:00:00+00:00,74.184,78.614,-4.430000000000007
2026-07-09 00:15:00+00:00,74.169,78.622,-4.453000000000003
2026-07-09 00:30:00+00:00,74.187,78.694,-4.507000000000005
2026-07-09 00:45:00+00:00,73.973,78.447,-4.474000000000004
2026-07-09 01:00:00+00:00,74.4,78.913,-4.512999999999991
2026-07-09 01:15:00+00:00,74.333,78.851,-4.518000000000001
2026-07-09 01:30:00+00:00,74.123,78.611,-4.4879999999999995
2026-07-09 01:45:00+00:00,74.069,78.559,-4.489999999999995
2026-07-09 02:00:00+00:00,74.144,78.645,-4.500999999999991
2026-07-09 02:15:00+00:00,74.198,78.661,-4.463000000000008
2026-07-09 02:30:00+00:00,74.37,78.831,-4.4609999999999985
2026-07-09 02:45:00+00:00,74.475,78.97,-4.4950000000000045
2026-07-09 03:00:00+00:00,74.256,78.744,-4.4879999999999995
2026-07-09 03:15:00+00:00,74.376,78.831,-4.454999999999998
2026-07-09 03:30:00+00:00,74.318,78.784,-4.466000000000008
2026-07-09 03:45:00+00:00,74.252,78.75,-4.498000000000005
2026-07-09 04:00:00+00:00,74.327,78.807,-4.480000000000004
2026-07-09 04:15:00+00:00,74.381,78.843,-4.462000000000003
2026-07-09 04:30:00+00:00,74.286,78.77,-4.483999999999995
2026-07-09 04:45:00+00:00,74.347,78.82,-4.472999999999999
2026-07-09 05:00:00+00:00,74.242,78.735,-4.492999999999995
2026-07-09 05:15:00+00:00,74.239,78.731,-4.49199999999999
2026-07-09 05:30:00+00:00,73.652,78.144,-4.492000000000004
2026-07-09 05:45:00+00:00,73.011,77.509,-4.498000000000005
2026-07-09 06:00:00+00:00,73.349,77.841,-4.49199999999999
2026-07-09 06:15:00+00:00,73.277,77.74,-4.462999999999994
2026-07-09 06:30:00+00:00,73.144,77.588,-4.443999999999988
2026-07-09 06:45:00+00:00,73.249,77.666,-4.417000000000002
2026-07-09 07:00:00+00:00,73.62,77.978,-4.35799999999999
2026-07-09 07:15:00+00:00,73.153,77.532,-4.378999999999991
2026-07-09 07:30:00+00:00,72.68,77.049,-4.369
2026-07-09 07:45:00+00:00,72.724,77.029,-4.304999999999993
2026-07-09 08:00:00+00:00,72.586,76.94,-4.353999999999999
2026-07-09 08:15:00+00:00,72.446,76.816,-4.3700000000000045
2026-07-09 08:30:00+00:00,72.78,77.141,-4.361000000000004
2026-07-09 08:45:00+00:00,72.986,77.322,-4.3359999999999985
2026-07-09 09:00:00+00:00,72.944,77.299,-4.355000000000004
2026-07-09 09:15:00+00:00,73.149,77.538,-4.388999999999996
2026-07-09 09:30:00+00:00,73.429,77.814,-4.384999999999991
2026-07-09 09:45:00+00:00,73.433,77.888,-4.454999999999998
2026-07-09 10:00:00+00:00,73.528,77.969,-4.440999999999988
2026-07-09 10:15:00+00:00,73.751,78.206,-4.454999999999998
2026-07-09 10:30:00+00:00,73.677,78.178,-4.500999999999991
2026-07-09 10:45:00+00:00,74.202,78.695,-4.492999999999995
2026-07-09 11:00:00+00:00,73.929,78.47,-4.540999999999997
2026-07-09 11:15:00+00:00,74.023,78.543,-4.52000000000001
2026-07-09 11:30:00+00:00,73.921,78.465,-4.543999999999997
2026-07-09 11:45:00+00:00,73.899,78.444,-4.545000000000002
2026-07-09 12:00:00+00:00,73.632,78.194,-4.561999999999998
2026-07-09 12:15:00+00:00,73.749,78.36,-4.611000000000004
2026-07-09 12:30:00+00:00,73.874,78.478,-4.603999999999999
2026-07-09 12:45:00+00:00,73.804,78.465,-4.661000000000001
2026-07-09 13:00:00+00:00,73.246,77.935,-4.689000000000007
2026-07-09 13:15:00+00:00,73.087,77.784,-4.697000000000003
2026-07-09 13:30:00+00:00,72.727,77.409,-4.682000000000002
2026-07-09 13:45:00+00:00,72.609,77.254,-4.64500000000001
2026-07-09 14:00:00+00:00,72.5,77.038,-4.537999999999997
2026-07-09 14:15:00+00:00,72.626,77.168,-4.542000000000002
2026-07-09 14:30:00+00:00,72.693,77.243,-4.549999999999997
2026-07-09 14:45:00+00:00,72.24,76.785,-4.545000000000002
2026-07-09 15:00:00+00:00,72.396,76.916,-4.519999999999996
2026-07-09 15:15:00+00:00,72.089,76.686,-4.597000000000008
2026-07-09 15:30:00+00:00,71.877,76.451,-4.573999999999998
2026-07-09 15:45:00+00:00,72.077,76.504,-4.427000000000007
2026-07-09 16:00:00+00:00,72.064,76.466,-4.402000000000001
2026-07-09 16:15:00+00:00,71.929,76.286,-4.356999999999999
2026-07-09 16:30:00+00:00,71.999,76.27,-4.271000000000001
2026-07-09 16:45:00+00:00,71.899,76.102,-4.203000000000003
2026-07-09 17:00:00+00:00,72.011,76.193,-4.182000000000002
2026-07-09 17:15:00+00:00,71.79,75.961,-4.170999999999992
2026-07-09 17:30:00+00:00,71.534,75.726,-4.191999999999993
2026-07-09 17:45:00+00:00,71.494,75.666,-4.171999999999997
2026-07-09 18:00:00+00:00,71.677,75.876,-4.198999999999998
2026-07-09 18:15:00+00:00,72.066,76.302,-4.236000000000004
2026-07-09 18:30:00+00:00,71.675,75.983,-4.308000000000007
2026-07-09 18:45:00+00:00,71.575,75.816,-4.241
2026-07-09 19:00:00+00:00,71.606,75.852,-4.246000000000009
2026-07-09 19:15:00+00:00,71.652,75.92,-4.268000000000001
2026-07-09 19:30:00+00:00,71.821,76.065,-4.244
2026-07-09 19:45:00+00:00,71.863,76.086,-4.222999999999999
2026-07-09 20:00:00+00:00,71.729,75.944,-4.215000000000003
2026-07-09 20:15:00+00:00,71.824,76.032,-4.207999999999998
2026-07-09 20:30:00+00:00,71.847,76.064,-4.216999999999999
2026-07-09 20:45:00+00:00,71.821,76.073,-4.251999999999995
2026-07-09 21:00:00+00:00,72.047,76.245,-4.1980000000000075
2026-07-09 21:15:00+00:00,71.879,76.112,-4.23299999999999
2026-07-09 21:30:00+00:00,71.955,76.174,-4.219000000000008
2026-07-09 21:45:00+00:00,72.008,76.218,-4.210000000000008
2026-07-09 22:00:00+00:00,71.782,75.99,-4.207999999999998
2026-07-09 22:15:00+00:00,71.736,75.927,-4.1910000000000025
2026-07-09 22:30:00+00:00,71.852,76.062,-4.209999999999994
2026-07-09 22:45:00+00:00,71.826,76.031,-4.2050000000000125
2026-07-09 23:00:00+00:00,71.791,76.055,-4.26400000000001
2026-07-09 23:15:00+00:00,71.853,76.124,-4.271000000000001
2026-07-09 23:30:00+00:00,71.817,76.11,-4.293000000000006
2026-07-09 23:45:00+00:00,71.917,76.219,-4.3019999999999925
2026-07-10 00:00:00+00:00,71.809,76.045,-4.236000000000004
2026-07-10 00:15:00+00:00,71.802,76.027,-4.224999999999994
2026-07-10 00:30:00+00:00,71.884,76.07,-4.185999999999993
2026-07-10 00:45:00+00:00,71.961,76.111,-4.150000000000006
2026-07-10 01:00:00+00:00,71.914,76.098,-4.1839999999999975
2026-07-10 01:15:00+00:00,72.036,76.25,-4.213999999999999
2026-07-10 01:30:00+00:00,72.124,76.312,-4.188000000000002
2026-07-10 01:45:00+00:00,72.132,76.331,-4.198999999999998
2026-07-10 02:00:00+00:00,72.157,76.345,-4.188000000000002
2026-07-10 02:15:00+00:00,72.254,76.46,-4.205999999999989
2026-07-10 02:30:00+00:00,72.248,76.491,-4.242999999999995
2026-07-10 02:45:00+00:00,72.309,76.551,-4.242000000000004
2026-07-10 03:00:00+00:00,72.201,76.463,-4.2620000000000005
2026-07-10 03:15:00+00:00,72.202,76.475,-4.272999999999996
2026-07-10 03:30:00+00:00,72.2,76.493,-4.292999999999992
2026-07-10 03:45:00+00:00,72.345,76.627,-4.2819999999999965
2026-07-10 04:00:00+00:00,72.352,76.674,-4.322000000000003
2026-07-10 04:15:00+00:00,72.406,76.702,-4.295999999999992
2026-07-10 04:30:00+00:00,72.208,76.489,-4.281000000000006
2026-07-10 04:45:00+00:00,72.199,76.482,-4.283000000000001
2026-07-10 05:00:00+00:00,72.304,76.551,-4.247
2026-07-10 05:15:00+00:00,72.215,76.485,-4.269999999999996
2026-07-10 05:30:00+00:00,72.304,76.561,-4.257000000000005
2026-07-10 05:45:00+00:00,72.097,76.398,-4.301000000000002
2026-07-10 06:00:00+00:00,71.809,76.087,-4.278000000000006
2026-07-10 06:15:00+00:00,71.79,76.034,-4.244
2026-07-10 06:30:00+00:00,72.163,76.424,-4.26100000000001
2026-07-10 06:45:00+00:00,71.989,76.207,-4.217999999999989
2026-07-10 07:00:00+00:00,71.719,75.914,-4.195000000000007
2026-07-10 07:15:00+00:00,71.533,75.714,-4.180999999999997
2026-07-10 07:30:00+00:00,71.362,75.567,-4.204999999999998
2026-07-10 07:45:00+00:00,71.527,75.765,-4.2379999999999995
2026-07-10 08:00:00+00:00,71.318,75.536,-4.2180000000000035
2026-07-10 08:15:00+00:00,71.59,75.85,-4.259999999999991
2026-07-10 08:30:00+00:00,71.858,76.105,-4.247
2026-07-10 08:45:00+00:00,71.858,76.1,-4.24199999999999
2026-07-10 09:00:00+00:00,71.63,75.92,-4.290000000000006
2026-07-10 09:15:00+00:00,71.569,75.862,-4.292999999999992
2026-07-10 09:30:00+00:00,71.793,76.088,-4.2949999999999875
2026-07-10 09:45:00+00:00,71.797,76.048,-4.251000000000005
2026-07-10 10:00:00+00:00,71.934,76.2,-4.266000000000005
2026-07-10 10:15:00+00:00,71.899,76.179,-4.280000000000001
2026-07-10 10:30:00+00:00,71.875,76.157,-4.2819999999999965
2026-07-10 10:45:00+00:00,72.172,76.494,-4.322000000000003
2026-07-10 11:00:00+00:00,72.185,76.509,-4.323999999999998
2026-07-10 11:15:00+00:00,72.432,76.774,-4.341999999999999
2026-07-10 11:30:00+00:00,72.447,76.798,-4.350999999999999
2026-07-10 11:45:00+00:00,72.599,76.935,-4.3359999999999985
2026-07-10 12:00:00+00:00,71.835,76.18,-4.345000000000013
2026-07-10 12:15:00+00:00,71.974,76.342,-4.367999999999995
2026-07-10 12:30:00+00:00,72.216,76.569,-4.353000000000009
2026-07-10 12:45:00+00:00,71.894,76.298,-4.403999999999996
2026-07-10 13:00:00+00:00,71.99,76.335,-4.344999999999999
2026-07-10 13:15:00+00:00,72.04,76.392,-4.35199999999999
2026-07-10 13:30:00+00:00,71.652,76.064,-4.411999999999992
2026-07-10 13:45:00+00:00,71.54,75.921,-4.381
2026-07-10 14:00:00+00:00,71.766,76.175,-4.408999999999992
2026-07-10 14:15:00+00:00,71.708,76.074,-4.366
2026-07-10 14:30:00+00:00,71.956,76.446,-4.489999999999995
2026-07-10 14:45:00+00:00,71.918,76.38,-4.461999999999989
2026-07-10 15:00:00+00:00,71.342,75.838,-4.495999999999995
2026-07-10 15:15:00+00:00,71.306,75.77,-4.463999999999999
2026-07-10 15:30:00+00:00,71.226,75.665,-4.439000000000007
2026-07-10 15:45:00+00:00,71.03,75.496,-4.465999999999994
2026-07-10 16:00:00+00:00,71.286,75.77,-4.483999999999995
2026-07-10 16:15:00+00:00,71.264,75.74,-4.475999999999999
2026-07-10 16:30:00+00:00,71.21,75.673,-4.463000000000008
2026-07-10 16:45:00+00:00,71.113,75.595,-4.481999999999999
2026-07-10 17:00:00+00:00,71.321,75.799,-4.478000000000009
2026-07-10 17:15:00+00:00,71.293,75.805,-4.5120000000000005
2026-07-10 17:30:00+00:00,71.316,75.861,-4.545000000000002
2026-07-10 17:45:00+00:00,71.336,75.898,-4.561999999999998
2026-07-10 18:00:00+00:00,71.27,75.858,-4.588000000000008
2026-07-10 18:15:00+00:00,71.405,76.018,-4.6129999999999995
2026-07-10 18:30:00+00:00,71.614,76.173,-4.5589999999999975
2026-07-10 18:45:00+00:00,71.622,76.146,-4.524000000000001
2026-07-10 19:00:00+00:00,71.614,76.134,-4.519999999999996
2026-07-10 19:15:00+00:00,71.648,76.163,-4.515000000000001
2026-07-10 19:30:00+00:00,71.654,76.146,-4.492000000000004
2026-07-10 19:45:00+00:00,71.605,76.065,-4.459999999999994
2026-07-10 20:00:00+00:00,71.606,76.056,-4.450000000000003
2026-07-10 20:15:00+00:00,71.618,76.03,-4.412000000000006
2026-07-10 20:30:00+00:00,71.566,75.985,-4.418999999999997
2026-07-10 20:45:00+00:00,71.589,76.046,-4.457000000000008
2026-07-10 21:00:00+00:00,71.486,75.838,-4.35199999999999
2026-07-10 21:15:00+00:00,71.364,75.679,-4.314999999999998
2026-07-10 21:30:00+00:00,71.512,75.891,-4.379000000000005
2026-07-10 21:45:00+00:00,71.5,75.911,-4.411000000000001
2026-07-10 22:00:00+00:00,71.428,75.814,-4.385999999999996
2026-07-10 22:15:00+00:00,71.471,75.873,-4.402000000000001
2026-07-10 22:30:00+00:00,71.438,75.802,-4.364000000000004
2026-07-10 22:45:00+00:00,71.486,75.833,-4.346999999999994
2026-07-10 23:00:00+00:00,71.444,75.835,-4.390999999999991
2026-07-10 23:15:00+00:00,71.533,75.917,-4.384
2026-07-10 23:30:00+00:00,71.478,75.896,-4.418000000000006
2026-07-10 23:45:00+00:00,71.491,75.912,-4.4210000000000065
2026-07-11 00:00:00+00:00,71.592,76.016,-4.424000000000007
2026-07-11 00:15:00+00:00,71.58,76.051,-4.471000000000004
2026-07-11 00:30:00+00:00,71.628,76.065,-4.436999999999998
2026-07-11 00:45:00+00:00,71.61,76.076,-4.465999999999994
2026-07-11 01:00:00+00:00,71.565,76.055,-4.490000000000009
2026-07-11 01:15:00+00:00,71.556,76.035,-4.478999999999999
2026-07-11 01:30:00+00:00,71.482,75.976,-4.494
2026-07-11 01:45:00+00:00,71.537,76.01,-4.472999999999999
2026-07-11 02:00:00+00:00,71.45,75.941,-4.491
2026-07-11 02:15:00+00:00,71.491,75.997,-4.506
2026-07-11 02:30:00+00:00,71.515,76.001,-4.486000000000004
2026-07-11 02:45:00+00:00,71.466,75.978,-4.5120000000000005
2026-07-11 03:00:00+00:00,71.502,75.966,-4.463999999999999
2026-07-11 03:15:00+00:00,71.532,76.04,-4.50800000000001
2026-07-11 03:30:00+00:00,71.567,76.087,-4.52000000000001
2026-07-11 03:45:00+00:00,71.533,76.051,-4.518000000000001
2026-07-11 04:00:00+00:00,71.719,76.234,-4.515000000000001
2026-07-11 04:15:00+00:00,71.705,76.236,-4.531000000000006
2026-07-11 04:30:00+00:00,71.635,76.154,-4.518999999999991
2026-07-11 04:45:00+00:00,71.631,76.112,-4.4809999999999945
2026-07-11 05:00:00+00:00,71.513,75.998,-4.484999999999999
2026-07-11 05:15:00+00:00,71.364,75.813,-4.448999999999998
2026-07-11 05:30:00+00:00,71.396,75.871,-4.474999999999994
2026-07-11 05:45:00+00:00,71.394,75.848,-4.4539999999999935
2026-07-11 06:00:00+00:00,71.439,75.904,-4.465000000000003
2026-07-11 06:15:00+00:00,71.454,75.884,-4.430000000000007
2026-07-11 06:30:00+00:00,71.434,75.878,-4.444000000000003
2026-07-11 06:45:00+00:00,71.441,75.898,-4.456999999999994
2026-07-11 07:00:00+00:00,71.429,75.892,-4.462999999999994
2026-07-11 07:15:00+00:00,71.403,75.874,-4.470999999999989
2026-07-11 07:30:00+00:00,71.518,75.95,-4.432000000000002
2026-07-11 07:45:00+00:00,71.474,75.927,-4.453000000000003
2026-07-11 08:00:00+00:00,71.467,75.929,-4.462000000000003
2026-07-11 08:15:00+00:00,71.522,75.962,-4.439999999999998
2026-07-11 08:30:00+00:00,71.612,76.02,-4.408000000000001
2026-07-11 08:45:00+00:00,71.579,76.02,-4.4410000000000025
2026-07-11 09:00:00+00:00,71.572,76.034,-4.462000000000003
2026-07-11 09:15:00+00:00,71.497,76.006,-4.509
2026-07-11 09:30:00+00:00,71.534,76.061,-4.527000000000001
2026-07-11 09:45:00+00:00,71.589,76.023,-4.4339999999999975
2026-07-11 10:00:00+00:00,71.569,76.012,-4.442999999999998
2026-07-11 10:15:00+00:00,71.609,76.071,-4.462000000000003
2026-07-11 10:30:00+00:00,71.66,76.134,-4.474000000000004
2026-07-11 10:45:00+00:00,71.725,76.192,-4.466999999999999
2026-07-11 11:00:00+00:00,71.621,76.136,-4.515000000000001
2026-07-11 11:15:00+00:00,71.625,76.143,-4.518000000000001
2026-07-11 11:30:00+00:00,71.734,76.205,-4.471000000000004
2026-07-11 11:45:00+00:00,71.77,76.234,-4.463999999999999
2026-07-11 12:00:00+00:00,71.782,76.243,-4.4609999999999985
2026-07-11 12:15:00+00:00,71.794,76.252,-4.457999999999998
2026-07-11 12:30:00+00:00,71.84,76.294,-4.4539999999999935
2026-07-11 12:45:00+00:00,71.836,76.317,-4.4809999999999945
2026-07-11 13:00:00+00:00,71.828,76.292,-4.463999999999999
2026-07-11 13:15:00+00:00,71.821,76.272,-4.451000000000008
2026-07-11 13:30:00+00:00,71.759,76.211,-4.451999999999998
2026-07-11 13:45:00+00:00,71.73,76.172,-4.441999999999993
2026-07-11 14:00:00+00:00,71.691,76.152,-4.4609999999999985
2026-07-11 14:15:00+00:00,71.551,75.988,-4.436999999999998
2026-07-11 14:30:00+00:00,71.653,76.092,-4.438999999999993
2026-07-11 14:45:00+00:00,71.721,76.168,-4.447000000000003
2026-07-11 15:00:00+00:00,71.55,75.949,-4.399000000000001
2026-07-11 15:15:00+00:00,71.575,75.977,-4.402000000000001
2026-07-11 15:30:00+00:00,71.636,75.996,-4.359999999999999
2026-07-11 15:45:00+00:00,71.596,75.997,-4.400999999999996
2026-07-11 16:00:00+00:00,71.517,75.909,-4.39200000000001
2026-07-11 16:15:00+00:00,71.529,75.915,-4.38600000000001
2026-07-11 16:30:00+00:00,71.533,75.958,-4.424999999999997
2026-07-11 16:45:00+00:00,71.533,75.911,-4.378
2026-07-11 17:00:00+00:00,71.561,75.94,-4.378999999999991
2026-07-11 17:15:00+00:00,71.634,76.055,-4.4210000000000065
2026-07-11 17:30:00+00:00,71.712,76.221,-4.509
2026-07-11 17:45:00+00:00,71.695,76.125,-4.430000000000007
2026-07-11 18:00:00+00:00,71.722,76.088,-4.366
2026-07-11 18:15:00+00:00,71.716,76.167,-4.451000000000008
2026-07-11 18:30:00+00:00,71.786,76.215,-4.429000000000002
2026-07-11 18:45:00+00:00,71.818,76.22,-4.402000000000001
2026-07-11 19:00:00+00:00,71.742,76.105,-4.3629999999999995
2026-07-11 19:15:00+00:00,71.723,76.081,-4.358000000000004
2026-07-11 19:30:00+00:00,71.725,76.085,-4.359999999999999
2026-07-11 19:45:00+00:00,71.694,76.068,-4.373999999999995
2026-07-11 20:00:00+00:00,71.705,76.067,-4.361999999999995
2026-07-11 20:15:00+00:00,71.737,76.12,-4.38300000000001
2026-07-11 20:30:00+00:00,71.826,76.254,-4.4280000000000115
2026-07-11 20:45:00+00:00,71.82,76.251,-4.431000000000012
2026-07-11 21:00:00+00:00,71.776,76.212,-4.436000000000007
2026-07-11 21:15:00+00:00,71.74,76.158,-4.418000000000006
2026-07-11 21:30:00+00:00,71.72,76.136,-4.415999999999997
2026-07-11 21:45:00+00:00,71.839,76.231,-4.391999999999996
2026-07-11 22:00:00+00:00,72.108,76.507,-4.399000000000001
2026-07-11 22:15:00+00:00,72.803,77.127,-4.323999999999998
2026-07-11 22:30:00+00:00,72.882,77.229,-4.346999999999994
2026-07-11 22:45:00+00:00,72.726,77.138,-4.412000000000006
2026-07-11 23:00:00+00:00,73.344,77.682,-4.338000000000008
2026-07-11 23:15:00+00:00,73.535,77.859,-4.323999999999998
2026-07-11 23:30:00+00:00,73.151,77.522,-4.371000000000009
2026-07-11 23:45:00+00:00,73.405,77.847,-4.441999999999993
2026-07-12 00:00:00+00:00,73.932,78.379,-4.447000000000003
2026-07-12 00:15:00+00:00,73.885,78.456,-4.570999999999998
2026-07-12 00:30:00+00:00,73.814,78.416,-4.602000000000004
2026-07-12 00:45:00+00:00,73.941,78.616,-4.674999999999997
2026-07-12 01:00:00+00:00,73.614,78.282,-4.667999999999992
2026-07-12 01:15:00+00:00,73.34,78.015,-4.674999999999997
2026-07-12 01:30:00+00:00,73.644,78.357,-4.712999999999994
2026-07-12 01:45:00+00:00,73.457,78.162,-4.7050000000000125
2026-07-12 02:00:00+00:00,73.717,78.344,-4.626999999999995
2026-07-12 02:15:00+00:00,73.525,78.261,-4.73599999999999
2026-07-12 02:30:00+00:00,73.675,78.368,-4.692999999999998
2026-07-12 02:45:00+00:00,73.23,77.925,-4.694999999999993
2026-07-12 03:00:00+00:00,73.173,77.875,-4.701999999999998
2026-07-12 03:15:00+00:00,73.164,77.822,-4.658000000000001
2026-07-12 03:30:00+00:00,73.027,77.666,-4.638999999999996
2026-07-12 03:45:00+00:00,73.208,77.916,-4.707999999999998
2026-07-12 04:00:00+00:00,73.183,77.869,-4.685999999999993
2026-07-12 04:15:00+00:00,73.322,78.054,-4.731999999999999
2026-07-12 04:30:00+00:00,73.36,78.049,-4.689000000000007
2026-07-12 04:45:00+00:00,73.425,78.13,-4.704999999999998
2026-07-12 05:00:00+00:00,73.277,77.98,-4.703000000000003
2026-07-12 05:15:00+00:00,73.497,78.229,-4.731999999999999
2026-07-12 05:30:00+00:00,73.32,78.013,-4.693000000000012
2026-07-12 05:45:00+00:00,73.27,77.947,-4.677000000000007
2026-07-12 06:00:00+00:00,73.159,77.745,-4.5859999999999985
2026-07-12 06:15:00+00:00,73.304,77.897,-4.5930000000000035
2026-07-12 06:30:00+00:00,73.416,78.003,-4.587000000000003
2026-07-12 06:45:00+00:00,73.403,78.026,-4.6229999999999905
2026-07-12 07:00:00+00:00,73.535,78.253,-4.7180000000000035
2026-07-12 07:15:00+00:00,73.614,78.305,-4.6910000000000025
2026-07-12 07:30:00+00:00,73.667,78.347,-4.679999999999993
2026-07-12 07:45:00+00:00,73.68,78.444,-4.763999999999996
2026-07-12 08:00:00+00:00,73.59,78.372,-4.7819999999999965
2026-07-12 08:15:00+00:00,73.506,78.297,-4.790999999999997
2026-07-12 08:30:00+00:00,73.634,78.469,-4.834999999999994
2026-07-12 08:45:00+00:00,73.628,78.446,-4.817999999999998
2026-07-12 09:00:00+00:00,73.702,78.553,-4.850999999999999
2026-07-12 09:15:00+00:00,73.773,78.627,-4.853999999999999
2026-07-12 09:30:00+00:00,73.688,78.607,-4.918999999999997
2026-07-12 09:45:00+00:00,73.698,78.638,-4.940000000000012
2026-07-12 10:00:00+00:00,73.766,78.62,-4.853999999999999
2026-07-12 10:15:00+00:00,73.831,78.668,-4.837000000000003
2026-07-12 10:30:00+00:00,73.72,78.503,-4.783000000000001
2026-07-12 10:45:00+00:00,73.818,78.735,-4.917000000000002
2026-07-12 11:00:00+00:00,73.837,78.755,-4.917999999999992
2026-07-12 11:15:00+00:00,73.822,78.741,-4.918999999999997
2026-07-12 11:30:00+00:00,73.655,78.501,-4.846000000000004
2026-07-12 11:45:00+00:00,73.627,78.467,-4.840000000000003
2026-07-12 12:00:00+00:00,73.223,78.0,-4.777000000000001
2026-07-12 12:15:00+00:00,73.378,78.104,-4.725999999999999
2026-07-12 12:30:00+00:00,73.313,78.065,-4.751999999999995
2026-07-12 12:45:00+00:00,73.427,78.226,-4.798999999999992
2026-07-12 13:00:00+00:00,73.426,78.188,-4.7620000000000005
2026-07-12 13:15:00+00:00,73.513,78.259,-4.745999999999995
2026-07-12 13:30:00+00:00,73.537,78.309,-4.771999999999991
2026-07-12 13:45:00+00:00,73.469,78.248,-4.779000000000011
2026-07-12 14:00:00+00:00,73.513,78.361,-4.847999999999999
2026-07-12 14:15:00+00:00,73.562,78.361,-4.799000000000007
2026-07-12 14:30:00+00:00,73.539,78.266,-4.727000000000004
2026-07-12 14:45:00+00:00,73.481,78.24,-4.759
2026-07-12 15:00:00+00:00,73.367,78.176,-4.8089999999999975
2026-07-12 15:15:00+00:00,73.423,78.282,-4.858999999999995
2026-07-12 15:30:00+00:00,73.432,78.255,-4.822999999999993
2026-07-12 15:45:00+00:00,73.482,78.341,-4.858999999999995
2026-07-12 16:00:00+00:00,73.429,78.269,-4.840000000000003
2026-07-12 16:15:00+00:00,73.467,78.301,-4.834000000000003
2026-07-12 16:30:00+00:00,73.527,78.431,-4.903999999999996
2026-07-12 16:45:00+00:00,73.626,78.465,-4.838999999999999
2026-07-12 17:00:00+00:00,73.865,78.778,-4.913000000000011
2026-07-12 17:15:00+00:00,73.733,78.67,-4.936999999999998
2026-07-12 17:30:00+00:00,73.802,78.717,-4.914999999999992
2026-07-12 17:45:00+00:00,73.942,78.891,-4.949000000000012
2026-07-12 18:00:00+00:00,74.017,78.896,-4.879000000000005
2026-07-12 18:15:00+00:00,73.985,78.95,-4.965000000000003
2026-07-12 18:30:00+00:00,73.931,78.781,-4.8500000000000085
2026-07-12 18:45:00+00:00,73.756,78.574,-4.817999999999998
2026-07-12 19:00:00+00:00,73.568,78.347,-4.778999999999996
2026-07-12 19:15:00+00:00,73.661,78.469,-4.807999999999993
2026-07-12 19:30:00+00:00,73.796,78.674,-4.878
2026-07-12 19:45:00+00:00,73.856,78.748,-4.89200000000001
2026-07-12 20:00:00+00:00,73.854,78.757,-4.903000000000006
2026-07-12 20:15:00+00:00,73.903,78.853,-4.949999999999989
2026-07-12 20:30:00+00:00,73.902,78.881,-4.978999999999999
2026-07-12 20:45:00+00:00,73.925,78.867,-4.942000000000007
2026-07-12 21:00:00+00:00,74.066,79.072,-5.006
2026-07-12 21:15:00+00:00,73.996,78.916,-4.920000000000002
2026-07-12 21:30:00+00:00,73.951,78.938,-4.987000000000009
2026-07-12 21:45:00+00:00,73.765,78.676,-4.911000000000001
2026-07-12 22:00:00+00:00,74.006,78.919,-4.912999999999997
2026-07-12 22:15:00+00:00,73.589,78.4,-4.811000000000007
2026-07-12 22:30:00+00:00,73.516,78.328,-4.811999999999998
2026-07-12 22:45:00+00:00,73.562,78.383,-4.820999999999998
2026-07-12 23:00:00+00:00,73.504,78.359,-4.85499999999999
2026-07-12 23:15:00+00:00,73.619,78.436,-4.817000000000007
2026-07-12 23:30:00+00:00,73.7,78.491,-4.790999999999997
2026-07-12 23:45:00+00:00,73.64,78.437,-4.796999999999997
2026-07-13 00:00:00+00:00,73.802,78.576,-4.773999999999987
2026-07-13 00:15:00+00:00,73.787,78.56,-4.772999999999996
2026-07-13 00:30:00+00:00,74.26,78.956,-4.695999999999998
2026-07-13 00:45:00+00:00,74.156,78.823,-4.666999999999987
2026-07-13 01:00:00+00:00,74.256,78.911,-4.655000000000001
2026-07-13 01:15:00+00:00,74.192,78.92,-4.728000000000009
2026-07-13 01:30:00+00:00,74.378,79.108,-4.730000000000004
2026-07-13 01:45:00+00:00,74.268,78.987,-4.718999999999994
2026-07-13 02:00:00+00:00,74.291,79.025,-4.734000000000009
2026-07-13 02:15:00+00:00,74.395,79.089,-4.694000000000003
2026-07-13 02:30:00+00:00,74.179,78.851,-4.671999999999997
2026-07-13 02:45:00+00:00,74.173,78.833,-4.659999999999997
2026-07-13 03:00:00+00:00,74.3,78.984,-4.6839999999999975
2026-07-13 03:15:00+00:00,74.22,78.897,-4.677000000000007
2026-07-13 03:30:00+00:00,74.221,78.923,-4.701999999999998
2026-07-13 03:45:00+00:00,74.189,78.924,-4.735000000000014
2026-07-13 04:00:00+00:00,74.223,78.958,-4.734999999999999
2026-07-13 04:15:00+00:00,74.23,78.937,-4.706999999999994
2026-07-13 04:30:00+00:00,74.351,79.041,-4.689999999999998
2026-07-13 04:45:00+00:00,74.42,79.09,-4.670000000000002
2026-07-13 05:00:00+00:00,74.41,79.108,-4.6980000000000075
2026-07-13 05:15:00+00:00,74.585,79.222,-4.6370000000000005
2026-07-13 05:30:00+00:00,74.809,79.482,-4.673000000000002
2026-07-13 05:45:00+00:00,74.612,79.229,-4.617000000000004
2026-07-13 06:00:00+00:00,74.408,78.991,-4.582999999999998
2026-07-13 06:15:00+00:00,74.224,78.844,-4.61999999999999
2026-07-13 06:30:00+00:00,74.112,78.77,-4.658000000000001
2026-07-13 06:45:00+00:00,74.0,78.643,-4.643000000000001
2026-07-13 07:00:00+00:00,73.895,78.59,-4.695000000000007
2026-07-13 07:15:00+00:00,74.013,78.731,-4.717999999999989
2026-07-13 07:30:00+00:00,73.835,78.54,-4.7050000000000125
2026-07-13 07:45:00+00:00,73.941,78.68,-4.739000000000004
2026-07-13 08:00:00+00:00,73.358,78.135,-4.777000000000001
2026-07-13 08:15:00+00:00,73.167,77.865,-4.697999999999993
2026-07-13 08:30:00+00:00,73.3,78.04,-4.740000000000009
2026-07-13 08:45:00+00:00,72.959,77.675,-4.715999999999994
2026-07-13 09:00:00+00:00,72.912,77.638,-4.725999999999999
2026-07-13 09:15:00+00:00,72.751,77.413,-4.661999999999992
2026-07-13 09:30:00+00:00,72.597,77.26,-4.663000000000011
2026-07-13 09:45:00+00:00,73.089,77.716,-4.626999999999995
2026-07-13 10:00:00+00:00,73.435,78.038,-4.602999999999994
2026-07-13 10:15:00+00:00,73.637,78.267,-4.6299999999999955
2026-07-13 10:30:00+00:00,73.641,78.279,-4.637999999999991
2026-07-13 10:45:00+00:00,73.708,78.345,-4.6370000000000005
2026-07-13 11:00:00+00:00,73.793,78.44,-4.646999999999991
2026-07-13 11:15:00+00:00,73.687,78.319,-4.632000000000005
2026-07-13 11:30:00+00:00,73.648,78.304,-4.656000000000006
2026-07-13 11:45:00+00:00,73.739,78.424,-4.685000000000002
2026-07-13 12:00:00+00:00,74.013,78.718,-4.704999999999998
2026-07-13 12:15:00+00:00,74.062,78.78,-4.7180000000000035
2026-07-13 12:30:00+00:00,74.281,79.09,-4.8089999999999975
2026-07-13 12:45:00+00:00,73.754,78.521,-4.766999999999996
2026-07-13 13:00:00+00:00,73.818,78.583,-4.765000000000001
2026-07-13 13:15:00+00:00,73.583,78.293,-4.710000000000008
2026-07-13 13:30:00+00:00,73.928,78.645,-4.716999999999999
2026-07-13 13:45:00+00:00,73.69,78.404,-4.713999999999999
2026-07-13 14:00:00+00:00,73.825,78.527,-4.701999999999998
2026-07-13 14:15:00+00:00,74.72,79.42,-4.700000000000003
2026-07-13 14:30:00+00:00,74.372,79.096,-4.724000000000004
2026-07-13 14:45:00+00:00,74.396,79.165,-4.7690000000000055
2026-07-13 15:00:00+00:00,74.691,79.477,-4.786000000000001
2026-07-13 15:15:00+00:00,74.435,79.171,-4.736000000000004
2026-07-13 15:30:00+00:00,74.579,79.309,-4.730000000000004
2026-07-13 15:45:00+00:00,74.78,79.579,-4.798999999999992
2026-07-13 16:00:00+00:00,74.935,79.74,-4.804999999999993
2026-07-13 16:15:00+00:00,75.048,79.879,-4.831000000000003
2026-07-13 16:30:00+00:00,75.029,79.862,-4.832999999999998
2026-07-13 16:45:00+00:00,75.606,80.369,-4.763000000000005
2026-07-13 17:00:00+00:00,75.711,80.5,-4.7890000000000015
2026-07-13 17:15:00+00:00,75.914,80.768,-4.853999999999999
2026-07-13 17:30:00+00:00,76.611,81.423,-4.811999999999998
2026-07-13 17:45:00+00:00,77.425,82.232,-4.807000000000002
2026-07-13 18:00:00+00:00,77.497,82.286,-4.7890000000000015
2026-07-13 18:15:00+00:00,77.983,82.824,-4.840999999999994
2026-07-13 18:30:00+00:00,77.351,82.192,-4.840999999999994
2026-07-13 18:45:00+00:00,77.501,82.342,-4.840999999999994
2026-07-13 19:00:00+00:00,77.633,82.503,-4.8700000000000045
2026-07-13 19:15:00+00:00,77.618,82.522,-4.904000000000011
2026-07-13 19:30:00+00:00,77.767,82.691,-4.924000000000007
2026-07-13 19:45:00+00:00,77.503,82.48,-4.977000000000004
2026-07-13 20:00:00+00:00,78.241,83.227,-4.986000000000004
2026-07-13 20:15:00+00:00,77.935,82.879,-4.944000000000003
2026-07-13 20:30:00+00:00,78.024,82.95,-4.926000000000002
2026-07-13 20:45:00+00:00,77.822,82.667,-4.844999999999999
2026-07-13 21:00:00+00:00,77.674,82.566,-4.891999999999996
2026-07-13 21:15:00+00:00,77.797,82.666,-4.869
2026-07-13 21:30:00+00:00,77.701,82.6,-4.899000000000001
2026-07-13 21:45:00+00:00,77.651,82.565,-4.9140000000000015
2026-07-13 22:00:00+00:00,77.708,82.475,-4.766999999999996
2026-07-13 22:15:00+00:00,77.934,82.653,-4.719000000000008
2026-07-13 22:30:00+00:00,78.048,82.765,-4.716999999999999
2026-07-13 22:45:00+00:00,78.834,83.631,-4.796999999999997
2026-07-13 23:00:00+00:00,78.628,83.439,-4.810999999999993
2026-07-13 23:15:00+00:00,78.758,83.468,-4.710000000000008
2026-07-13 23:30:00+00:00,79.351,84.073,-4.721999999999994
2026-07-13 23:45:00+00:00,78.764,83.5,-4.736000000000004
2026-07-14 00:00:00+00:00,79.079,83.866,-4.787000000000006
2026-07-14 00:15:00+00:00,79.861,84.702,-4.840999999999994
2026-07-14 00:30:00+00:00,79.668,84.46,-4.791999999999987
2026-07-14 00:45:00+00:00,79.542,84.369,-4.826999999999998
2026-07-14 01:00:00+00:00,79.121,83.742,-4.621000000000009
2026-07-14 01:15:00+00:00,79.069,83.618,-4.548999999999992
2026-07-14 01:30:00+00:00,79.026,83.58,-4.554000000000002
2026-07-14 01:45:00+00:00,79.1,83.65,-4.550000000000011
2026-07-14 02:00:00+00:00,78.682,83.207,-4.5249999999999915
2026-07-14 02:15:00+00:00,78.754,83.33,-4.575999999999993
2026-07-14 02:30:00+00:00,78.896,83.455,-4.5589999999999975
2026-07-14 02:45:00+00:00,79.057,83.62,-4.563000000000002
2026-07-14 03:00:00+00:00,79.233,83.797,-4.563999999999993
2026-07-14 03:15:00+00:00,79.393,83.886,-4.492999999999995
2026-07-14 03:30:00+00:00,79.24,83.806,-4.5660000000000025
2026-07-14 03:45:00+00:00,79.136,83.746,-4.609999999999999
2026-07-14 04:00:00+00:00,79.219,83.803,-4.584000000000003
2026-07-14 04:15:00+00:00,79.152,83.72,-4.567999999999998
2026-07-14 04:30:00+00:00,79.313,83.906,-4.5930000000000035
2026-07-14 04:45:00+00:00,79.289,83.835,-4.545999999999992
2026-07-14 05:00:00+00:00,79.228,83.779,-4.551000000000002
2026-07-14 05:15:00+00:00,79.22,83.802,-4.582000000000008
2026-07-14 05:30:00+00:00,78.463,83.03,-4.567000000000007
2026-07-14 05:45:00+00:00,78.883,83.423,-4.540000000000006
2026-07-14 06:00:00+00:00,79.125,83.671,-4.5460000000000065
2026-07-14 06:15:00+00:00,79.671,84.181,-4.509999999999991
2026-07-14 06:30:00+00:00,79.717,84.156,-4.439000000000007
2026-07-14 06:45:00+00:00,79.826,84.34,-4.51400000000001
2026-07-14 07:00:00+00:00,79.525,84.152,-4.626999999999995
2026-07-14 07:15:00+00:00,79.858,84.459,-4.600999999999999
2026-07-14 07:30:00+00:00,80.261,84.825,-4.564000000000007
2026-07-14 07:45:00+00:00,79.8,84.475,-4.674999999999997
2026-07-14 08:00:00+00:00,79.972,84.729,-4.757000000000005
2026-07-14 08:15:00+00:00,79.842,84.656,-4.814000000000007
2026-07-14 08:30:00+00:00,80.023,84.994,-4.971000000000004
2026-07-14 08:45:00+00:00,80.465,85.497,-5.0319999999999965
2026-07-14 09:00:00+00:00,79.593,84.686,-5.0930000000000035
2026-07-14 09:15:00+00:00,80.088,85.171,-5.083000000000013
2026-07-14 09:30:00+00:00,79.846,84.977,-5.131
2026-07-14 09:45:00+00:00,80.004,85.123,-5.119
2026-07-14 10:00:00+00:00,80.308,85.4,-5.091999999999999
2026-07-14 10:15:00+00:00,80.195,85.253,-5.058000000000007
2026-07-14 10:30:00+00:00,80.047,85.135,-5.088000000000008
2026-07-14 10:45:00+00:00,80.191,85.294,-5.102999999999994
2026-07-14 11:00:00+00:00,79.82,84.966,-5.146000000000001
2026-07-14 11:15:00+00:00,79.408,84.603,-5.194999999999993
2026-07-14 11:30:00+00:00,79.248,84.461,-5.212999999999994
2026-07-14 11:45:00+00:00,78.946,84.274,-5.328000000000003
2026-07-14 12:00:00+00:00,79.376,84.701,-5.324999999999989
2026-07-14 12:15:00+00:00,79.449,84.77,-5.320999999999998
2026-07-14 12:30:00+00:00,79.793,84.88,-5.086999999999989
2026-07-14 12:45:00+00:00,79.954,84.973,-5.0190000000000055
2026-07-14 13:00:00+00:00,79.67,84.548,-4.878
2026-07-14 13:15:00+00:00,79.374,84.386,-5.0120000000000005
2026-07-14 13:30:00+00:00,79.071,83.793,-4.722000000000008
2026-07-14 13:45:00+00:00,79.255,83.874,-4.619
2026-07-14 14:00:00+00:00,79.206,83.828,-4.622
2026-07-14 14:15:00+00:00,78.834,83.598,-4.763999999999996
2026-07-14 14:30:00+00:00,78.76,83.471,-4.7109999999999985
2026-07-14 14:45:00+00:00,78.276,83.107,-4.831000000000003
2026-07-14 15:00:00+00:00,78.011,82.683,-4.672000000000011
2026-07-14 15:15:00+00:00,77.949,82.479,-4.530000000000001
2026-07-14 15:30:00+00:00,78.92,83.57,-4.6499999999999915
2026-07-14 15:45:00+00:00,78.865,83.614,-4.749000000000009
2026-07-14 16:00:00+00:00,78.553,83.311,-4.75800000000001
2026-07-14 16:15:00+00:00,78.808,83.541,-4.73299999999999
2026-07-14 16:30:00+00:00,78.558,83.264,-4.705999999999989
2026-07-14 16:45:00+00:00,78.568,83.33,-4.7620000000000005
2026-07-14 17:00:00+00:00,78.468,83.267,-4.798999999999992
2026-07-14 17:15:00+00:00,78.42,83.23,-4.810000000000002
2026-07-14 17:30:00+00:00,78.455,83.347,-4.891999999999996
2026-07-14 17:45:00+00:00,78.232,83.132,-4.900000000000006
2026-07-14 18:00:00+00:00,78.293,83.107,-4.813999999999993
2026-07-14 18:15:00+00:00,78.726,83.485,-4.759
2026-07-14 18:30:00+00:00,78.858,83.659,-4.801000000000002
2026-07-14 18:45:00+00:00,78.94,83.787,-4.847000000000008
2026-07-14 19:00:00+00:00,78.979,83.885,-4.906000000000006
2026-07-14 19:15:00+00:00,78.928,83.777,-4.849000000000004
2026-07-14 19:30:00+00:00,79.016,83.843,-4.826999999999998
2026-07-14 19:45:00+00:00,79.014,83.88,-4.866
2026-07-14 20:00:00+00:00,79.161,84.01,-4.849000000000004
2026-07-14 20:15:00+00:00,79.261,84.109,-4.847999999999999
2026-07-14 20:30:00+00:00,79.28,84.079,-4.798999999999992
2026-07-14 20:45:00+00:00,79.089,83.92,-4.831000000000003
2026-07-14 21:00:00+00:00,78.843,83.601,-4.757999999999996
2026-07-14 21:15:00+00:00,79.052,83.749,-4.6969999999999885
2026-07-14 21:30:00+00:00,78.998,83.801,-4.802999999999997
2026-07-14 21:45:00+00:00,78.966,83.726,-4.760000000000005
2026-07-14 22:00:00+00:00,79.338,84.047,-4.709000000000003
2026-07-14 22:15:00+00:00,79.23,83.971,-4.741
2026-07-14 22:30:00+00:00,79.298,84.019,-4.721000000000004
2026-07-14 22:45:00+00:00,79.246,84.028,-4.782000000000011
2026-07-14 23:00:00+00:00,79.246,83.99,-4.744
2026-07-14 23:15:00+00:00,79.066,83.9,-4.834000000000003
2026-07-14 23:30:00+00:00,79.198,83.94,-4.742000000000004
2026-07-14 23:45:00+00:00,79.111,83.826,-4.714999999999989
2026-07-15 00:00:00+00:00,79.462,84.304,-4.841999999999999
2026-07-15 00:15:00+00:00,79.531,84.435,-4.903999999999996
2026-07-15 00:30:00+00:00,79.754,84.686,-4.932000000000002
2026-07-15 00:45:00+00:00,79.421,84.363,-4.941999999999993
2026-07-15 01:00:00+00:00,79.201,84.046,-4.845000000000013
2026-07-15 01:15:00+00:00,79.316,84.129,-4.813000000000002
2026-07-15 01:30:00+00:00,79.27,84.099,-4.829000000000008
2026-07-15 01:45:00+00:00,79.443,84.307,-4.864000000000004
2026-07-15 02:00:00+00:00,79.346,84.235,-4.888999999999996
2026-07-15 02:15:00+00:00,79.445,84.316,-4.871000000000009
2026-07-15 02:30:00+00:00,79.47,84.383,-4.912999999999997
2026-07-15 02:45:00+00:00,79.532,84.44,-4.908000000000001
2026-07-15 03:00:00+00:00,79.43,84.338,-4.907999999999987
2026-07-15 03:15:00+00:00,79.321,84.224,-4.903000000000006
2026-07-15 03:30:00+00:00,79.368,84.312,-4.944000000000003
2026-07-15 03:45:00+00:00,79.166,84.116,-4.950000000000003
2026-07-15 04:00:00+00:00,79.208,84.125,-4.917000000000002
2026-07-15 04:15:00+00:00,79.111,84.041,-4.929999999999993
2026-07-15 04:30:00+00:00,79.054,83.964,-4.909999999999997
2026-07-15 04:45:00+00:00,79.041,83.972,-4.930999999999997
2026-07-15 05:00:00+00:00,79.016,83.94,-4.923999999999992
2026-07-15 05:15:00+00:00,79.108,83.993,-4.884999999999991
2026-07-15 05:30:00+00:00,79.054,83.927,-4.873000000000005
2026-07-15 05:45:00+00:00,78.949,83.824,-4.875
2026-07-15 06:00:00+00:00,78.907,83.788,-4.881
2026-07-15 06:15:00+00:00,78.916,83.768,-4.852000000000004
2026-07-15 06:30:00+00:00,78.892,83.729,-4.837000000000003
2026-07-15 06:45:00+00:00,79.188,84.082,-4.893999999999991
2026-07-15 07:00:00+00:00,79.413,84.213,-4.799999999999997
2026-07-15 07:15:00+00:00,79.572,84.415,-4.8430000000000035
2026-07-15 07:30:00+00:00,79.581,84.325,-4.744
2026-07-15 07:45:00+00:00,79.733,84.496,-4.762999999999991
2026-07-15 08:00:00+00:00,79.988,84.659,-4.6710000000000065
2026-07-15 08:15:00+00:00,79.164,83.788,-4.623999999999995
2026-07-15 08:30:00+00:00,79.095,83.758,-4.662999999999997
2026-07-15 08:45:00+00:00,78.713,83.317,-4.603999999999999
2026-07-15 09:00:00+00:00,78.86,83.499,-4.638999999999996
2026-07-15 09:15:00+00:00,79.176,83.853,-4.6769999999999925
2026-07-15 09:30:00+00:00,79.059,83.71,-4.650999999999996
2026-07-15 09:45:00+00:00,79.384,84.035,-4.650999999999996
2026-07-15 10:00:00+00:00,79.454,84.117,-4.663000000000011
2026-07-15 10:15:00+00:00,79.558,84.292,-4.733999999999995
2026-07-15 10:30:00+00:00,79.34,84.055,-4.715000000000003
2026-07-15 10:45:00+00:00,79.241,83.908,-4.667000000000002
2026-07-15 11:00:00+00:00,79.392,84.061,-4.669000000000011
2026-07-15 11:15:00+00:00,79.097,83.81,-4.713000000000008
2026-07-15 11:30:00+00:00,79.182,83.907,-4.724999999999994
2026-07-15 11:45:00+00:00,78.942,83.637,-4.695000000000007
2026-07-15 12:00:00+00:00,78.986,83.631,-4.644999999999996
2026-07-15 12:15:00+00:00,79.211,83.879,-4.668000000000006
2026-07-15 12:30:00+00:00,79.088,83.682,-4.594000000000008
2026-07-15 12:45:00+00:00,79.135,83.654,-4.518999999999991
2026-07-15 13:00:00+00:00,79.619,83.998,-4.379000000000005
2026-07-15 13:15:00+00:00,79.81,84.119,-4.3089999999999975
2026-07-15 13:30:00+00:00,79.397,83.787,-4.390000000000001
2026-07-15 13:45:00+00:00,79.278,83.556,-4.277999999999992
2026-07-15 14:00:00+00:00,79.237,83.557,-4.320000000000007
2026-07-15 14:15:00+00:00,78.921,83.211,-4.289999999999992
2026-07-15 14:30:00+00:00,78.823,83.16,-4.337000000000003
2026-07-15 14:45:00+00:00,78.24,82.56,-4.320000000000007
2026-07-15 15:00:00+00:00,78.463,82.794,-4.331000000000003
2026-07-15 15:15:00+00:00,78.04,82.441,-4.400999999999996
2026-07-15 15:30:00+00:00,78.194,82.651,-4.456999999999994
2026-07-15 15:45:00+00:00,78.473,83.012,-4.5390000000000015
2026-07-15 16:00:00+00:00,78.583,83.123,-4.540000000000006
2026-07-15 16:15:00+00:00,78.735,83.255,-4.519999999999996
2026-07-15 16:30:00+00:00,79.018,83.469,-4.450999999999993
2026-07-15 16:45:00+00:00,79.0,83.501,-4.501000000000005
2026-07-15 17:00:00+00:00,78.887,83.375,-4.4879999999999995
2026-07-15 17:15:00+00:00,78.546,83.029,-4.48299999999999
2026-07-15 17:30:00+00:00,78.59,83.083,-4.492999999999995
2026-07-15 17:45:00+00:00,78.608,83.117,-4.509
2026-07-15 18:00:00+00:00,78.735,83.275,-4.540000000000006
2026-07-15 18:15:00+00:00,79.2,83.626,-4.426000000000002
2026-07-15 18:30:00+00:00,79.248,83.706,-4.457999999999998
2026-07-15 18:45:00+00:00,79.284,83.71,-4.425999999999988
2026-07-15 19:00:00+00:00,79.165,83.613,-4.447999999999993
2026-07-15 19:15:00+00:00,79.392,83.844,-4.451999999999998
2026-07-15 19:30:00+00:00,79.758,84.212,-4.454000000000008
2026-07-15 19:45:00+00:00,79.789,84.29,-4.501000000000005
2026-07-15 20:00:00+00:00,79.857,84.351,-4.494
2026-07-15 20:15:00+00:00,79.794,84.305,-4.51100000000001
2026-07-15 20:30:00+00:00,79.882,84.416,-4.533999999999992
2026-07-15 20:45:00+00:00,79.715,84.22,-4.5049999999999955
2026-07-15 21:00:00+00:00,79.697,84.128,-4.430999999999997
2026-07-15 21:15:00+00:00,79.581,83.972,-4.390999999999991
2026-07-15 21:30:00+00:00,79.687,84.084,-4.397000000000006
2026-07-15 21:45:00+00:00,79.663,84.007,-4.344000000000008
2026-07-15 22:00:00+00:00,79.676,84.01,-4.334000000000003
2026-07-15 22:15:00+00:00,79.813,84.112,-4.298999999999992
2026-07-15 22:30:00+00:00,79.785,84.083,-4.298000000000002
2026-07-15 22:45:00+00:00,79.726,84.075,-4.349000000000004
2026-07-15 23:00:00+00:00,79.705,84.008,-4.302999999999997
2026-07-15 23:15:00+00:00,79.638,83.938,-4.299999999999997
2026-07-15 23:30:00+00:00,79.621,83.953,-4.332000000000008
2026-07-15 23:45:00+00:00,79.645,83.962,-4.317000000000007
2026-07-16 00:00:00+00:00,79.462,83.791,-4.3289999999999935
2026-07-16 00:15:00+00:00,79.503,83.813,-4.310000000000002
2026-07-16 00:30:00+00:00,79.65,83.939,-4.288999999999987
2026-07-16 00:45:00+00:00,79.617,83.951,-4.333999999999989
2026-07-16 01:00:00+00:00,79.767,84.091,-4.323999999999998
2026-07-16 01:15:00+00:00,79.645,83.949,-4.304000000000002
2026-07-16 01:30:00+00:00,79.612,83.925,-4.313000000000002
2026-07-16 01:45:00+00:00,79.54,83.856,-4.315999999999988
2026-07-16 02:00:00+00:00,79.604,83.9,-4.2960000000000065
2026-07-16 02:15:00+00:00,79.688,83.978,-4.289999999999992
2026-07-16 02:30:00+00:00,79.642,83.972,-4.329999999999998
2026-07-16 02:45:00+00:00,79.523,83.865,-4.341999999999999
2026-07-16 03:00:00+00:00,79.413,83.75,-4.337000000000003
2026-07-16 03:15:00+00:00,79.2,83.486,-4.286000000000001
2026-07-16 03:30:00+00:00,78.956,83.309,-4.352999999999994
2026-07-16 03:45:00+00:00,79.09,83.408,-4.317999999999998
2026-07-16 04:00:00+00:00,79.078,83.379,-4.301000000000002
2026-07-16 04:15:00+00:00,79.076,83.397,-4.321000000000012
2026-07-16 04:30:00+00:00,78.892,83.196,-4.304000000000002
2026-07-16 04:45:00+00:00,78.945,83.25,-4.305000000000007
2026-07-16 05:00:00+00:00,78.922,83.231,-4.3089999999999975
2026-07-16 05:15:00+00:00,78.868,83.148,-4.280000000000001
2026-07-16 05:30:00+00:00,78.931,83.206,-4.275000000000006
2026-07-16 05:45:00+00:00,78.956,83.212,-4.256
2026-07-16 06:00:00+00:00,78.997,83.343,-4.346000000000004
2026-07-16 06:15:00+00:00,79.139,83.477,-4.338000000000008
2026-07-16 06:30:00+00:00,79.097,83.41,-4.313000000000002
2026-07-16 06:45:00+00:00,78.972,83.272,-4.300000000000011
2026-07-16 07:00:00+00:00,78.788,83.095,-4.307000000000002
2026-07-16 07:15:00+00:00,79.196,83.522,-4.326000000000008
2026-07-16 07:30:00+00:00,79.079,83.392,-4.313000000000002
2026-07-16 07:45:00+00:00,79.041,83.3,-4.259
2026-07-16 08:00:00+00:00,79.017,83.307,-4.290000000000006
2026-07-16 08:15:00+00:00,78.889,83.17,-4.281000000000006
2026-07-16 08:30:00+00:00,79.061,83.323,-4.261999999999986
2026-07-16 08:45:00+00:00,78.828,83.077,-4.248999999999995
2026-07-16 09:00:00+00:00,78.454,82.704,-4.25
2026-07-16 09:15:00+00:00,78.613,82.912,-4.299000000000007
2026-07-16 09:30:00+00:00,79.015,83.296,-4.281000000000006
2026-07-16 09:45:00+00:00,79.028,83.319,-4.290999999999997
2026-07-16 10:00:00+00:00,79.064,83.416,-4.352000000000004
2026-07-16 10:15:00+00:00,79.061,83.387,-4.325999999999993
2026-07-16 10:30:00+00:00,79.09,83.411,-4.320999999999998
2026-07-16 10:45:00+00:00,79.135,83.409,-4.274000000000001
2026-07-16 11:00:00+00:00,79.0,83.316,-4.3160000000000025
2026-07-16 11:15:00+00:00,78.927,83.28,-4.352999999999994
2026-07-16 11:30:00+00:00,78.986,83.338,-4.35199999999999
2026-07-16 11:45:00+00:00,79.179,83.501,-4.322000000000003
2026-07-16 12:00:00+00:00,79.627,84.02,-4.393000000000001
2026-07-16 12:15:00+00:00,79.886,84.268,-4.382000000000005
2026-07-16 12:30:00+00:00,80.114,84.506,-4.391999999999996
2026-07-16 12:45:00+00:00,79.944,84.392,-4.447999999999993
2026-07-16 13:00:00+00:00,79.885,84.382,-4.497
2026-07-16 13:15:00+00:00,79.698,84.114,-4.416000000000011
2026-07-16 13:30:00+00:00,79.498,83.979,-4.4809999999999945
2026-07-16 13:45:00+00:00,79.612,84.054,-4.442000000000007
2026-07-16 14:00:00+00:00,79.469,83.918,-4.449000000000012
2026-07-16 14:15:00+00:00,79.556,84.014,-4.457999999999998
2026-07-16 14:30:00+00:00,79.261,83.793,-4.532000000000011
2026-07-16 14:45:00+00:00,79.106,83.643,-4.537000000000006
2026-07-16 15:00:00+00:00,79.226,83.752,-4.525999999999996
2026-07-16 15:15:00+00:00,79.02,83.576,-4.555999999999997
2026-07-16 15:30:00+00:00,78.844,83.425,-4.581000000000003
2026-07-16 15:45:00+00:00,78.848,83.511,-4.662999999999997
2026-07-16 16:00:00+00:00,78.958,83.639,-4.680999999999997
2026-07-16 16:15:00+00:00,78.966,83.7,-4.734000000000009
2026-07-16 16:30:00+00:00,78.867,83.573,-4.705999999999989
2026-07-16 16:45:00+00:00,78.476,83.225,-4.748999999999995
2026-07-16 17:00:00+00:00,78.713,83.393,-4.680000000000007
2026-07-16 17:15:00+00:00,78.424,83.12,-4.695999999999998
2026-07-16 17:30:00+00:00,78.491,83.166,-4.674999999999997
2026-07-16 17:45:00+00:00,78.244,82.937,-4.692999999999998
2026-07-16 18:00:00+00:00,78.162,82.884,-4.721999999999994
2026-07-16 18:15:00+00:00,78.364,83.04,-4.676000000000002
2026-07-16 18:30:00+00:00,78.377,83.09,-4.713000000000008
2026-07-16 18:45:00+00:00,78.456,83.12,-4.6640000000000015
2026-07-16 19:00:00+00:00,78.415,83.098,-4.682999999999993
2026-07-16 19:15:00+00:00,78.415,83.078,-4.662999999999997
2026-07-16 19:30:00+00:00,78.496,83.171,-4.675000000000011
2026-07-16 19:45:00+00:00,78.486,83.12,-4.634
2026-07-16 20:00:00+00:00,78.522,83.169,-4.646999999999991
2026-07-16 20:15:00+00:00,78.55,83.208,-4.658000000000001
2026-07-16 20:30:00+00:00,78.853,83.568,-4.715000000000003
2026-07-16 20:45:00+00:00,78.958,83.666,-4.707999999999998
2026-07-16 21:00:00+00:00,79.03,83.775,-4.7450000000000045
2026-07-16 21:15:00+00:00,79.015,83.649,-4.634
2026-07-16 21:30:00+00:00,78.97,83.588,-4.617999999999995
2026-07-16 21:45:00+00:00,79.03,83.735,-4.704999999999998
2026-07-16 22:00:00+00:00,79.108,83.853,-4.74499999999999
2026-07-16 22:15:00+00:00,79.033,83.7,-4.667000000000002
2026-07-16 22:30:00+00:00,79.057,83.687,-4.6299999999999955
2026-07-16 22:45:00+00:00,79.019,83.601,-4.581999999999994
2026-07-16 23:00:00+00:00,79.029,83.605,-4.576000000000008
2026-07-16 23:15:00+00:00,79.033,83.611,-4.578000000000003
2026-07-16 23:30:00+00:00,79.006,83.628,-4.622
2026-07-16 23:45:00+00:00,79.066,83.653,-4.587000000000003
2026-07-17 00:00:00+00:00,78.889,83.558,-4.669000000000011
2026-07-17 00:15:00+00:00,79.051,83.692,-4.640999999999991
2026-07-17 00:30:00+00:00,79.161,83.782,-4.620999999999995
2026-07-17 00:45:00+00:00,79.164,83.856,-4.691999999999993
2026-07-17 01:00:00+00:00,79.381,84.059,-4.677999999999997
2026-07-17 01:15:00+00:00,79.548,84.227,-4.679000000000002
2026-07-17 01:30:00+00:00,79.302,83.952,-4.6499999999999915
2026-07-17 01:45:00+00:00,79.221,83.861,-4.640000000000001
2026-07-17 02:00:00+00:00,79.218,83.881,-4.662999999999997
2026-07-17 02:15:00+00:00,79.117,83.759,-4.641999999999996
2026-07-17 02:30:00+00:00,79.025,83.705,-4.679999999999993
2026-07-17 02:45:00+00:00,79.085,83.703,-4.618000000000009
2026-07-17 03:00:00+00:00,79.096,83.725,-4.628999999999991
2026-07-17 03:15:00+00:00,79.126,83.748,-4.622
2026-07-17 03:30:00+00:00,79.175,83.781,-4.606000000000009
2026-07-17 03:45:00+00:00,79.237,83.834,-4.597000000000008
2026-07-17 04:00:00+00:00,79.25,83.853,-4.602999999999994
2026-07-17 04:15:00+00:00,79.325,83.934,-4.608999999999995
2026-07-17 04:30:00+00:00,79.25,83.872,-4.622
2026-07-17 04:45:00+00:00,79.244,83.873,-4.629000000000005
2026-07-17 05:00:00+00:00,79.124,83.764,-4.640000000000001
2026-07-17 05:15:00+00:00,79.067,83.698,-4.631
2026-07-17 05:30:00+00:00,78.385,82.967,-4.581999999999994
2026-07-17 05:45:00+00:00,78.465,83.085,-4.61999999999999
2026-07-17 06:00:00+00:00,78.133,82.646,-4.513000000000005
2026-07-17 06:15:00+00:00,78.46,83.007,-4.547000000000011
2026-07-17 06:30:00+00:00,78.742,83.169,-4.4269999999999925
2026-07-17 06:45:00+00:00,78.647,83.102,-4.454999999999998
2026-07-17 07:00:00+00:00,78.884,83.333,-4.448999999999998
2026-07-17 07:15:00+00:00,79.035,83.486,-4.451000000000008
2026-07-17 07:30:00+00:00,78.956,83.409,-4.453000000000003
2026-07-17 07:45:00+00:00,78.803,83.25,-4.447000000000003
2026-07-17 08:00:00+00:00,78.846,83.284,-4.438000000000002
2026-07-17 08:15:00+00:00,79.105,83.487,-4.381999999999991
2026-07-17 08:30:00+00:00,78.993,83.427,-4.434000000000012
2026-07-17 08:45:00+00:00,79.319,83.71,-4.390999999999991
2026-07-17 09:00:00+00:00,79.463,83.847,-4.384
2026-07-17 09:15:00+00:00,79.807,84.204,-4.396999999999991
2026-07-17 09:30:00+00:00,79.742,84.167,-4.424999999999997
2026-07-17 09:45:00+00:00,79.8,84.15,-4.3500000000000085
2026-07-17 10:00:00+00:00,79.988,84.384,-4.396000000000001
2026-07-17 10:15:00+00:00,79.857,84.251,-4.3940000000000055
2026-07-17 10:30:00+00:00,79.805,84.173,-4.367999999999995
2026-07-17 10:45:00+00:00,79.994,84.344,-4.349999999999994
2026-07-17 11:00:00+00:00,80.158,84.5,-4.341999999999999
2026-07-17 11:15:00+00:00,80.092,84.428,-4.3359999999999985
2026-07-17 11:30:00+00:00,79.994,84.402,-4.408000000000001
2026-07-17 11:45:00+00:00,80.187,84.551,-4.364000000000004
2026-07-17 12:00:00+00:00,80.116,84.547,-4.430999999999997
2026-07-17 12:15:00+00:00,80.237,84.662,-4.425000000000011
2026-07-17 12:30:00+00:00,80.321,84.78,-4.459000000000003
2026-07-17 12:45:00+00:00,80.417,84.876,-4.459000000000003
2026-07-17 13:00:00+00:00,80.876,85.217,-4.340999999999994
2026-07-17 13:15:00+00:00,80.982,85.292,-4.310000000000002
2026-07-17 13:30:00+00:00,80.923,85.287,-4.364000000000004
2026-07-17 13:45:00+00:00,81.164,85.459,-4.295000000000002
2026-07-17 14:00:00+00:00,81.124,85.551,-4.427000000000007
2026-07-17 14:15:00+00:00,80.926,85.397,-4.471000000000004
2026-07-17 14:30:00+00:00,80.855,85.368,-4.512999999999991
2026-07-17 14:45:00+00:00,80.264,84.879,-4.615000000000009
2026-07-17 15:00:00+00:00,80.005,84.653,-4.64800000000001
2026-07-17 15:15:00+00:00,80.486,85.031,-4.545000000000002
2026-07-17 15:30:00+00:00,80.773,85.266,-4.493000000000009
2026-07-17 15:45:00+00:00,80.707,85.243,-4.536000000000001
2026-07-17 16:00:00+00:00,81.339,85.801,-4.462000000000003
2026-07-17 16:15:00+00:00,81.423,85.93,-4.507000000000005
2026-07-17 16:30:00+00:00,81.393,85.916,-4.522999999999996
2026-07-17 16:45:00+00:00,81.497,86.059,-4.561999999999998
2026-07-17 17:00:00+00:00,81.539,86.055,-4.516000000000005
2026-07-17 17:15:00+00:00,81.705,86.189,-4.483999999999995
2026-07-17 17:30:00+00:00,81.82,86.405,-4.585000000000008
2026-07-17 17:45:00+00:00,81.81,86.336,-4.525999999999996
2026-07-17 18:00:00+00:00,82.042,86.505,-4.462999999999994
2026-07-17 18:15:00+00:00,81.724,86.268,-4.543999999999997
2026-07-17 18:30:00+00:00,81.484,86.018,-4.534000000000006
2026-07-17 18:45:00+00:00,81.464,86.026,-4.561999999999998
2026-07-17 19:00:00+00:00,81.436,85.987,-4.550999999999988
2026-07-17 19:15:00+00:00,81.442,86.001,-4.559000000000012
2026-07-17 19:30:00+00:00,81.16,85.72,-4.560000000000002
2026-07-17 19:45:00+00:00,81.491,86.026,-4.534999999999997
2026-07-17 20:00:00+00:00,81.583,86.081,-4.498000000000005
2026-07-17 20:15:00+00:00,81.776,86.291,-4.515000000000001
2026-07-17 20:30:00+00:00,81.861,86.384,-4.522999999999996
2026-07-17 20:45:00+00:00,81.837,86.322,-4.484999999999999
2026-07-17 21:00:00+00:00,81.863,86.377,-4.513999999999996
2026-07-17 21:15:00+00:00,81.961,86.496,-4.534999999999997
2026-07-17 21:30:00+00:00,82.048,86.698,-4.6499999999999915
2026-07-17 21:45:00+00:00,81.865,86.439,-4.573999999999998
2026-07-17 22:00:00+00:00,81.883,86.503,-4.6200000000000045
2026-07-17 22:15:00+00:00,82.203,86.785,-4.581999999999994
2026-07-17 22:30:00+00:00,82.34,87.016,-4.676000000000002
2026-07-17 22:45:00+00:00,82.385,86.998,-4.6129999999999995
2026-07-17 23:00:00+00:00,82.367,87.001,-4.634
2026-07-17 23:15:00+00:00,82.295,86.998,-4.703000000000003
2026-07-17 23:30:00+00:00,82.128,86.678,-4.549999999999997
2026-07-17 23:45:00+00:00,82.228,86.782,-4.554000000000002
2026-07-18 00:00:00+00:00,82.369,86.95,-4.581000000000003
2026-07-18 00:15:00+00:00,81.828,86.438,-4.609999999999999
2026-07-18 00:30:00+00:00,82.129,86.714,-4.584999999999994
2026-07-18 00:45:00+00:00,82.045,86.673,-4.628
2026-07-18 01:00:00+00:00,81.984,86.604,-4.6200000000000045
2026-07-18 01:15:00+00:00,82.002,86.633,-4.631
2026-07-18 01:30:00+00:00,82.014,86.676,-4.662000000000006
2026-07-18 01:45:00+00:00,82.136,86.78,-4.6440000000000055
2026-07-18 02:00:00+00:00,82.065,86.733,-4.668000000000006
2026-07-18 02:15:00+00:00,82.062,86.695,-4.632999999999996
2026-07-18 02:30:00+00:00,82.086,86.642,-4.555999999999997
2026-07-18 02:45:00+00:00,82.135,86.736,-4.600999999999999
2026-07-18 03:00:00+00:00,82.17,86.716,-4.545999999999992
2026-07-18 03:15:00+00:00,81.985,86.633,-4.647999999999996
2026-07-18 03:30:00+00:00,81.724,86.378,-4.653999999999996
2026-07-18 03:45:00+00:00,81.847,86.506,-4.659000000000006
2026-07-18 04:00:00+00:00,81.699,86.296,-4.597000000000008
2026-07-18 04:15:00+00:00,81.707,86.365,-4.658000000000001
2026-07-18 04:30:00+00:00,81.596,86.273,-4.6769999999999925
2026-07-18 04:45:00+00:00,81.563,86.242,-4.679000000000002
2026-07-18 05:00:00+00:00,81.619,86.23,-4.611000000000004
2026-07-18 05:15:00+00:00,81.55,86.212,-4.662000000000006
2026-07-18 05:30:00+00:00,81.613,86.24,-4.626999999999995
2026-07-18 05:45:00+00:00,81.536,86.201,-4.664999999999992
2026-07-18 06:00:00+00:00,81.555,86.267,-4.711999999999989
2026-07-18 06:15:00+00:00,81.58,86.298,-4.7180000000000035
2026-07-18 06:30:00+00:00,81.764,86.449,-4.685000000000002
2026-07-18 06:45:00+00:00,81.785,86.476,-4.6910000000000025
2026-07-18 07:00:00+00:00,82.059,86.762,-4.703000000000003
2026-07-18 07:15:00+00:00,81.97,86.647,-4.677000000000007
2026-07-18 07:30:00+00:00,82.009,86.708,-4.698999999999998
2026-07-18 07:45:00+00:00,81.949,86.607,-4.658000000000001
2026-07-18 08:00:00+00:00,81.989,86.676,-4.686999999999998
2026-07-18 08:15:00+00:00,82.008,86.755,-4.747
2026-07-18 08:30:00+00:00,82.0,86.741,-4.741
2026-07-18 08:45:00+00:00,82.092,86.825,-4.733000000000004
2026-07-18 09:00:00+00:00,82.194,86.932,-4.7379999999999995
2026-07-18 09:15:00+00:00,82.116,86.869,-4.753
2026-07-18 09:30:00+00:00,82.119,86.829,-4.709999999999994
2026-07-18 09:45:00+00:00,82.197,86.925,-4.727999999999994
2026-07-18 10:00:00+00:00,82.363,87.09,-4.727000000000004
2026-07-18 10:15:00+00:00,82.521,87.258,-4.736999999999995
2026-07-18 10:30:00+00:00,82.79,87.394,-4.603999999999999
2026-07-18 10:45:00+00:00,82.612,87.253,-4.641000000000005
2026-07-18 11:00:00+00:00,82.849,87.451,-4.60199999999999
2026-07-18 11:15:00+00:00,82.653,87.309,-4.655999999999992
2026-07-18 11:30:00+00:00,82.672,87.342,-4.670000000000002
2026-07-18 11:45:00+00:00,82.746,87.374,-4.628
2026-07-18 12:00:00+00:00,82.76,87.331,-4.570999999999998
2026-07-18 12:15:00+00:00,82.692,87.264,-4.572000000000003
2026-07-18 12:30:00+00:00,82.801,87.407,-4.6059999999999945
2026-07-18 12:45:00+00:00,82.861,87.473,-4.611999999999995
2026-07-18 13:00:00+00:00,82.736,87.37,-4.634
2026-07-18 13:15:00+00:00,82.767,87.424,-4.657000000000011
2026-07-18 13:30:00+00:00,82.755,87.427,-4.672000000000011
2026-07-18 13:45:00+00:00,82.665,87.329,-4.663999999999987
2026-07-18 14:00:00+00:00,82.661,87.338,-4.6769999999999925
2026-07-18 14:15:00+00:00,82.703,87.312,-4.608999999999995
2026-07-18 14:30:00+00:00,82.586,87.18,-4.594000000000008
2026-07-18 14:45:00+00:00,82.57,87.172,-4.602000000000004
2026-07-18 15:00:00+00:00,82.757,87.372,-4.614999999999995
2026-07-18 15:15:00+00:00,82.74,87.362,-4.622
2026-07-18 15:30:00+00:00,82.657,87.298,-4.641000000000005
2026-07-18 15:45:00+00:00,82.663,87.271,-4.608000000000004
2026-07-18 16:00:00+00:00,82.767,87.334,-4.567000000000007
2026-07-18 16:15:00+00:00,82.814,87.38,-4.5660000000000025
2026-07-18 16:30:00+00:00,82.794,87.419,-4.625
2026-07-18 16:45:00+00:00,82.816,87.455,-4.638999999999996
2026-07-18 17:00:00+00:00,82.941,87.569,-4.628
2026-07-18 17:15:00+00:00,83.256,88.017,-4.760999999999996
2026-07-18 17:30:00+00:00,83.105,87.773,-4.667999999999992
2026-07-18 17:45:00+00:00,83.153,87.87,-4.716999999999999
2026-07-18 18:00:00+00:00,83.387,88.066,-4.679000000000002
2026-07-18 18:15:00+00:00,83.646,88.309,-4.662999999999997
2026-07-18 18:30:00+00:00,83.61,88.232,-4.622
2026-07-18 18:45:00+00:00,84.035,88.729,-4.694000000000003
2026-07-18 19:00:00+00:00,83.984,88.704,-4.719999999999999
2026-07-18 19:15:00+00:00,83.992,88.625,-4.632999999999996
2026-07-18 19:30:00+00:00,83.83,88.45,-4.6200000000000045
2026-07-18 19:45:00+00:00,83.612,88.185,-4.5730000000000075
2026-07-18 20:00:00+00:00,83.914,88.638,-4.724000000000004
2026-07-18 20:15:00+00:00,83.6,88.25,-4.650000000000006
2026-07-18 20:30:00+00:00,83.812,88.484,-4.671999999999997
2026-07-18 20:45:00+00:00,83.727,88.303,-4.575999999999993
2026-07-18 21:00:00+00:00,83.835,88.509,-4.674000000000007
2026-07-18 21:15:00+00:00,83.462,88.203,-4.741
2026-07-18 21:30:00+00:00,83.484,88.225,-4.741
2026-07-18 21:45:00+00:00,83.682,88.413,-4.7309999999999945
2026-07-18 22:00:00+00:00,83.947,88.644,-4.697000000000003
2026-07-18 22:15:00+00:00,84.056,88.699,-4.643000000000001
2026-07-18 22:30:00+00:00,83.86,88.536,-4.676000000000002
2026-07-18 22:45:00+00:00,84.003,88.644,-4.641000000000005
2026-07-18 23:00:00+00:00,84.095,88.768,-4.673000000000002
2026-07-18 23:15:00+00:00,83.751,88.398,-4.646999999999991
2026-07-18 23:30:00+00:00,83.657,88.363,-4.706000000000003
2026-07-18 23:45:00+00:00,83.673,88.395,-4.721999999999994
2026-07-19 00:00:00+00:00,83.665,88.392,-4.72699999999999
2026-07-19 00:15:00+00:00,83.686,88.431,-4.74499999999999
2026-07-19 00:30:00+00:00,83.85,88.556,-4.706000000000003
2026-07-19 00:45:00+00:00,83.777,88.475,-4.697999999999993
2026-07-19 01:00:00+00:00,83.633,88.36,-4.727000000000004
2026-07-19 01:15:00+00:00,83.692,88.41,-4.7180000000000035
2026-07-19 01:30:00+00:00,83.67,88.346,-4.676000000000002
2026-07-19 01:45:00+00:00,83.51,88.245,-4.734999999999999
2026-07-19 02:00:00+00:00,83.559,88.279,-4.719999999999999
2026-07-19 02:15:00+00:00,83.507,88.246,-4.73899999999999
2026-07-19 02:30:00+00:00,83.383,88.088,-4.704999999999998
2026-07-19 02:45:00+00:00,83.475,88.17,-4.695000000000007
2026-07-19 03:00:00+00:00,83.563,88.29,-4.727000000000004
2026-07-19 03:15:00+00:00,83.762,88.45,-4.688000000000002
2026-07-19 03:30:00+00:00,83.568,88.32,-4.751999999999995
2026-07-19 03:45:00+00:00,83.589,88.318,-4.728999999999999
2026-07-19 04:00:00+00:00,83.719,88.48,-4.76100000000001
2026-07-19 04:15:00+00:00,83.553,88.276,-4.722999999999999
2026-07-19 04:30:00+00:00,83.557,88.29,-4.733000000000004
2026-07-19 04:45:00+00:00,83.628,88.432,-4.804000000000002
2026-07-19 05:00:00+00:00,83.639,88.412,-4.77300000000001
2026-07-19 05:15:00+00:00,83.563,88.312,-4.748999999999995
2026-07-19 05:30:00+00:00,83.552,88.317,-4.764999999999986
2026-07-19 05:45:00+00:00,83.517,88.315,-4.798000000000002
2026-07-19 06:00:00+00:00,83.537,88.321,-4.783999999999992
2026-07-19 06:15:00+00:00,83.45,88.121,-4.670999999999992
2026-07-19 06:30:00+00:00,83.678,88.381,-4.703000000000003
2026-07-19 06:45:00+00:00,83.948,88.645,-4.697000000000003
2026-07-19 07:00:00+00:00,83.61,88.154,-4.543999999999997
2026-07-19 07:15:00+00:00,83.711,88.308,-4.597000000000008
2026-07-19 07:30:00+00:00,83.722,88.318,-4.596000000000004
2026-07-19 07:45:00+00:00,83.744,88.411,-4.667000000000002
2026-07-19 08:00:00+00:00,83.713,88.298,-4.585000000000008
2026-07-19 08:15:00+00:00,83.777,88.387,-4.609999999999999
2026-07-19 08:30:00+00:00,83.762,88.318,-4.555999999999997
2026-07-19 08:45:00+00:00,83.897,88.421,-4.524000000000001
2026-07-19 09:00:00+00:00,83.966,88.47,-4.504000000000005
2026-07-19 09:15:00+00:00,83.928,88.463,-4.534999999999997
2026-07-19 09:30:00+00:00,83.881,88.361,-4.480000000000004
2026-07-19 09:45:00+00:00,83.855,88.339,-4.483999999999995
2026-07-19 10:00:00+00:00,83.827,88.323,-4.495999999999995
2026-07-19 10:15:00+00:00,83.815,88.286,-4.471000000000004
2026-07-19 10:30:00+00:00,83.838,88.344,-4.506
2026-07-19 10:45:00+00:00,83.756,88.328,-4.572000000000003
2026-07-19 11:00:00+00:00,83.757,88.272,-4.515000000000001
2026-07-19 11:15:00+00:00,83.693,88.229,-4.536000000000001
2026-07-19 11:30:00+00:00,83.69,88.31,-4.6200000000000045
2026-07-19 11:45:00+00:00,83.674,88.278,-4.603999999999999
2026-07-19 12:00:00+00:00,83.644,88.203,-4.5589999999999975
2026-07-19 12:15:00+00:00,83.826,88.337,-4.51100000000001
2026-07-19 12:30:00+00:00,83.836,88.324,-4.4879999999999995
2026-07-19 12:45:00+00:00,83.868,88.384,-4.516000000000005
2026-07-19 13:00:00+00:00,83.824,88.291,-4.466999999999999
2026-07-19 13:15:00+00:00,83.795,88.287,-4.492000000000004
2026-07-19 13:30:00+00:00,83.84,88.303,-4.462999999999994
2026-07-19 13:45:00+00:00,83.759,88.215,-4.456000000000003
2026-07-19 14:00:00+00:00,83.744,88.229,-4.484999999999999
2026-07-19 14:15:00+00:00,83.782,88.279,-4.497
2026-07-19 14:30:00+00:00,83.778,88.265,-4.486999999999995
2026-07-19 14:45:00+00:00,83.835,88.339,-4.504000000000005
2026-07-19 15:00:00+00:00,83.873,88.359,-4.48599999999999
2026-07-19 15:15:00+00:00,83.952,88.472,-4.519999999999996
2026-07-19 15:30:00+00:00,83.888,88.375,-4.486999999999995
2026-07-19 15:45:00+00:00,83.834,88.332,-4.4979999999999905
2026-07-19 16:00:00+00:00,83.823,88.304,-4.481000000000009
2026-07-19 16:15:00+00:00,83.896,88.35,-4.4539999999999935
2026-07-19 16:30:00+00:00,83.732,88.207,-4.474999999999994
2026-07-19 16:45:00+00:00,83.665,88.194,-4.528999999999996
2026-07-19 17:00:00+00:00,83.657,88.125,-4.4680000000000035
2026-07-19 17:15:00+00:00,83.58,88.047,-4.466999999999999
2026-07-19 17:30:00+00:00,83.603,88.039,-4.436000000000007
2026-07-19 17:45:00+00:00,83.653,88.211,-4.557999999999993
2026-07-19 18:00:00+00:00,83.65,88.1,-4.449999999999989
2026-07-19 18:15:00+00:00,83.35,87.762,-4.412000000000006
2026-07-19 18:30:00+00:00,83.576,88.048,-4.472000000000008
2026-07-19 18:45:00+00:00,83.66,88.127,-4.466999999999999
2026-07-19 19:00:00+00:00,83.596,88.062,-4.465999999999994
2026-07-19 19:15:00+00:00,83.571,88.003,-4.432000000000002
2026-07-19 19:30:00+00:00,83.489,87.924,-4.435000000000002
2026-07-19 19:45:00+00:00,83.436,87.896,-4.459999999999994
2026-07-19 20:00:00+00:00,83.695,88.091,-4.396000000000001
2026-07-19 20:15:00+00:00,83.609,87.999,-4.390000000000001
2026-07-19 20:30:00+00:00,83.604,87.966,-4.361999999999995
2026-07-19 20:45:00+00:00,83.716,88.161,-4.445000000000007
2026-07-19 21:00:00+00:00,83.689,88.124,-4.435000000000002
2026-07-19 21:15:00+00:00,83.622,88.057,-4.435000000000002
2026-07-19 21:30:00+00:00,83.643,88.055,-4.412000000000006
2026-07-19 21:45:00+00:00,83.354,87.745,-4.391000000000005
2026-07-19 22:00:00+00:00,83.913,88.471,-4.558000000000007
2026-07-19 22:15:00+00:00,84.604,89.063,-4.459000000000003
2026-07-19 22:30:00+00:00,84.154,88.726,-4.572000000000003
2026-07-19 22:45:00+00:00,84.086,88.611,-4.525000000000006
2026-07-19 23:00:00+00:00,84.095,88.571,-4.475999999999999
2026-07-19 23:15:00+00:00,83.996,88.526,-4.530000000000001
2026-07-19 23:30:00+00:00,84.005,88.521,-4.516000000000005
2026-07-19 23:45:00+00:00,83.892,88.441,-4.549000000000007
2026-07-20 00:00:00+00:00,83.695,88.22,-4.525000000000006
2026-07-20 00:15:00+00:00,83.751,88.264,-4.512999999999991
2026-07-20 00:30:00+00:00,83.739,88.244,-4.5049999999999955
2026-07-20 00:45:00+00:00,83.609,88.127,-4.518000000000001
2026-07-20 01:00:00+00:00,83.672,88.187,-4.515000000000001
2026-07-20 01:15:00+00:00,83.627,88.196,-4.569000000000003
2026-07-20 01:30:00+00:00,83.834,88.302,-4.4680000000000035
2026-07-20 01:45:00+00:00,83.731,88.204,-4.472999999999999
2026-07-20 02:00:00+00:00,83.84,88.349,-4.509
2026-07-20 02:15:00+00:00,83.656,88.134,-4.477999999999994
2026-07-20 02:30:00+00:00,83.569,88.095,-4.525999999999996
2026-07-20 02:45:00+00:00,83.415,87.857,-4.441999999999993
2026-07-20 03:00:00+00:00,83.561,88.0,-4.438999999999993
2026-07-20 03:15:00+00:00,83.574,88.008,-4.4339999999999975
2026-07-20 03:30:00+00:00,83.645,88.096,-4.451000000000008
2026-07-20 03:45:00+00:00,83.697,88.148,-4.450999999999993
2026-07-20 04:00:00+00:00,83.797,88.255,-4.457999999999998
2026-07-20 04:15:00+00:00,83.746,88.212,-4.466000000000008
2026-07-20 04:30:00+00:00,83.557,88.067,-4.509999999999991
2026-07-20 04:45:00+00:00,83.597,88.097,-4.5
2026-07-20 05:00:00+00:00,83.53,88.052,-4.522000000000006
2026-07-20 05:15:00+00:00,83.759,88.27,-4.510999999999996
2026-07-20 05:30:00+00:00,83.806,88.272,-4.466000000000008
2026-07-20 05:45:00+00:00,83.871,88.4,-4.529000000000011
2026-07-20 06:00:00+00:00,84.038,88.562,-4.524000000000001
2026-07-20 06:15:00+00:00,83.857,88.417,-4.560000000000002
2026-07-20 06:30:00+00:00,83.913,88.469,-4.555999999999997
2026-07-20 06:45:00+00:00,83.94,88.434,-4.494
2026-07-20 07:00:00+00:00,84.023,88.47,-4.447000000000003
2026-07-20 07:15:00+00:00,83.291,87.823,-4.5319999999999965
2026-07-20 07:30:00+00:00,82.254,86.661,-4.4069999999999965
2026-07-20 07:45:00+00:00,82.277,86.796,-4.5190000000000055
2026-07-20 08:00:00+00:00,81.771,86.378,-4.606999999999999
2026-07-20 08:15:00+00:00,81.64,86.216,-4.575999999999993
2026-07-20 08:30:00+00:00,81.724,86.349,-4.625
2026-07-20 08:45:00+00:00,81.595,86.205,-4.609999999999999
2026-07-20 09:00:00+00:00,81.531,86.301,-4.769999999999996
2026-07-20 09:15:00+00:00,81.373,86.041,-4.667999999999992
2026-07-20 09:30:00+00:00,81.171,85.867,-4.695999999999998
2026-07-20 09:45:00+00:00,81.193,85.944,-4.751000000000005
2026-07-20 10:00:00+00:00,81.436,86.174,-4.7379999999999995
2026-07-20 10:15:00+00:00,81.493,86.183,-4.690000000000012
2026-07-20 10:30:00+00:00,81.728,86.444,-4.716000000000008
2026-07-20 10:45:00+00:00,81.682,86.326,-4.643999999999991
2026-07-20 11:00:00+00:00,81.74,86.457,-4.716999999999999
2026-07-20 11:15:00+00:00,81.645,86.276,-4.631
2026-07-20 11:30:00+00:00,79.779,84.584,-4.805000000000007
2026-07-20 11:45:00+00:00,80.282,84.983,-4.701000000000008
2026-07-20 12:00:00+00:00,81.462,86.202,-4.739999999999995
2026-07-20 12:15:00+00:00,81.874,86.496,-4.622
2026-07-20 12:30:00+00:00,82.053,86.639,-4.5859999999999985
2026-07-20 12:45:00+00:00,81.885,86.536,-4.650999999999996
2026-07-20 13:00:00+00:00,81.784,86.264,-4.47999999999999
2026-07-20 13:15:00+00:00,81.371,85.872,-4.501000000000005
2026-07-20 13:30:00+00:00,81.472,85.971,-4.499000000000009
2026-07-20 13:45:00+00:00,81.734,86.178,-4.444000000000003
2026-07-20 14:00:00+00:00,81.991,86.391,-4.400000000000006
2026-07-20 14:15:00+00:00,81.562,86.031,-4.469000000000008
2026-07-20 14:30:00+00:00,81.484,86.019,-4.535000000000011
2026-07-20 14:45:00+00:00,82.008,86.474,-4.466000000000008
2026-07-20 15:00:00+00:00,81.495,85.992,-4.497
2026-07-20 15:15:00+00:00,81.448,85.999,-4.551000000000002
2026-07-20 15:30:00+00:00,81.538,86.097,-4.5589999999999975
2026-07-20 15:45:00+00:00,81.559,86.12,-4.561000000000007
2026-07-20 16:00:00+00:00,81.415,86.019,-4.603999999999999
2026-07-20 16:15:00+00:00,81.642,86.253,-4.611000000000004
2026-07-20 16:30:00+00:00,81.874,86.517,-4.643000000000001
2026-07-20 16:45:00+00:00,81.924,86.6,-4.675999999999988
2026-07-20 17:00:00+00:00,81.789,86.496,-4.706999999999994
2026-07-20 17:15:00+00:00,81.789,86.487,-4.697999999999993
2026-07-20 17:30:00+00:00,82.042,86.789,-4.747
2026-07-20 17:45:00+00:00,82.207,86.947,-4.740000000000009
2026-07-20 18:00:00+00:00,81.968,86.801,-4.832999999999998
2026-07-20 18:15:00+00:00,82.605,87.281,-4.676000000000002
2026-07-20 18:30:00+00:00,82.924,87.565,-4.640999999999991
2026-07-20 18:45:00+00:00,82.86,87.4,-4.540000000000006
2026-07-20 19:00:00+00:00,82.798,87.352,-4.554000000000002
2026-07-20 19:15:00+00:00,82.543,87.055,-4.5120000000000005
2026-07-20 19:30:00+00:00,82.447,86.941,-4.494
2026-07-20 19:45:00+00:00,82.457,86.967,-4.510000000000005
2026-07-20 20:00:00+00:00,82.42,86.917,-4.497
2026-07-20 20:15:00+00:00,82.49,87.019,-4.529000000000011
2026-07-20 20:30:00+00:00,82.518,87.028,-4.510000000000005
2026-07-20 20:45:00+00:00,82.451,87.079,-4.628
2026-07-20 21:00:00+00:00,82.306,86.887,-4.581000000000003
2026-07-20 21:15:00+00:00,82.374,86.987,-4.6129999999999995
2026-07-20 21:30:00+00:00,82.406,87.038,-4.631999999999991
2026-07-20 21:45:00+00:00,82.402,86.972,-4.569999999999993
2026-07-20 22:00:00+00:00,82.551,87.056,-4.5049999999999955
2026-07-20 22:15:00+00:00,82.583,87.064,-4.4809999999999945
2026-07-20 22:30:00+00:00,82.607,87.082,-4.474999999999994
2026-07-20 22:45:00+00:00,82.663,87.136,-4.472999999999999
2026-07-20 23:00:00+00:00,82.634,87.072,-4.438000000000002
2026-07-20 23:15:00+00:00,82.563,87.058,-4.4950000000000045
2026-07-20 23:30:00+00:00,82.628,87.082,-4.4539999999999935
2026-07-20 23:45:00+00:00,82.517,86.978,-4.4609999999999985
2026-07-21 00:00:00+00:00,82.467,87.058,-4.591000000000008
2026-07-21 00:15:00+00:00,82.559,87.165,-4.606000000000009
2026-07-21 00:30:00+00:00,82.48,87.077,-4.596999999999994
2026-07-21 00:45:00+00:00,82.53,87.129,-4.599000000000004
2026-07-21 01:00:00+00:00,82.141,86.618,-4.47699999999999
2026-07-21 01:15:00+00:00,82.173,86.593,-4.420000000000002
2026-07-21 01:30:00+00:00,82.224,86.69,-4.465999999999994
2026-07-21 01:45:00+00:00,82.431,86.896,-4.465000000000003
2026-07-21 02:00:00+00:00,82.333,86.791,-4.457999999999998
2026-07-21 02:15:00+00:00,82.355,86.787,-4.432000000000002
2026-07-21 02:30:00+00:00,82.463,86.915,-4.452000000000012
2026-07-21 02:45:00+00:00,82.172,86.671,-4.499000000000009
2026-07-21 03:00:00+00:00,82.39,86.879,-4.489000000000004
2026-07-21 03:15:00+00:00,82.29,86.778,-4.4879999999999995
2026-07-21 03:30:00+00:00,82.229,86.777,-4.548000000000002
2026-07-21 03:45:00+00:00,82.188,86.732,-4.543999999999997
2026-07-21 04:00:00+00:00,82.055,86.627,-4.5719999999999885
2026-07-21 04:15:00+00:00,82.16,86.713,-4.552999999999997
2026-07-21 04:30:00+00:00,82.155,86.726,-4.570999999999998
2026-07-21 04:45:00+00:00,82.142,86.705,-4.563000000000002
2026-07-21 05:00:00+00:00,82.304,86.843,-4.5390000000000015
2026-07-21 05:15:00+00:00,82.341,86.854,-4.513000000000005
2026-07-21 05:30:00+00:00,82.079,86.594,-4.515000000000001
2026-07-21 05:45:00+00:00,82.061,86.573,-4.511999999999986
2026-07-21 06:00:00+00:00,82.161,86.71,-4.548999999999992
2026-07-21 06:15:00+00:00,81.934,86.477,-4.543000000000006
2026-07-21 06:30:00+00:00,82.036,86.571,-4.534999999999997
2026-07-21 06:45:00+00:00,82.327,86.82,-4.492999999999995
2026-07-21 07:00:00+00:00,82.611,87.133,-4.521999999999991
2026-07-21 07:15:00+00:00,82.884,87.368,-4.483999999999995
2026-07-21 07:30:00+00:00,82.259,86.793,-4.534000000000006
2026-07-21 07:45:00+00:00,81.934,86.518,-4.584000000000003
2026-07-21 08:00:00+00:00,81.56,86.196,-4.635999999999996
2026-07-21 08:15:00+00:00,81.995,86.668,-4.673000000000002
2026-07-21 08:30:00+00:00,81.966,86.628,-4.662000000000006
2026-07-21 08:45:00+00:00,82.234,86.891,-4.657000000000011
2026-07-21 09:00:00+00:00,82.132,86.845,-4.712999999999994
2026-07-21 09:15:00+00:00,82.935,87.616,-4.680999999999997
2026-07-21 09:30:00+00:00,82.972,87.704,-4.731999999999999
2026-07-21 09:45:00+00:00,83.242,87.856,-4.61399999999999
2026-07-21 10:00:00+00:00,82.701,87.339,-4.638000000000005
2026-07-21 10:15:00+00:00,82.863,87.556,-4.692999999999998
2026-07-21 10:30:00+00:00,82.885,87.594,-4.708999999999989
2026-07-21 10:45:00+00:00,83.262,87.899,-4.6370000000000005
2026-07-21 11:00:00+00:00,83.468,88.049,-4.581000000000003
2026-07-21 11:15:00+00:00,83.623,88.111,-4.4879999999999995
2026-07-21 11:30:00+00:00,83.695,88.195,-4.5
2026-07-21 11:45:00+00:00,83.869,88.3,-4.430999999999997
2026-07-21 12:00:00+00:00,83.562,87.977,-4.415000000000006
2026-07-21 12:15:00+00:00,84.113,88.38,-4.266999999999996
2026-07-21 12:30:00+00:00,84.07,88.374,-4.304000000000002
2026-07-21 12:45:00+00:00,84.093,88.397,-4.304000000000002
2026-07-21 13:00:00+00:00,84.366,88.54,-4.174000000000007
2026-07-21 13:15:00+00:00,84.583,88.634,-4.051000000000002
2026-07-21 13:30:00+00:00,84.809,88.835,-4.025999999999996
2026-07-21 13:45:00+00:00,84.389,88.607,-4.2180000000000035
2026-07-21 14:00:00+00:00,84.443,88.679,-4.236000000000004
2026-07-21 14:15:00+00:00,84.594,88.792,-4.1980000000000075
2026-07-21 14:30:00+00:00,84.54,88.749,-4.208999999999989
2026-07-21 14:45:00+00:00,84.692,88.811,-4.119000000000014
2026-07-21 15:00:00+00:00,84.179,88.354,-4.174999999999997
2026-07-21 15:15:00+00:00,84.524,88.703,-4.179000000000002
2026-07-21 15:30:00+00:00,84.703,88.852,-4.149000000000001
2026-07-21 15:45:00+00:00,84.492,88.691,-4.198999999999998
2026-07-21 16:00:00+00:00,84.268,88.511,-4.242999999999995
2026-07-21 16:15:00+00:00,84.32,88.508,-4.188000000000002
2026-07-21 16:30:00+00:00,84.458,88.719,-4.260999999999996
2026-07-21 16:45:00+00:00,84.386,88.62,-4.234000000000009
2026-07-21 17:00:00+00:00,84.114,88.396,-4.2819999999999965
2026-07-21 17:15:00+00:00,84.206,88.503,-4.296999999999997
2026-07-21 17:30:00+00:00,84.414,88.68,-4.266000000000005
2026-07-21 17:45:00+00:00,84.337,88.624,-4.286999999999992
2026-07-21 18:00:00+00:00,84.196,88.485,-4.2890000000000015
2026-07-21 18:15:00+00:00,84.375,88.612,-4.236999999999995
2026-07-21 18:30:00+00:00,84.133,88.405,-4.272000000000006
2026-07-21 18:45:00+00:00,84.504,88.689,-4.184999999999988
2026-07-21 19:00:00+00:00,84.656,88.8,-4.143999999999991
2026-07-21 19:15:00+00:00,84.614,88.852,-4.2379999999999995
2026-07-21 19:30:00+00:00,84.637,88.9,-4.263000000000005
2026-07-21 19:45:00+00:00,84.643,88.85,-4.206999999999994
2026-07-21 20:00:00+00:00,84.508,88.803,-4.295000000000002
2026-07-21 20:15:00+00:00,84.498,88.759,-4.260999999999996
2026-07-21 20:30:00+00:00,84.375,88.655,-4.280000000000001
2026-07-21 20:45:00+00:00,84.542,88.797,-4.2549999999999955
2026-07-21 21:00:00+00:00,84.51,88.706,-4.195999999999998
2026-07-21 21:15:00+00:00,84.64,88.919,-4.278999999999996
2026-07-21 21:30:00+00:00,84.581,88.857,-4.275999999999996
2026-07-21 21:45:00+00:00,84.623,88.873,-4.25
2026-07-21 22:00:00+00:00,84.626,88.924,-4.298000000000002
2026-07-21 22:15:00+00:00,84.635,88.898,-4.262999999999991
2026-07-21 22:30:00+00:00,84.744,88.984,-4.239999999999995
2026-07-21 22:45:00+00:00,84.709,88.991,-4.2819999999999965
2026-07-21 23:00:00+00:00,84.718,89.016,-4.298000000000002
2026-07-21 23:15:00+00:00,84.704,88.98,-4.2760000000000105
2026-07-21 23:30:00+00:00,84.826,89.102,-4.2760000000000105
2026-07-21 23:45:00+00:00,84.773,89.034,-4.26100000000001
2026-07-22 00:00:00+00:00,84.686,88.93,-4.244
2026-07-22 00:15:00+00:00,84.704,88.941,-4.237000000000009
2026-07-22 00:30:00+00:00,84.666,88.883,-4.216999999999999
2026-07-22 00:45:00+00:00,84.603,88.849,-4.246000000000009
2026-07-22 01:00:00+00:00,85.272,89.475,-4.202999999999989
2026-07-22 01:15:00+00:00,85.492,89.637,-4.144999999999996
2026-07-22 01:30:00+00:00,85.615,89.696,-4.081000000000003
2026-07-22 01:45:00+00:00,85.599,89.638,-4.0390000000000015
2026-07-22 02:00:00+00:00,85.252,89.437,-4.185000000000002
2026-07-22 02:15:00+00:00,85.282,89.388,-4.106000000000009
2026-07-22 02:30:00+00:00,85.034,89.099,-4.064999999999998
2026-07-22 02:45:00+00:00,85.043,89.126,-4.082999999999998
2026-07-22 03:00:00+00:00,85.207,89.253,-4.0460000000000065
2026-07-22 03:15:00+00:00,85.159,89.244,-4.084999999999994
2026-07-22 03:30:00+00:00,85.172,89.25,-4.078000000000003
2026-07-22 03:45:00+00:00,85.326,89.39,-4.064000000000007
2026-07-22 04:00:00+00:00,85.332,89.395,-4.063000000000002
2026-07-22 04:15:00+00:00,85.251,89.331,-4.079999999999998
2026-07-22 04:30:00+00:00,85.374,89.419,-4.045000000000002
2026-07-22 04:45:00+00:00,85.419,89.423,-4.004000000000005
2026-07-22 05:00:00+00:00,85.502,89.503,-4.001000000000005
2026-07-22 05:15:00+00:00,85.349,89.366,-4.016999999999996
2026-07-22 05:30:00+00:00,85.131,89.158,-4.027000000000001
2026-07-22 05:45:00+00:00,85.141,89.17,-4.028999999999996
2026-07-22 06:00:00+00:00,85.22,89.225,-4.0049999999999955
2026-07-22 06:15:00+00:00,86.003,89.818,-3.8149999999999977
2026-07-22 06:30:00+00:00,85.979,89.813,-3.834000000000003
2026-07-22 06:45:00+00:00,86.095,89.949,-3.853999999999999
2026-07-22 07:00:00+00:00,86.454,90.302,-3.848000000000013
2026-07-22 07:15:00+00:00,86.718,90.41,-3.691999999999993
2026-07-22 07:30:00+00:00,87.534,91.049,-3.5150000000000006
2026-07-22 07:45:00+00:00,87.677,91.011,-3.333999999999989
2026-07-22 08:00:00+00:00,87.404,90.703,-3.2990000000000066
2026-07-22 08:15:00+00:00,87.364,90.539,-3.174999999999997
2026-07-22 08:30:00+00:00,87.583,90.674,-3.091000000000008
2026-07-22 08:45:00+00:00,87.591,90.585,-2.9939999999999998
2026-07-22 09:00:00+00:00,87.86,90.55,-2.6899999999999977
2026-07-22 09:15:00+00:00,87.981,90.452,-2.4710000000000036
2026-07-22 09:30:00+00:00,87.954,90.477,-2.5230000000000103
2026-07-22 09:45:00+00:00,88.397,90.817,-2.4199999999999875
2026-07-22 10:00:00+00:00,87.834,90.545,-2.7109999999999985
2026-07-22 10:15:00+00:00,86.973,89.992,-3.0190000000000055
2026-07-22 10:30:00+00:00,87.29,90.176,-2.8859999999999957
2026-07-22 10:45:00+00:00,87.166,90.317,-3.1509999999999962
2026-07-22 11:00:00+00:00,87.232,90.361,-3.129000000000005
2026-07-22 11:15:00+00:00,87.392,90.478,-3.0859999999999985
2026-07-22 11:30:00+00:00,87.609,90.653,-3.044000000000011
2026-07-22 11:45:00+00:00,87.331,90.526,-3.194999999999993
2026-07-22 12:00:00+00:00,87.057,90.319,-3.2620000000000005
2026-07-22 12:15:00+00:00,86.745,90.087,-3.3419999999999987
2026-07-22 12:30:00+00:00,86.72,90.016,-3.2960000000000065
2026-07-22 12:45:00+00:00,87.184,90.482,-3.298000000000002
2026-07-22 13:00:00+00:00,87.05,90.284,-3.234000000000009
2026-07-22 13:15:00+00:00,86.362,89.81,-3.4480000000000075
2026-07-22 13:30:00+00:00,86.808,90.112,-3.303999999999988
2026-07-22 13:45:00+00:00,86.923,90.177,-3.254000000000005
2026-07-22 14:00:00+00:00,87.102,90.367,-3.2650000000000006
2026-07-22 14:15:00+00:00,87.105,90.553,-3.4479999999999933
2026-07-22 14:30:00+00:00,86.552,90.131,-3.5789999999999935
2026-07-22 14:45:00+00:00,86.686,90.093,-3.4069999999999965
2026-07-22 15:00:00+00:00,87.086,90.244,-3.1580000000000013
2026-07-22 15:15:00+00:00,86.792,90.031,-3.2390000000000043
2026-07-22 15:30:00+00:00,86.233,89.733,-3.5
2026-07-22 15:45:00+00:00,86.049,89.544,-3.4949999999999903
2026-07-22 16:00:00+00:00,86.3,89.732,-3.432000000000002
2026-07-22 16:15:00+00:00,86.408,89.955,-3.546999999999997
2026-07-22 16:30:00+00:00,86.37,89.94,-3.569999999999993
2026-07-22 16:45:00+00:00,86.314,89.854,-3.5400000000000063
2026-07-22 17:00:00+00:00,86.657,90.103,-3.445999999999998
2026-07-22 17:15:00+00:00,86.72,90.144,-3.4240000000000066
2026-07-22 17:30:00+00:00,86.774,90.245,-3.4710000000000036
2026-07-22 17:45:00+00:00,86.795,90.216,-3.4209999999999923
2026-07-22 18:00:00+00:00,86.763,90.224,-3.4609999999999985
2026-07-22 18:15:00+00:00,86.868,90.231,-3.3629999999999995
2026-07-22 18:30:00+00:00,87.049,90.368,-3.3189999999999884
2026-07-22 18:45:00+00:00,87.057,90.432,-3.375
2026-07-22 19:00:00+00:00,87.134,90.446,-3.3119999999999976
2026-07-22 19:15:00+00:00,86.86,90.305,-3.4450000000000074
2026-07-22 19:30:00+00:00,86.685,90.206,-3.521000000000001
2026-07-22 19:45:00+00:00,86.493,90.056,-3.5630000000000024
2026-07-22 20:00:00+00:00,86.41,89.985,-3.575000000000003
2026-07-22 20:15:00+00:00,86.402,89.962,-3.5600000000000023
2026-07-22 20:30:00+00:00,86.544,90.09,-3.5460000000000065
2026-07-22 20:45:00+00:00,86.498,90.061,-3.5630000000000024
2026-07-22 21:00:00+00:00,86.734,90.445,-3.7109999999999985
2026-07-22 21:15:00+00:00,86.888,90.631,-3.742999999999995
2026-07-22 21:30:00+00:00,87.029,90.7,-3.6710000000000065
2026-07-22 21:45:00+00:00,87.198,90.864,-3.666000000000011
2026-07-22 22:00:00+00:00,88.166,91.447,-3.281000000000006
2026-07-22 22:15:00+00:00,88.128,91.379,-3.2510000000000048
2026-07-22 22:30:00+00:00,88.045,91.254,-3.209000000000003
2026-07-22 22:45:00+00:00,87.902,91.186,-3.284000000000006
2026-07-22 23:00:00+00:00,87.832,91.156,-3.3240000000000123
2026-07-22 23:15:00+00:00,87.746,90.976,-3.230000000000004
2026-07-22 23:30:00+00:00,87.844,91.162,-3.318000000000012
2026-07-22 23:45:00+00:00,87.767,91.054,-3.287000000000006
2026-07-23 00:00:00+00:00,88.132,91.413,-3.2809999999999917
2026-07-23 00:15:00+00:00,88.014,91.338,-3.323999999999998
2026-07-23 00:30:00+00:00,88.04,91.258,-3.2179999999999893
2026-07-23 00:45:00+00:00,87.965,91.209,-3.2439999999999998
2026-07-23 01:00:00+00:00,87.923,91.141,-3.2180000000000035
2026-07-23 01:15:00+00:00,88.448,91.713,-3.2650000000000006
2026-07-23 01:30:00+00:00,88.007,91.296,-3.2890000000000015
2026-07-23 01:45:00+00:00,88.096,91.327,-3.2309999999999945
2026-07-23 02:00:00+00:00,88.068,91.358,-3.2900000000000063
2026-07-23 02:15:00+00:00,88.201,91.43,-3.2290000000000134
2026-07-23 02:30:00+00:00,88.208,91.465,-3.257000000000005
2026-07-23 02:45:00+00:00,88.222,91.466,-3.2439999999999998
2026-07-23 03:00:00+00:00,88.524,91.722,-3.1979999999999933
2026-07-23 03:15:00+00:00,88.448,91.657,-3.209000000000003
2026-07-23 03:30:00+00:00,88.33,91.59,-3.260000000000005
2026-07-23 03:45:00+00:00,88.375,91.597,-3.221999999999994
2026-07-23 04:00:00+00:00,88.329,91.63,-3.301000000000002
2026-07-23 04:15:00+00:00,88.097,91.481,-3.3840000000000003
2026-07-23 04:30:00+00:00,88.079,91.469,-3.3900000000000006
2026-07-23 04:45:00+00:00,88.092,91.493,-3.4009999999999962
2026-07-23 05:00:00+00:00,88.227,91.616,-3.388999999999996
2026-07-23 05:15:00+00:00,87.978,91.43,-3.4520000000000124
2026-07-23 05:30:00+00:00,87.938,91.412,-3.4740000000000038
2026-07-23 05:45:00+00:00,88.248,91.686,-3.4380000000000024
2026-07-23 06:00:00+00:00,88.009,91.449,-3.4399999999999977
2026-07-23 06:15:00+00:00,88.231,91.691,-3.460000000000008
2026-07-23 06:30:00+00:00,88.5,91.892,-3.391999999999996
2026-07-23 06:45:00+00:00,88.595,91.992,-3.3970000000000056
2026-07-23 07:00:00+00:00,89.138,92.248,-3.1099999999999994
2026-07-23 07:15:00+00:00,89.184,92.183,-2.9990000000000094
2026-07-23 07:30:00+00:00,89.604,92.511,-2.9069999999999965
2026-07-23 07:45:00+00:00,89.298,92.385,-3.0870000000000033
2026-07-23 08:00:00+00:00,89.243,92.463,-3.219999999999999
2026-07-23 08:15:00+00:00,89.201,92.369,-3.1680000000000064
2026-07-23 08:30:00+00:00,89.605,92.744,-3.138999999999996
2026-07-23 08:45:00+00:00,89.451,92.581,-3.1300000000000097
2026-07-23 09:00:00+00:00,89.962,92.881,-2.918999999999997
2026-07-23 09:15:00+00:00,90.11,93.077,-2.9669999999999987
2026-07-23 09:30:00+00:00,89.837,92.656,-2.8190000000000026
2026-07-23 09:45:00+00:00,90.153,92.871,-2.7179999999999893
2026-07-23 10:00:00+00:00,90.031,92.79,-2.7590000000000003
2026-07-23 10:15:00+00:00,90.476,93.109,-2.6329999999999956
2026-07-23 10:30:00+00:00,90.162,92.778,-2.6159999999999997
2026-07-23 10:45:00+00:00,90.056,92.724,-2.6680000000000064
2026-07-23 11:00:00+00:00,90.319,92.834,-2.5150000000000006
2026-07-23 11:15:00+00:00,90.638,93.097,-2.458999999999989
2026-07-23 11:30:00+00:00,90.85,93.277,-2.4270000000000067
2026-07-23 11:45:00+00:00,90.593,93.006,-2.4129999999999967
2026-07-23 12:00:00+00:00,90.877,93.333,-2.456000000000003
2026-07-23 12:15:00+00:00,90.804,93.434,-2.6299999999999955
2026-07-23 12:30:00+00:00,90.8,93.816,-3.0160000000000053
2026-07-23 12:45:00+00:00,90.751,93.593,-2.8419999999999987
2026-07-23 13:00:00+00:00,91.288,93.766,-2.4780000000000086
2026-07-23 13:15:00+00:00,90.889,93.664,-2.7750000000000057
2026-07-23 13:30:00+00:00,91.428,93.943,-2.5150000000000006
2026-07-23 13:45:00+00:00,91.69,94.322,-2.632000000000005
2026-07-23 14:00:00+00:00,91.363,94.18,-2.8170000000000073
2026-07-23 14:15:00+00:00,91.646,94.322,-2.676000000000002
2026-07-23 14:30:00+00:00,91.577,94.29,-2.713000000000008
2026-07-23 14:45:00+00:00,91.811,94.296,-2.4849999999999994
2026-07-23 15:00:00+00:00,92.069,94.133,-2.063999999999993
2026-07-23 15:15:00+00:00,92.492,94.44,-1.9479999999999933
2026-07-23 15:30:00+00:00,92.071,94.389,-2.317999999999998
2026-07-23 15:45:00+00:00,91.822,94.137,-2.3149999999999977
2026-07-23 16:00:00+00:00,91.774,93.877,-2.1029999999999944
2026-07-23 16:15:00+00:00,91.863,94.042,-2.179000000000002
2026-07-23 16:30:00+00:00,92.35,94.282,-1.9320000000000022
2026-07-23 16:45:00+00:00,92.296,94.398,-2.1019999999999897
2026-07-23 17:00:00+00:00,92.527,94.463,-1.9359999999999928
2026-07-23 17:15:00+00:00,92.542,94.486,-1.9440000000000026
2026-07-23 17:30:00+00:00,93.072,95.026,-1.9539999999999935
2026-07-23 17:45:00+00:00,93.217,95.194,-1.9770000000000039
2026-07-23 18:00:00+00:00,93.139,95.037,-1.8980000000000103
2026-07-23 18:15:00+00:00,92.055,94.258,-2.2029999999999887
2026-07-23 18:30:00+00:00,91.952,94.184,-2.2319999999999993
2026-07-23 18:45:00+00:00,92.012,94.163,-2.1509999999999962
2026-07-23 19:00:00+00:00,91.678,93.853,-2.174999999999997
2026-07-23 19:15:00+00:00,91.547,93.676,-2.129000000000005
2026-07-23 19:30:00+00:00,91.656,93.818,-2.161999999999992
2026-07-23 19:45:00+00:00,91.556,93.726,-2.1700000000000017
2026-07-23 20:00:00+00:00,91.519,93.757,-2.2379999999999995
2026-07-23 20:15:00+00:00,91.896,94.009,-2.1129999999999995
2026-07-23 20:30:00+00:00,92.127,94.07,-1.9429999999999978
2026-07-23 20:45:00+00:00,92.27,94.167,-1.8970000000000056
2026-07-23 21:00:00+00:00,92.244,94.32,-2.0759999999999934
2026-07-23 21:15:00+00:00,92.19,94.183,-1.9930000000000092
2026-07-23 21:30:00+00:00,92.113,94.152,-2.0390000000000015
2026-07-23 21:45:00+00:00,92.618,94.774,-2.156000000000006
2026-07-23 22:00:00+00:00,92.225,94.296,-2.071000000000012
2026-07-23 22:15:00+00:00,92.124,94.169,-2.0450000000000017
2026-07-23 22:30:00+00:00,91.991,94.085,-2.093999999999994
2026-07-23 22:45:00+00:00,92.041,94.123,-2.082000000000008
2026-07-23 23:00:00+00:00,92.157,94.105,-1.9480000000000075
2026-07-23 23:15:00+00:00,92.092,94.074,-1.9819999999999993
2026-07-23 23:30:00+00:00,92.14,94.165,-2.0250000000000057
2026-07-23 23:45:00+00:00,92.23,94.19,-1.9599999999999937
2026-07-24 00:00:00+00:00,92.66,94.497,-1.8370000000000033
2026-07-24 00:15:00+00:00,92.217,94.166,-1.948999999999998
2026-07-24 00:30:00+00:00,92.09,94.096,-2.0060000000000002
2026-07-24 00:45:00+00:00,91.839,93.874,-2.0349999999999966
2026-07-24 01:00:00+00:00,91.498,93.612,-2.11399999999999
2026-07-24 01:15:00+00:00,91.455,93.546,-2.091000000000008
2026-07-24 01:30:00+00:00,91.24,93.348,-2.108000000000004
2026-07-24 01:45:00+00:00,91.586,93.739,-2.153000000000006
2026-07-24 02:00:00+00:00,91.595,93.732,-2.1370000000000005
2026-07-24 02:15:00+00:00,91.779,93.878,-2.0990000000000038
2026-07-24 02:30:00+00:00,91.775,93.853,-2.0779999999999887
2026-07-24 02:45:00+00:00,91.876,93.898,-2.0219999999999914
2026-07-24 03:00:00+00:00,92.076,94.037,-1.9610000000000127
2026-07-24 03:15:00+00:00,92.185,94.211,-2.0259999999999962
2026-07-24 03:30:00+00:00,92.026,94.046,-2.0200000000000102
2026-07-24 03:45:00+00:00,91.86,93.967,-2.1069999999999993
2026-07-24 04:00:00+00:00,91.73,93.914,-2.1839999999999975
2026-07-24 04:15:00+00:00,91.602,93.811,-2.209000000000003
2026-07-24 04:30:00+00:00,91.641,93.802,-2.1610000000000014
2026-07-24 04:45:00+00:00,91.612,93.781,-2.169000000000011
2026-07-24 05:00:00+00:00,91.706,93.868,-2.161999999999992
2026-07-24 05:15:00+00:00,91.691,93.892,-2.2009999999999934
2026-07-24 05:30:00+00:00,91.399,93.607,-2.2079999999999984
2026-07-24 05:45:00+00:00,91.434,93.583,-2.149000000000001
2026-07-24 06:00:00+00:00,91.213,93.452,-2.2390000000000043
2026-07-24 06:15:00+00:00,91.262,93.463,-2.2009999999999934
2026-07-24 06:30:00+00:00,91.11,93.337,-2.227000000000004
2026-07-24 06:45:00+00:00,90.534,92.935,-2.4009999999999962
2026-07-24 07:00:00+00:00,90.502,92.878,-2.3760000000000048
2026-07-24 07:15:00+00:00,90.274,92.533,-2.2590000000000003
2026-07-24 07:30:00+00:00,90.477,92.736,-2.2590000000000003
2026-07-24 07:45:00+00:00,90.407,92.517,-2.1099999999999994
2026-07-24 08:00:00+00:00,90.454,92.563,-2.109000000000009
2026-07-24 08:15:00+00:00,90.039,91.904,-1.8649999999999949
2026-07-24 08:30:00+00:00,89.601,91.622,-2.021000000000001
2026-07-24 08:45:00+00:00,89.511,91.699,-2.1880000000000024
2026-07-24 09:00:00+00:00,89.106,91.515,-2.409000000000006
2026-07-24 09:15:00+00:00,89.025,91.535,-2.509999999999991
2026-07-24 09:30:00+00:00,89.011,91.313,-2.3020000000000067
2026-07-24 09:45:00+00:00,89.01,91.491,-2.4809999999999945
2026-07-24 10:00:00+00:00,89.52,91.976,-2.456000000000003
2026-07-24 10:15:00+00:00,89.628,91.993,-2.364999999999995
2026-07-24 10:30:00+00:00,89.868,92.283,-2.4150000000000063
2026-07-24 10:45:00+00:00,89.883,92.153,-2.2700000000000102
2026-07-24 11:00:00+00:00,89.931,92.121,-2.1899999999999977
2026-07-24 11:15:00+00:00,89.791,92.068,-2.277000000000001
2026-07-24 11:30:00+00:00,89.92,92.019,-2.0990000000000038
2026-07-24 11:45:00+00:00,89.325,91.7,-2.375
2026-07-24 12:00:00+00:00,89.698,91.983,-2.285000000000011
2026-07-24 12:15:00+00:00,89.458,91.785,-2.326999999999998
2026-07-24 12:30:00+00:00,89.134,91.596,-2.4620000000000033
2026-07-24 12:45:00+00:00,89.343,91.619,-2.2759999999999962
2026-07-24 13:00:00+00:00,89.966,92.02,-2.054000000000002
2026-07-24 13:15:00+00:00,90.408,92.253,-1.8449999999999989
2026-07-24 13:30:00+00:00,90.361,92.262,-1.9009999999999962
2026-07-24 13:45:00+00:00,89.91,91.957,-2.046999999999997
2026-07-24 14:00:00+00:00,89.859,91.737,-1.8780000000000001
2026-07-24 14:15:00+00:00,89.467,91.433,-1.9660000000000082
2026-07-24 14:30:00+00:00,89.506,91.717,-2.2109999999999985
2026-07-24 14:45:00+00:00,89.683,91.816,-2.1329999999999956
2026-07-24 15:00:00+00:00,88.941,91.258,-2.316999999999993
2026-07-24 15:15:00+00:00,88.054,90.535,-2.4809999999999945
2026-07-24 15:30:00+00:00,88.268,90.863,-2.594999999999999
2026-07-24 15:45:00+00:00,88.393,91.091,-2.6979999999999933
2026-07-24 16:00:00+00:00,88.56,91.236,-2.676000000000002
2026-07-24 16:15:00+00:00,88.313,91.053,-2.739999999999995
2026-07-24 16:30:00+00:00,88.198,90.867,-2.669000000000011
2026-07-24 16:45:00+00:00,88.374,91.082,-2.7079999999999984
2026-07-24 17:00:00+00:00,88.521,91.098,-2.576999999999998
2026-07-24 17:15:00+00:00,88.815,91.197,-2.382000000000005
2026-07-24 17:30:00+00:00,88.899,91.284,-2.385000000000005
2026-07-24 17:45:00+00:00,89.056,91.333,-2.277000000000001
2026-07-24 18:00:00+00:00,88.783,91.262,-2.478999999999999
2026-07-24 18:15:00+00:00,89.335,91.765,-2.430000000000007
2026-07-24 18:30:00+00:00,89.297,91.717,-2.4200000000000017
2026-07-24 18:45:00+00:00,89.349,91.751,-2.402000000000001
2026-07-24 19:00:00+00:00,89.525,91.915,-2.3900000000000006
2026-07-24 19:15:00+00:00,89.682,92.0,-2.317999999999998
2026-07-24 19:30:00+00:00,89.283,91.599,-2.3160000000000025
2026-07-24 19:45:00+00:00,89.766,92.154,-2.387999999999991
2026-07-24 20:00:00+00:00,90.219,92.498,-2.2790000000000106
2026-07-24 20:15:00+00:00,90.388,92.577,-2.188999999999993
2026-07-24 20:30:00+00:00,90.419,92.62,-2.2010000000000076
2026-07-24 20:45:00+00:00,90.487,92.757,-2.2700000000000102
2026-07-24 21:00:00+00:00,90.72,92.884,-2.1640000000000015
2026-07-24 21:15:00+00:00,90.981,93.11,-2.129000000000005
2026-07-24 21:30:00+00:00,90.923,93.004,-2.081000000000003
2026-07-24 21:45:00+00:00,90.766,92.972,-2.205999999999989
2026-07-24 22:00:00+00:00,90.629,92.811,-2.182000000000002
2026-07-24 22:15:00+00:00,90.362,92.563,-2.2010000000000076
2026-07-24 22:30:00+00:00,90.334,92.589,-2.2549999999999955
2026-07-24 22:45:00+00:00,90.274,92.548,-2.274000000000001
2026-07-24 23:00:00+00:00,90.317,92.61,-2.2930000000000064
2026-07-24 23:15:00+00:00,90.285,92.619,-2.334000000000003
2026-07-24 23:30:00+00:00,90.275,92.574,-2.2989999999999924
2026-07-24 23:45:00+00:00,90.153,92.41,-2.256999999999991
2026-07-25 00:00:00+00:00,89.807,92.063,-2.2560000000000002
2026-07-25 00:15:00+00:00,89.701,92.033,-2.332000000000008
2026-07-25 00:30:00+00:00,90.184,92.479,-2.2950000000000017
2026-07-25 00:45:00+00:00,90.093,92.457,-2.36399999999999
2026-07-25 01:00:00+00:00,90.032,92.441,-2.409000000000006
2026-07-25 01:15:00+00:00,90.121,92.524,-2.403000000000006
2026-07-25 01:30:00+00:00,90.226,92.66,-2.4339999999999975
2026-07-25 01:45:00+00:00,90.227,92.618,-2.390999999999991
2026-07-25 02:00:00+00:00,89.991,92.376,-2.385000000000005
2026-07-25 02:15:00+00:00,89.912,92.224,-2.3119999999999976
2026-07-25 02:30:00+00:00,89.887,92.233,-2.3460000000000036
2026-07-25 02:45:00+00:00,89.7,92.077,-2.3769999999999953
2026-07-25 03:00:00+00:00,89.398,91.721,-2.3230000000000075
2026-07-25 03:15:00+00:00,89.5,91.877,-2.3769999999999953
2026-07-25 03:30:00+00:00,89.441,91.898,-2.4569999999999936
2026-07-25 03:45:00+00:00,89.391,91.821,-2.4299999999999926
2026-07-25 04:00:00+00:00,89.279,91.619,-2.3400000000000034
2026-07-25 04:15:00+00:00,89.527,91.826,-2.2989999999999924
2026-07-25 04:30:00+00:00,89.513,91.89,-2.3769999999999953
2026-07-25 04:45:00+00:00,89.411,91.814,-2.4029999999999916
2026-07-25 05:00:00+00:00,89.46,91.835,-2.375
2026-07-25 05:15:00+00:00,89.508,91.902,-2.3940000000000055
2026-07-25 05:30:00+00:00,89.581,91.923,-2.3419999999999987
2026-07-25 05:45:00+00:00,89.525,91.934,-2.408999999999992
2026-07-25 06:00:00+00:00,89.512,91.945,-2.4329999999999927
2026-07-25 06:15:00+00:00,89.498,91.981,-2.48299999999999
2026-07-25 06:30:00+00:00,89.454,91.928,-2.4740000000000038
2026-07-25 06:45:00+00:00,89.462,91.95,-2.4879999999999995
2026-07-25 07:00:00+00:00,89.56,92.083,-2.522999999999996
2026-07-25 07:15:00+00:00,89.462,91.958,-2.495999999999995
2026-07-25 07:30:00+00:00,89.599,92.099,-2.5
2026-07-25 07:45:00+00:00,89.623,92.144,-2.521000000000001
2026-07-25 08:00:00+00:00,89.585,92.05,-2.4650000000000034
2026-07-25 08:15:00+00:00,89.6,92.134,-2.534000000000006
2026-07-25 08:30:00+00:00,89.62,92.099,-2.478999999999999
2026-07-25 08:45:00+00:00,89.664,92.224,-2.5600000000000023
2026-07-25 09:00:00+00:00,89.692,92.158,-2.466000000000008
2026-07-25 09:15:00+00:00,89.734,92.242,-2.5080000000000098
2026-07-25 09:30:00+00:00,89.705,92.233,-2.528000000000006
2026-07-25 09:45:00+00:00,89.517,92.133,-2.6159999999999997
2026-07-25 10:00:00+00:00,89.541,92.089,-2.548000000000002
2026-07-25 10:15:00+00:00,89.527,92.091,-2.563999999999993
2026-07-25 10:30:00+00:00,89.517,92.093,-2.5760000000000076
2026-07-25 10:45:00+00:00,89.36,91.981,-2.620999999999995
2026-07-25 11:00:00+00:00,89.253,91.845,-2.5919999999999987
2026-07-25 11:15:00+00:00,89.294,91.911,-2.6170000000000044
2026-07-25 11:30:00+00:00,89.315,91.922,-2.6069999999999993
2026-07-25 11:45:00+00:00,89.172,91.818,-2.646000000000001
2026-07-25 12:00:00+00:00,89.303,91.805,-2.5020000000000095
2026-07-25 12:15:00+00:00,89.35,91.842,-2.4920000000000044
2026-07-25 12:30:00+00:00,89.319,91.758,-2.438999999999993
2026-07-25 12:45:00+00:00,89.282,91.725,-2.442999999999998
2026-07-25 13:00:00+00:00,89.329,91.766,-2.437000000000012
2026-07-25 13:15:00+00:00,89.299,91.767,-2.4679999999999893
2026-07-25 13:30:00+00:00,86.243,88.298,-2.055000000000007
2026-07-25 13:45:00+00:00,87.255,89.843,-2.588000000000008
2026-07-25 14:00:00+00:00,87.116,89.775,-2.659000000000006
2026-07-25 14:15:00+00:00,87.58,90.248,-2.6680000000000064
2026-07-25 14:30:00+00:00,87.465,90.138,-2.673000000000002
2026-07-25 14:45:00+00:00,87.346,90.138,-2.7920000000000016
2026-07-25 15:00:00+00:00,87.361,90.164,-2.8029999999999973
2026-07-25 15:15:00+00:00,87.009,89.928,-2.918999999999997
2026-07-25 15:30:00+00:00,87.124,90.02,-2.896000000000001
2026-07-25 15:45:00+00:00,87.345,90.069,-2.7240000000000038
2026-07-25 16:00:00+00:00,87.419,90.159,-2.740000000000009
2026-07-25 16:15:00+00:00,87.335,90.197,-2.862000000000009
2026-07-25 16:30:00+00:00,87.273,90.133,-2.8599999999999994
2026-07-25 16:45:00+00:00,87.056,89.975,-2.918999999999997
2026-07-25 17:00:00+00:00,87.22,90.131,-2.9110000000000014
2026-07-25 17:15:00+00:00,87.274,90.182,-2.9080000000000013
2026-07-25 17:30:00+00:00,86.709,89.618,-2.908999999999992
2026-07-25 17:45:00+00:00,86.622,89.543,-2.9210000000000065
2026-07-25 18:00:00+00:00,86.759,89.635,-2.8760000000000048
2026-07-25 18:15:00+00:00,87.437,90.382,-2.9450000000000074
2026-07-25 18:30:00+00:00,87.125,90.193,-3.067999999999998
2026-07-25 18:45:00+00:00,87.222,90.273,-3.051000000000002
2026-07-25 19:00:00+00:00,87.095,90.101,-3.0060000000000002
2026-07-25 19:15:00+00:00,87.093,90.006,-2.9129999999999967
2026-07-25 19:30:00+00:00,86.936,89.761,-2.8249999999999886
2026-07-25 19:45:00+00:00,87.019,89.96,-2.9409999999999883
2026-07-25 20:00:00+00:00,87.013,89.944,-2.9309999999999974
2026-07-25 20:15:00+00:00,87.011,89.956,-2.9450000000000074
2026-07-25 20:30:00+00:00,86.92,89.808,-2.8880000000000052
2026-07-25 20:45:00+00:00,87.036,89.867,-2.831000000000003
2026-07-25 21:00:00+00:00,87.151,90.005,-2.853999999999999
2026-07-25 21:15:00+00:00,87.299,90.191,-2.891999999999996
2026-07-25 21:30:00+00:00,87.329,90.321,-2.9920000000000044
2026-07-25 21:45:00+00:00,87.257,90.186,-2.929000000000002
2026-07-25 22:00:00+00:00,87.138,90.09,-2.951999999999998
2026-07-25 22:15:00+00:00,86.982,89.933,-2.9510000000000076
2026-07-25 22:30:00+00:00,86.745,89.576,-2.830999999999989
2026-07-25 22:45:00+00:00,86.851,89.829,-2.9779999999999944
2026-07-25 23:00:00+00:00,86.805,89.673,-2.867999999999995
2026-07-25 23:15:00+00:00,86.802,89.643,-2.840999999999994
2026-07-25 23:30:00+00:00,86.828,89.644,-2.8160000000000025
2026-07-25 23:45:00+00:00,86.848,89.623,-2.7750000000000057
2026-07-26 00:00:00+00:00,86.821,89.605,-2.784000000000006
2026-07-26 00:15:00+00:00,86.896,89.694,-2.798000000000002
2026-07-26 00:30:00+00:00,86.612,89.531,-2.919000000000011
2026-07-26 00:45:00+00:00,86.593,89.544,-2.9509999999999934
2026-07-26 01:00:00+00:00,86.935,89.724,-2.7890000000000015
2026-07-26 01:15:00+00:00,86.85,89.641,-2.791000000000011
2026-07-26 01:30:00+00:00,86.912,89.676,-2.763999999999996
2026-07-26 01:45:00+00:00,86.983,89.755,-2.7719999999999914
2026-07-26 02:00:00+00:00,87.029,89.773,-2.7439999999999998
2026-07-26 02:15:00+00:00,87.026,89.737,-2.7109999999999985
2026-07-26 02:30:00+00:00,86.943,89.683,-2.740000000000009
2026-07-26 02:45:00+00:00,86.945,89.63,-2.6850000000000023
2026-07-26 03:00:00+00:00,86.853,89.658,-2.805000000000007
2026-07-26 03:15:00+00:00,86.831,89.562,-2.7309999999999945
2026-07-26 03:30:00+00:00,86.84,89.522,-2.682000000000002
2026-07-26 03:45:00+00:00,86.812,89.511,-2.698999999999998
2026-07-26 04:00:00+00:00,86.827,89.498,-2.6710000000000065
2026-07-26 04:15:00+00:00,86.718,89.37,-2.652000000000001
2026-07-26 04:30:00+00:00,86.539,89.179,-2.6400000000000006
2026-07-26 04:45:00+00:00,86.575,89.169,-2.593999999999994
2026-07-26 05:00:00+00:00,86.596,89.264,-2.667999999999992
2026-07-26 05:15:00+00:00,86.557,89.167,-2.6099999999999994
2026-07-26 05:30:00+00:00,86.56,89.19,-2.6299999999999955
2026-07-26 05:45:00+00:00,86.396,88.969,-2.5729999999999933
2026-07-26 06:00:00+00:00,86.753,89.39,-2.6370000000000005
2026-07-26 06:15:00+00:00,86.902,89.499,-2.596999999999994
2026-07-26 06:30:00+00:00,86.81,89.261,-2.4509999999999934
2026-07-26 06:45:00+00:00,87.318,89.875,-2.557000000000002
2026-07-26 07:00:00+00:00,86.836,89.12,-2.284000000000006
2026-07-26 07:15:00+00:00,86.605,88.802,-2.1970000000000027
2026-07-26 07:30:00+00:00,86.797,89.026,-2.228999999999999
2026-07-26 07:45:00+00:00,86.809,89.055,-2.2460000000000093
2026-07-26 08:00:00+00:00,86.592,88.828,-2.236000000000004
2026-07-26 08:15:00+00:00,86.631,88.848,-2.2169999999999987
2026-07-26 08:30:00+00:00,86.625,88.769,-2.1440000000000055
2026-07-26 08:45:00+00:00,86.49,88.646,-2.156000000000006
2026-07-26 09:00:00+00:00,86.506,88.71,-2.2039999999999935
2026-07-26 09:15:00+00:00,86.301,88.458,-2.1569999999999965
2026-07-26 09:30:00+00:00,86.24,88.428,-2.1880000000000024
2026-07-26 09:45:00+00:00,85.564,87.624,-2.0600000000000023
2026-07-26 10:00:00+00:00,85.086,87.048,-1.9620000000000033
2026-07-26 10:15:00+00:00,85.221,87.309,-2.087999999999994
2026-07-26 10:30:00+00:00,85.391,87.516,-2.125
2026-07-26 10:45:00+00:00,85.326,87.505,-2.179000000000002
2026-07-26 11:00:00+00:00,85.222,87.407,-2.1850000000000023
2026-07-26 11:15:00+00:00,85.159,87.346,-2.1869999999999976
2026-07-26 11:30:00+00:00,84.835,87.051,-2.216000000000008
2026-07-26 11:45:00+00:00,85.298,87.47,-2.171999999999997
2026-07-26 12:00:00+00:00,85.264,87.469,-2.2049999999999983
2026-07-26 12:15:00+00:00,85.163,87.324,-2.1610000000000014
2026-07-26 12:30:00+00:00,85.185,87.343,-2.1580000000000013
2026-07-26 12:45:00+00:00,85.332,87.564,-2.2319999999999993
2026-07-26 13:00:00+00:00,85.489,87.684,-2.194999999999993
2026-07-26 13:15:00+00:00,85.395,87.662,-2.26700000000001
2026-07-26 13:30:00+00:00,85.386,87.689,-2.3029999999999973
2026-07-26 13:45:00+00:00,85.355,87.644,-2.2890000000000015
2026-07-26 14:00:00+00:00,85.474,87.754,-2.280000000000001
2026-07-26 14:15:00+00:00,85.396,87.582,-2.185999999999993
2026-07-26 14:30:00+00:00,85.33,87.604,-2.274000000000001
2026-07-26 14:45:00+00:00,85.063,87.295,-2.2319999999999993
2026-07-26 15:00:00+00:00,85.221,87.38,-2.158999999999992
2026-07-26 15:15:00+00:00,85.103,87.268,-2.1650000000000063
2026-07-26 15:30:00+00:00,85.254,87.401,-2.1469999999999914
2026-07-26 15:45:00+00:00,85.128,87.221,-2.0930000000000035
2026-07-26 16:00:00+00:00,85.327,87.492,-2.1650000000000063
2026-07-26 16:15:00+00:00,85.296,87.415,-2.1189999999999998
2026-07-26 16:30:00+00:00,85.353,87.404,-2.051000000000002
2026-07-26 16:45:00+00:00,85.309,87.36,-2.051000000000002
2026-07-26 17:00:00+00:00,85.308,87.342,-2.033999999999992
2026-07-26 17:15:00+00:00,85.476,87.54,-2.064000000000007
2026-07-26 17:30:00+00:00,85.358,87.5,-2.141999999999996
2026-07-26 17:45:00+00:00,85.223,87.378,-2.155000000000001
2026-07-26 18:00:00+00:00,85.416,87.538,-2.122
2026-07-26 18:15:00+00:00,85.54,87.638,-2.097999999999999
2026-07-26 18:30:00+00:00,85.773,87.933,-2.160000000000011
2026-07-26 18:45:00+00:00,85.807,87.824,-2.016999999999996
2026-07-26 19:00:00+00:00,86.267,88.305,-2.038000000000011
2026-07-26 19:15:00+00:00,86.304,88.376,-2.0720000000000027
2026-07-26 19:30:00+00:00,86.204,88.234,-2.030000000000001
2026-07-26 19:45:00+00:00,86.193,88.209,-2.0160000000000053
2026-07-26 20:00:00+00:00,86.25,88.377,-2.1269999999999953
2026-07-26 20:15:00+00:00,86.25,88.371,-2.120999999999995
2026-07-26 20:30:00+00:00,86.41,88.618,-2.2079999999999984
2026-07-26 20:45:00+00:00,86.239,88.409,-2.1700000000000017
2026-07-26 21:00:00+00:00,86.517,88.63,-2.1129999999999995
2026-07-26 21:15:00+00:00,86.176,88.369,-2.192999999999998
2026-07-26 21:30:00+00:00,85.675,87.85,-2.174999999999997
2026-07-26 21:45:00+00:00,86.181,88.4,-2.2190000000000083
2026-07-26 22:00:00+00:00,84.749,87.436,-2.687000000000012
2026-07-26 22:15:00+00:00,84.309,86.718,-2.409000000000006
2026-07-26 22:30:00+00:00,84.667,87.376,-2.709000000000003
2026-07-26 22:45:00+00:00,84.763,87.464,-2.7009999999999934
2026-07-26 23:00:00+00:00,84.999,87.716,-2.7169999999999987
2026-07-26 23:15:00+00:00,84.911,87.656,-2.7450000000000045
2026-07-26 23:30:00+00:00,84.637,87.435,-2.798000000000002
2026-07-26 23:45:00+00:00,84.546,87.43,-2.8840000000000003
2026-07-27 00:00:00+00:00,84.333,87.299,-2.966000000000008
2026-07-27 00:15:00+00:00,84.39,87.341,-2.9509999999999934
2026-07-27 00:30:00+00:00,84.476,87.418,-2.9420000000000073
2026-07-27 00:45:00+00:00,84.753,87.678,-2.924999999999997
2026-07-27 01:00:00+00:00,85.256,88.087,-2.831000000000003
2026-07-27 01:15:00+00:00,85.092,87.914,-2.8220000000000027
2026-07-27 01:30:00+00:00,85.13,87.983,-2.8530000000000086
2026-07-27 01:45:00+00:00,85.239,88.121,-2.881999999999991
2026-07-27 02:00:00+00:00,85.412,88.32,-2.907999999999987
2026-07-27 02:15:00+00:00,85.6,88.509,-2.909000000000006
2026-07-27 02:30:00+00:00,85.513,88.4,-2.8870000000000005
2026-07-27 02:45:00+00:00,85.518,88.37,-2.852000000000004
2026-07-27 03:00:00+00:00,85.355,88.222,-2.8669999999999902
2026-07-27 03:15:00+00:00,85.25,88.099,-2.8490000000000038
2026-07-27 03:30:00+00:00,85.11,87.982,-2.872
2026-07-27 03:45:00+00:00,85.202,88.03,-2.828000000000003
2026-07-27 04:00:00+00:00,85.066,87.898,-2.8319999999999936
2026-07-27 04:15:00+00:00,84.819,87.662,-2.8430000000000035
2026-07-27 04:30:00+00:00,84.554,87.377,-2.8229999999999933
2026-07-27 04:45:00+00:00,84.841,87.647,-2.8060000000000116
2026-07-27 05:00:00+00:00,84.79,87.551,-2.7609999999999957
2026-07-27 05:15:00+00:00,84.659,87.392,-2.73299999999999
2026-07-27 05:30:00+00:00,84.608,87.391,-2.7830000000000013
2026-07-27 05:45:00+00:00,84.523,87.226,-2.703000000000003
2026-07-27 06:00:00+00:00,83.757,86.497,-2.739999999999995
2026-07-27 06:15:00+00:00,83.83,86.65,-2.8200000000000074
2026-07-27 06:30:00+00:00,83.708,86.541,-2.8329999999999984
2026-07-27 06:45:00+00:00,83.465,86.345,-2.8799999999999955
2026-07-27 07:00:00+00:00,83.678,86.44,-2.7620000000000005
2026-07-27 07:15:00+00:00,84.139,86.885,-2.7460000000000093
2026-07-27 07:30:00+00:00,84.275,87.056,-2.7809999999999917
2026-07-27 07:45:00+00:00,84.523,87.21,-2.6869999999999976
2026-07-27 08:00:00+00:00,84.251,86.985,-2.7339999999999947
2026-07-27 08:15:00+00:00,83.609,86.18,-2.571000000000012
2026-07-27 08:30:00+00:00,83.422,85.942,-2.519999999999996
2026-07-27 08:45:00+00:00,82.938,85.412,-2.4740000000000038
2026-07-27 09:00:00+00:00,83.134,85.7,-2.5660000000000025
2026-07-27 09:15:00+00:00,82.716,85.204,-2.4879999999999995
2026-07-27 09:30:00+00:00,82.572,85.069,-2.497
2026-07-27 09:45:00+00:00,82.332,84.858,-2.5260000000000105
2026-07-27 10:00:00+00:00,83.237,85.516,-2.2790000000000106
2026-07-27 10:15:00+00:00,82.967,85.524,-2.557000000000002
2026-07-27 10:30:00+00:00,82.985,85.434,-2.448999999999998
2026-07-27 10:45:00+00:00,83.235,85.737,-2.5019999999999953
2026-07-27 11:00:00+00:00,83.375,85.941,-2.5660000000000025
2026-07-27 11:15:00+00:00,83.752,86.29,-2.538000000000011
2026-07-27 11:30:00+00:00,83.188,85.777,-2.5889999999999986
2026-07-27 11:45:00+00:00,83.33,86.005,-2.674999999999997
2026-07-27 12:00:00+00:00,84.073,86.823,-2.75
2026-07-27 12:15:00+00:00,84.076,86.828,-2.7520000000000095
2026-07-27 12:30:00+00:00,84.01,87.055,-3.0450000000000017
2026-07-27 12:45:00+00:00,83.993,86.994,-3.0010000000000048
2026-07-27 13:00:00+00:00,84.223,87.061,-2.838000000000008
2026-07-27 13:15:00+00:00,84.452,87.386,-2.9339999999999975
2026-07-27 13:30:00+00:00,83.884,86.86,-2.975999999999999
2026-07-27 13:45:00+00:00,84.186,87.009,-2.8229999999999933
2026-07-27 14:00:00+00:00,83.469,86.486,-3.01700000000001
2026-07-27 14:15:00+00:00,83.659,86.551,-2.891999999999996
2026-07-27 14:30:00+00:00,83.627,86.493,-2.8659999999999997
2026-07-27 14:45:00+00:00,83.521,86.498,-2.977000000000004
2026-07-27 15:00:00+00:00,83.234,86.258,-3.024000000000001
2026-07-27 15:15:00+00:00,83.135,86.229,-3.093999999999994
2026-07-27 15:30:00+00:00,83.103,86.362,-3.2590000000000003
2026-07-27 15:45:00+00:00,83.418,86.623,-3.2049999999999983
2026-07-27 16:00:00+00:00,83.253,86.525,-3.2720000000000056
2026-07-27 16:15:00+00:00,83.049,86.231,-3.181999999999988
2026-07-27 16:30:00+00:00,82.766,86.063,-3.296999999999997
2026-07-27 16:45:00+00:00,82.812,86.105,-3.2930000000000064
2026-07-27 17:00:00+00:00,82.607,85.936,-3.3290000000000077
2026-07-27 17:15:00+00:00,82.636,85.911,-3.2750000000000057
2026-07-27 17:30:00+00:00,82.924,86.119,-3.194999999999993
2026-07-27 17:45:00+00:00,82.595,85.897,-3.3020000000000067
2026-07-27 18:00:00+00:00,82.329,85.628,-3.2990000000000066
2026-07-27 18:15:00+00:00,82.616,85.878,-3.2620000000000005
2026-07-27 18:30:00+00:00,82.361,85.713,-3.3519999999999897
2026-07-27 18:45:00+00:00,82.141,85.511,-3.3699999999999903
2026-07-27 19:00:00+00:00,82.425,85.715,-3.2900000000000063
2026-07-27 19:15:00+00:00,82.319,85.564,-3.2449999999999903
2026-07-27 19:30:00+00:00,82.185,85.44,-3.2549999999999955
2026-07-27 19:45:00+00:00,81.954,85.3,-3.3460000000000036
2026-07-27 20:00:00+00:00,81.77,85.156,-3.38600000000001
2026-07-27 20:15:00+00:00,81.869,85.279,-3.4099999999999966
2026-07-27 20:30:00+00:00,82.037,85.421,-3.3840000000000003
2026-07-27 20:45:00+00:00,81.848,85.233,-3.385000000000005
2026-07-27 21:00:00+00:00,81.962,85.366,-3.4039999999999964
2026-07-27 21:15:00+00:00,81.922,85.394,-3.4720000000000084
2026-07-27 21:30:00+00:00,82.033,85.42,-3.3870000000000005
2026-07-27 21:45:00+00:00,82.195,85.487,-3.2920000000000016
2026-07-27 22:00:00+00:00,81.879,85.365,-3.48599999999999
2026-07-27 22:15:00+00:00,81.94,85.403,-3.463000000000008
2026-07-27 22:30:00+00:00,81.933,85.39,-3.4569999999999936
2026-07-27 22:45:00+00:00,82.147,85.553,-3.4059999999999917
2026-07-27 23:00:00+00:00,82.033,85.463,-3.4299999999999926
2026-07-27 23:15:00+00:00,82.061,85.53,-3.468999999999994
2026-07-27 23:30:00+00:00,82.16,85.637,-3.477000000000004
2026-07-27 23:45:00+00:00,82.054,85.522,-3.4680000000000035
2026-07-28 00:00:00+00:00,81.886,85.308,-3.4220000000000113
2026-07-28 00:15:00+00:00,81.67,85.102,-3.432000000000002
2026-07-28 00:30:00+00:00,81.959,85.377,-3.417999999999992
2026-07-28 00:45:00+00:00,82.12,85.491,-3.370999999999995
2026-07-28 01:00:00+00:00,81.706,85.185,-3.478999999999999
2026-07-28 01:15:00+00:00,81.531,84.947,-3.415999999999997
2026-07-28 01:30:00+00:00,81.831,85.227,-3.396000000000001
2026-07-28 01:45:00+00:00,81.651,84.986,-3.335000000000008
2026-07-28 02:00:00+00:00,81.531,84.91,-3.3789999999999907
2026-07-28 02:15:00+00:00,81.3,84.634,-3.334000000000003
2026-07-28 02:30:00+00:00,81.029,84.494,-3.4650000000000034
2026-07-28 02:45:00+00:00,80.837,84.292,-3.4549999999999983
2026-07-28 03:00:00+00:00,80.949,84.37,-3.4210000000000065
2026-07-28 03:15:00+00:00,81.377,84.697,-3.3200000000000074
2026-07-28 03:30:00+00:00,81.436,84.739,-3.3029999999999973
2026-07-28 03:45:00+00:00,81.556,84.878,-3.3220000000000027
2026-07-28 04:00:00+00:00,81.831,85.14,-3.3089999999999975
2026-07-28 04:15:00+00:00,81.635,84.956,-3.320999999999998
2026-07-28 04:30:00+00:00,81.642,84.947,-3.305000000000007
2026-07-28 04:45:00+00:00,81.607,84.914,-3.307000000000002
2026-07-28 05:00:00+00:00,81.587,84.859,-3.2719999999999914
2026-07-28 05:15:00+00:00,81.653,84.893,-3.239999999999995
2026-07-28 05:30:00+00:00,82.09,85.301,-3.2109999999999985
2026-07-28 05:45:00+00:00,82.16,85.347,-3.1869999999999976
2026-07-28 06:00:00+00:00,82.172,85.37,-3.1980000000000075
2026-07-28 06:15:00+00:00,81.821,84.993,-3.171999999999997
2026-07-28 06:30:00+00:00,80.971,84.129,-3.1580000000000013
2026-07-28 06:45:00+00:00,80.781,83.954,-3.1729999999999876
2026-07-28 07:00:00+00:00,81.354,84.5,-3.146000000000001
2026-07-28 07:15:00+00:00,81.256,84.387,-3.1310000000000002
2026-07-28 07:30:00+00:00,81.399,84.553,-3.1539999999999964
2026-07-28 07:45:00+00:00,80.769,83.93,-3.1610000000000014
2026-07-28 08:00:00+00:00,80.639,83.872,-3.233000000000004
2026-07-28 08:15:00+00:00,80.346,83.448,-3.1019999999999897
2026-07-28 08:30:00+00:00,80.247,83.276,-3.0289999999999964
2026-07-28 08:45:00+00:00,80.228,83.263,-3.035000000000011
2026-07-28 09:00:00+00:00,81.1,83.943,-2.8430000000000035
2026-07-28 09:15:00+00:00,80.48,83.428,-2.9479999999999933
2026-07-28 09:30:00+00:00,80.761,83.739,-2.9780000000000086
2026-07-28 09:45:00+00:00,80.601,83.665,-3.064000000000007
2026-07-28 10:00:00+00:00,80.792,83.82,-3.0279999999999916
2026-07-28 10:15:00+00:00,81.185,84.205,-3.019999999999996
2026-07-28 10:30:00+00:00,81.121,84.059,-2.9380000000000024
2026-07-28 10:45:00+00:00,81.182,84.172,-2.989999999999995
2026-07-28 11:00:00+00:00,81.271,84.225,-2.9539999999999935
2026-07-28 11:15:00+00:00,81.387,84.271,-2.8840000000000003
2026-07-28 11:30:00+00:00,81.782,84.598,-2.8160000000000025
2026-07-28 11:45:00+00:00,81.7,84.601,-2.9009999999999962
2026-07-28 12:00:00+00:00,81.583,84.474,-2.8910000000000053
2026-07-28 12:15:00+00:00,81.564,84.46,-2.896000000000001
2026-07-28 12:30:00+00:00,81.193,84.049,-2.8560000000000088
2026-07-28 12:45:00+00:00,80.81,83.769,-2.959000000000003
2026-07-28 13:00:00+00:00,81.343,84.212,-2.8689999999999998
2026-07-28 13:15:00+00:00,81.184,84.006,-2.8220000000000027
2026-07-28 13:30:00+00:00,81.063,83.84,-2.777000000000001
2026-07-28 13:45:00+00:00,81.427,84.098,-2.6709999999999923
2026-07-28 14:00:00+00:00,81.343,84.056,-2.712999999999994
2026-07-28 14:15:00+00:00,81.134,83.815,-2.6809999999999974
2026-07-28 14:30:00+00:00,81.415,84.055,-2.6400000000000006
2026-07-28 14:45:00+00:00,81.458,84.084,-2.6260000000000048
2026-07-28 15:00:00+00:00,80.596,83.193,-2.596999999999994
2026-07-28 15:15:00+00:00,79.425,82.346,-2.9210000000000065
2026-07-28 15:30:00+00:00,79.055,81.914,-2.8589999999999947
2026-07-28 15:45:00+00:00,78.33,81.257,-2.9270000000000067
2026-07-28 16:00:00+00:00,78.259,81.398,-3.138999999999996
2026-07-28 16:15:00+00:00,78.195,81.229,-3.034000000000006
2026-07-28 16:30:00+00:00,78.136,81.042,-2.906000000000006
2026-07-28 16:45:00+00:00,78.635,81.439,-2.803999999999988
2026-07-28 17:00:00+00:00,78.941,81.693,-2.7519999999999953
2026-07-28 17:15:00+00:00,79.115,81.979,-2.8640000000000043
2026-07-28 17:30:00+00:00,79.265,82.114,-2.8490000000000038
2026-07-28 17:45:00+00:00,79.4,82.224,-2.823999999999998
2026-07-28 18:00:00+00:00,78.885,81.811,-2.926000000000002
2026-07-28 18:15:00+00:00,79.286,82.15,-2.8640000000000043
2026-07-28 18:30:00+00:00,79.247,82.098,-2.850999999999999
2026-07-28 18:45:00+00:00,79.161,81.97,-2.8089999999999975
2026-07-28 19:00:00+00:00,79.052,81.884,-2.8319999999999936
2026-07-28 19:15:00+00:00,78.876,81.737,-2.86099999999999
2026-07-28 19:30:00+00:00,79.013,81.861,-2.847999999999999
2026-07-28 19:45:00+00:00,79.11,81.901,-2.790999999999997
2026-07-28 20:00:00+00:00,79.148,81.967,-2.8190000000000026
2026-07-28 20:15:00+00:00,79.163,82.027,-2.8640000000000043
2026-07-28 20:30:00+00:00,79.107,81.88,-2.772999999999996
2026-07-28 20:45:00+00:00,79.089,81.862,-2.772999999999996
2026-07-28 21:00:00+00:00,79.714,82.478,-2.763999999999996
2026-07-28 21:15:00+00:00,79.838,82.651,-2.8130000000000024
2026-07-28 21:30:00+00:00,79.975,82.709,-2.734000000000009
2026-07-28 21:45:00+00:00,80.484,83.152,-2.6680000000000064
2026-07-28 22:00:00+00:00,81.26,84.007,-2.747
2026-07-28 22:15:00+00:00,82.717,85.079,-2.3619999999999948
2026-07-28 22:30:00+00:00,82.704,85.017,-2.3130000000000024
2026-07-28 22:45:00+00:00,82.631,85.027,-2.396000000000001
2026-07-28 23:00:00+00:00,82.785,85.223,-2.4380000000000024
2026-07-28 23:15:00+00:00,82.499,85.213,-2.7139999999999986
2026-07-28 23:30:00+00:00,82.081,84.835,-2.7539999999999907
2026-07-28 23:45:00+00:00,81.852,84.376,-2.524000000000001
2026-07-29 00:00:00+00:00,81.978,84.487,-2.5090000000000003
2026-07-29 00:15:00+00:00,81.792,84.314,-2.5219999999999914
2026-07-29 00:30:00+00:00,82.364,84.82,-2.455999999999989
2026-07-29 00:45:00+00:00,82.431,84.887,-2.456000000000003
2026-07-29 01:00:00+00:00,82.801,85.371,-2.569999999999993
2026-07-29 01:15:00+00:00,82.408,85.098,-2.6899999999999977
2026-07-29 01:30:00+00:00,82.935,85.513,-2.578000000000003
2026-07-29 01:45:00+00:00,82.768,85.337,-2.5690000000000026
2026-07-29 02:00:00+00:00,82.655,85.244,-2.5889999999999986
2026-07-29 02:15:00+00:00,82.45,84.963,-2.512999999999991
2026-07-29 02:30:00+00:00,82.254,84.894,-2.6400000000000006
2026-07-29 02:45:00+00:00,82.267,84.914,-2.6470000000000056
2026-07-29 03:00:00+00:00,82.477,85.111,-2.6340000000000003
2026-07-29 03:15:00+00:00,82.354,85.029,-2.674999999999997
2026-07-29 03:30:00+00:00,82.557,85.223,-2.665999999999997
2026-07-29 03:45:00+00:00,82.701,85.356,-2.655000000000001
2026-07-29 04:00:00+00:00,82.574,85.229,-2.655000000000001
2026-07-29 04:15:00+00:00,82.418,85.113,-2.694999999999993
2026-07-29 04:30:00+00:00,82.085,84.787,-2.7020000000000124
2026-07-29 04:45:00+00:00,82.058,84.705,-2.6469999999999914
2026-07-29 05:00:00+00:00,81.9,84.497,-2.596999999999994
2026-07-29 05:15:00+00:00,81.914,84.511,-2.596999999999994
2026-07-29 05:30:00+00:00,81.941,84.47,-2.5289999999999964
2026-07-29 05:45:00+00:00,82.21,84.747,-2.537000000000006
2026-07-29 06:00:00+00:00,82.293,84.85,-2.556999999999988
2026-07-29 06:15:00+00:00,82.315,84.91,-2.594999999999999
2026-07-29 06:30:00+00:00,81.791,84.391,-2.6000000000000085
2026-07-29 06:45:00+00:00,82.081,84.697,-2.6159999999999997
2026-07-29 07:00:00+00:00,81.872,84.504,-2.632000000000005
2026-07-29 07:15:00+00:00,82.196,84.799,-2.6030000000000086
2026-07-29 07:30:00+00:00,81.793,84.458,-2.664999999999992
2026-07-29 07:45:00+00:00,82.008,84.683,-2.6750000000000114
2026-07-29 08:00:00+00:00,81.882,84.48,-2.597999999999999
2026-07-29 08:15:00+00:00,82.179,84.835,-2.6559999999999917
2026-07-29 08:30:00+00:00,81.828,84.623,-2.7950000000000017
2026-07-29 08:45:00+00:00,81.868,84.661,-2.7930000000000064
2026-07-29 09:00:00+00:00,81.939,84.748,-2.8090000000000117
2026-07-29 09:15:00+00:00,81.923,84.761,-2.837999999999994
2026-07-29 09:30:00+00:00,82.098,84.919,-2.820999999999998
2026-07-29 09:45:00+00:00,82.141,84.944,-2.8029999999999973
2026-07-29 10:00:00+00:00,82.593,85.34,-2.747
2026-07-29 10:15:00+00:00,82.713,85.474,-2.76100000000001
2026-07-29 10:30:00+00:00,82.882,85.69,-2.8079999999999927
2026-07-29 10:45:00+00:00,83.185,85.923,-2.7379999999999995
2026-07-29 11:00:00+00:00,83.093,85.84,-2.747
2026-07-29 11:15:00+00:00,82.826,85.54,-2.714000000000013
2026-07-29 11:30:00+00:00,82.922,85.67,-2.7480000000000047
2026-07-29 11:45:00+00:00,82.533,85.242,-2.709000000000003
2026-07-29 12:00:00+00:00,83.081,85.697,-2.6159999999999997
2026-07-29 12:15:00+00:00,84.442,87.002,-2.5600000000000023
2026-07-29 12:30:00+00:00,84.106,86.607,-2.5010000000000048
2026-07-29 12:45:00+00:00,84.51,86.859,-2.3489999999999895
2026-07-29 13:00:00+00:00,84.388,86.802,-2.4140000000000015
2026-07-29 13:15:00+00:00,84.335,86.833,-2.4980000000000047
2026-07-29 13:30:00+00:00,84.417,86.963,-2.5459999999999923
2026-07-29 13:45:00+00:00,84.845,87.291,-2.445999999999998
2026-07-29 14:00:00+00:00,84.526,87.068,-2.5420000000000016
2026-07-29 14:15:00+00:00,84.944,87.489,-2.5450000000000017
2026-07-29 14:30:00+00:00,85.054,87.641,-2.5870000000000033
2026-07-29 14:45:00+00:00,85.356,87.949,-2.5930000000000035
2026-07-29 15:00:00+00:00,85.033,87.722,-2.688999999999993
2026-07-29 15:15:00+00:00,84.852,87.755,-2.9029999999999916
2026-07-29 15:30:00+00:00,84.51,87.536,-3.0259999999999962
2026-07-29 15:45:00+00:00,85.007,87.941,-2.9339999999999975
2026-07-29 16:00:00+00:00,84.894,88.049,-3.155000000000001
2026-07-29 16:15:00+00:00,84.202,87.475,-3.272999999999996
2026-07-29 16:30:00+00:00,84.535,87.794,-3.2590000000000003
2026-07-29 16:45:00+00:00,84.598,87.822,-3.2240000000000038
2026-07-29 17:00:00+00:00,84.567,87.781,-3.214000000000013
2026-07-29 17:15:00+00:00,84.478,87.668,-3.190000000000012
2026-07-29 17:30:00+00:00,84.374,87.577,-3.203000000000003
2026-07-29 17:45:00+00:00,84.575,87.813,-3.2379999999999995
2026-07-29 18:00:00+00:00,84.646,87.936,-3.2900000000000063
2026-07-29 18:15:00+00:00,84.51,88.028,-3.5180000000000007
2026-07-29 18:30:00+00:00,84.65,87.971,-3.320999999999998
2026-07-29 18:45:00+00:00,84.461,87.762,-3.301000000000002
2026-07-29 19:00:00+00:00,84.442,87.776,-3.334000000000003
2026-07-29 19:15:00+00:00,84.688,87.98,-3.2920000000000016
2026-07-29 19:30:00+00:00,84.895,88.199,-3.304000000000002
2026-07-29 19:45:00+00:00,84.914,88.244,-3.3299999999999983
2026-07-29 20:00:00+00:00,84.774,88.156,-3.382000000000005
2026-07-29 20:15:00+00:00,84.951,88.496,-3.5450000000000017
2026-07-29 20:30:00+00:00,84.667,88.168,-3.5010000000000048
2026-07-29 20:45:00+00:00,84.709,88.158,-3.448999999999998
2026-07-29 21:00:00+00:00,84.94,88.238,-3.298000000000002
2026-07-29 21:15:00+00:00,84.798,88.254,-3.456000000000003
2026-07-29 21:30:00+00:00,85.144,88.52,-3.3759999999999906
2026-07-29 21:45:00+00:00,84.737,88.119,-3.382000000000005
2026-07-29 22:00:00+00:00,84.427,87.826,-3.3989999999999867
2026-07-29 22:15:00+00:00,84.445,87.875,-3.430000000000007
2026-07-29 22:30:00+00:00,84.519,87.888,-3.3689999999999998
2026-07-29 22:45:00+00:00,84.468,87.839,-3.370999999999995
2026-07-29 23:00:00+00:00,84.659,88.11,-3.4509999999999934
2026-07-29 23:15:00+00:00,84.445,87.776,-3.331000000000003
2026-07-29 23:30:00+00:00,84.362,87.746,-3.3840000000000003
2026-07-29 23:45:00+00:00,84.259,87.618,-3.3589999999999947
2026-07-30 00:00:00+00:00,83.955,87.378,-3.423000000000002
2026-07-30 00:15:00+00:00,84.023,87.575,-3.5520000000000067
2026-07-30 00:30:00+00:00,84.363,87.86,-3.497
2026-07-30 00:45:00+00:00,84.575,88.085,-3.509999999999991
2026-07-30 01:00:00+00:00,84.056,87.534,-3.4780000000000086
2026-07-30 01:15:00+00:00,84.056,87.514,-3.4579999999999984
2026-07-30 01:30:00+00:00,83.774,87.254,-3.480000000000004
2026-07-30 01:45:00+00:00,83.83,87.312,-3.4819999999999993
2026-07-30 02:00:00+00:00,83.624,87.126,-3.5020000000000095
2026-07-30 02:15:00+00:00,83.46,86.965,-3.5050000000000097
2026-07-30 02:30:00+00:00,83.59,87.032,-3.441999999999993
2026-07-30 02:45:00+00:00,83.48,86.975,-3.4949999999999903
2026-07-30 03:00:00+00:00,83.39,86.828,-3.4380000000000024
2026-07-30 03:15:00+00:00,83.678,87.147,-3.4690000000000083
2026-07-30 03:30:00+00:00,83.659,87.148,-3.48899999999999
2026-07-30 03:45:00+00:00,83.693,87.202,-3.5090000000000003
2026-07-30 04:00:00+00:00,83.828,87.3,-3.471999999999994
2026-07-30 04:15:00+00:00,83.829,87.323,-3.4939999999999998
2026-07-30 04:30:00+00:00,83.855,87.346,-3.4909999999999997
2026-07-30 04:45:00+00:00,84.123,87.603,-3.4799999999999898
2026-07-30 05:00:00+00:00,84.51,87.924,-3.4140000000000015
2026-07-30 05:15:00+00:00,84.573,88.039,-3.466000000000008
2026-07-30 05:30:00+00:00,84.993,88.55,-3.557000000000002
2026-07-30 05:45:00+00:00,85.245,89.01,-3.7650000000000006
2026-07-30 06:00:00+00:00,85.7,89.294,-3.593999999999994
2026-07-30 06:15:00+00:00,85.825,89.377,-3.5519999999999925
2026-07-30 06:30:00+00:00,85.63,89.256,-3.6260000000000048
2026-07-30 06:45:00+00:00,85.336,89.183,-3.8470000000000084
2026-07-30 07:00:00+00:00,84.955,88.677,-3.7220000000000084
2026-07-30 07:15:00+00:00,85.289,88.813,-3.524000000000001
2026-07-30 07:30:00+00:00,85.472,88.77,-3.298000000000002
2026-07-30 07:45:00+00:00,85.229,88.6,-3.370999999999995
2026-07-30 08:00:00+00:00,84.838,88.267,-3.429000000000002
2026-07-30 08:15:00+00:00,84.989,88.455,-3.465999999999994
2026-07-30 08:30:00+00:00,84.798,88.3,-3.5019999999999953
2026-07-30 08:45:00+00:00,84.8,88.261,-3.4609999999999985
2026-07-30 09:00:00+00:00,84.32,87.742,-3.4220000000000113
2026-07-30 09:15:00+00:00,84.09,87.539,-3.448999999999998
2026-07-30 09:30:00+00:00,84.145,87.589,-3.4440000000000026
2026-07-30 09:45:00+00:00,84.533,88.029,-3.495999999999995
2026-07-30 10:00:00+00:00,84.633,88.012,-3.379000000000005
2026-07-30 10:15:00+00:00,84.289,87.815,-3.5259999999999962
2026-07-30 10:30:00+00:00,83.672,87.177,-3.5050000000000097
2026-07-30 10:45:00+00:00,83.77,87.337,-3.5670000000000073
2026-07-30 11:00:00+00:00,83.747,87.319,-3.5720000000000027
2026-07-30 11:15:00+00:00,83.684,87.274,-3.5900000000000034
2026-07-30 11:30:00+00:00,83.501,87.106,-3.6049999999999898
2026-07-30 11:45:00+00:00,83.567,87.113,-3.5460000000000065
2026-07-30 12:00:00+00:00,83.729,87.156,-3.4270000000000067
2026-07-30 12:15:00+00:00,84.263,87.5,-3.2369999999999948
2026-07-30 12:30:00+00:00,83.791,87.084,-3.2930000000000064
2026-07-30 12:45:00+00:00,84.475,87.589,-3.1140000000000043
2026-07-30 13:00:00+00:00,83.056,86.3,-3.2439999999999998
2026-07-30 13:15:00+00:00,83.488,86.735,-3.247
2026-07-30 13:30:00+00:00,83.622,86.84,-3.2180000000000035
2026-07-30 13:45:00+00:00,83.746,86.852,-3.1060000000000088
2026-07-30 14:00:00+00:00,83.876,86.858,-2.9819999999999993
2026-07-30 14:15:00+00:00,83.95,86.888,-2.9380000000000024
2026-07-30 14:30:00+00:00,84.074,86.981,-2.9069999999999965
2026-07-30 14:45:00+00:00,84.202,87.2,-2.9980000000000047
2026-07-30 15:00:00+00:00,84.607,87.437,-2.8299999999999983
2026-07-30 15:15:00+00:00,84.28,87.156,-2.8760000000000048
2026-07-30 15:30:00+00:00,83.745,86.821,-3.0759999999999934
2026-07-30 15:45:00+00:00,84.036,87.064,-3.0279999999999916
2026-07-30 16:00:00+00:00,84.014,87.138,-3.1240000000000094
2026-07-30 16:15:00+00:00,83.622,86.749,-3.1269999999999953
2026-07-30 16:30:00+00:00,83.87,87.011,-3.140999999999991
2026-07-30 16:45:00+00:00,84.116,87.175,-3.0589999999999975
2026-07-30 17:00:00+00:00,83.947,87.082,-3.134999999999991
2026-07-30 17:15:00+00:00,83.844,86.915,-3.071000000000012
2026-07-30 17:30:00+00:00,83.865,86.938,-3.0730000000000075
2026-07-30 17:45:00+00:00,84.061,87.091,-3.029999999999987
2026-07-30 18:00:00+00:00,84.12,87.188,-3.067999999999998
2026-07-30 18:15:00+00:00,83.584,86.842,-3.2579999999999956
2026-07-30 18:30:00+00:00,83.741,86.924,-3.183000000000007
2026-07-30 18:45:00+00:00,83.554,86.819,-3.2650000000000006
2026-07-30 19:00:00+00:00,83.664,86.885,-3.2210000000000036
2026-07-30 19:15:00+00:00,83.542,86.833,-3.290999999999997
2026-07-30 19:30:00+00:00,83.679,86.974,-3.2950000000000017
2026-07-30 19:45:00+00:00,83.641,86.95,-3.3089999999999975
2026-07-30 20:00:00+00:00,83.873,87.111,-3.2379999999999995
2026-07-30 20:15:00+00:00,84.086,87.325,-3.2390000000000043
2026-07-30 20:30:00+00:00,83.954,87.222,-3.2680000000000007
2026-07-30 20:45:00+00:00,83.94,87.217,-3.277000000000001
2026-07-30 21:00:00+00:00,83.925,87.1,-3.174999999999997
2026-07-30 21:15:00+00:00,84.064,87.215,-3.1510000000000105
2026-07-30 21:30:00+00:00,83.854,87.106,-3.2519999999999953
2026-07-30 21:45:00+00:00,83.886,87.104,-3.2180000000000035
2026-07-30 22:00:00+00:00,84.171,87.4,-3.228999999999999
2026-07-30 22:15:00+00:00,84.144,87.348,-3.2039999999999935
2026-07-30 22:30:00+00:00,84.039,87.247,-3.2079999999999984
2026-07-30 22:45:00+00:00,84.059,87.258,-3.198999999999998
2026-07-30 23:00:00+00:00,83.933,87.14,-3.2069999999999936
2026-07-30 23:15:00+00:00,84.041,87.298,-3.257000000000005
2026-07-30 23:30:00+00:00,84.076,87.39,-3.314000000000007
2026-07-30 23:45:00+00:00,84.048,87.331,-3.2830000000000013
2026-07-31 00:00:00+00:00,84.137,87.438,-3.301000000000002
2026-07-31 00:15:00+00:00,84.14,87.433,-3.2930000000000064
2026-07-31 00:30:00+00:00,83.777,87.035,-3.2579999999999956
2026-07-31 00:45:00+00:00,83.567,86.844,-3.277000000000001
2026-07-31 01:00:00+00:00,82.968,86.278,-3.3100000000000023
2026-07-31 01:15:00+00:00,82.78,86.247,-3.4669999999999987
2026-07-31 01:30:00+00:00,82.626,86.121,-3.4949999999999903
2026-07-31 01:45:00+00:00,82.498,85.948,-3.4499999999999886
2026-07-31 02:00:00+00:00,82.08,85.514,-3.4339999999999975
2026-07-31 02:15:00+00:00,82.2,85.574,-3.3739999999999952
2026-07-31 02:30:00+00:00,82.174,85.612,-3.437999999999988
2026-07-31 02:45:00+00:00,82.301,85.804,-3.503
2026-07-31 03:00:00+00:00,82.262,85.778,-3.5160000000000053
2026-07-31 03:15:00+00:00,82.209,85.771,-3.5619999999999976
2026-07-31 03:30:00+00:00,82.36,85.82,-3.4599999999999937
2026-07-31 03:45:00+00:00,82.335,85.806,-3.4710000000000036
2026-07-31 04:00:00+00:00,82.15,85.61,-3.4599999999999937
2026-07-31 04:15:00+00:00,82.156,85.578,-3.421999999999997
2026-07-31 04:30:00+00:00,81.981,85.387,-3.406000000000006
2026-07-31 04:45:00+00:00,81.672,85.081,-3.409000000000006
2026-07-31 05:00:00+00:00,81.896,85.371,-3.4749999999999943
2026-07-31 05:15:00+00:00,81.618,85.094,-3.475999999999999
2026-07-31 05:30:00+00:00,81.462,84.873,-3.4110000000000014
2026-07-31 05:45:00+00:00,81.672,85.099,-3.4270000000000067
2026-07-31 06:00:00+00:00,81.802,85.258,-3.455999999999989
2026-07-31 06:15:00+00:00,81.994,85.489,-3.4950000000000045
2026-07-31 06:30:00+00:00,82.026,85.508,-3.4819999999999993
2026-07-31 06:45:00+00:00,82.012,85.483,-3.4710000000000036
2026-07-31 07:00:00+00:00,82.215,85.709,-3.4939999999999998
2026-07-31 07:15:00+00:00,82.571,86.072,-3.5010000000000048
2026-07-31 07:30:00+00:00,82.588,86.098,-3.510000000000005
2026-07-31 07:45:00+00:00,82.209,85.732,-3.522999999999996
2026-07-31 08:00:00+00:00,82.138,85.66,-3.5219999999999914
2026-07-31 08:15:00+00:00,82.704,86.166,-3.4620000000000033
2026-07-31 08:30:00+00:00,82.421,85.957,-3.535999999999987
2026-07-31 08:45:00+00:00,82.573,86.037,-3.464000000000013
2026-07-31 09:00:00+00:00,83.089,86.646,-3.557000000000002
2026-07-31 09:15:00+00:00,82.854,86.432,-3.578000000000003
2026-07-31 09:30:00+00:00,83.515,87.13,-3.614999999999995
2026-07-31 09:45:00+00:00,83.711,87.293,-3.582000000000008
2026-07-31 10:00:00+00:00,84.042,87.652,-3.6099999999999994
2026-07-31 10:15:00+00:00,84.072,87.546,-3.4740000000000038
2026-07-31 10:30:00+00:00,84.137,87.61,-3.472999999999999
2026-07-31 10:45:00+00:00,84.256,87.7,-3.4440000000000026
2026-07-31 11:00:00+00:00,84.174,87.684,-3.509999999999991
2026-07-31 11:15:00+00:00,84.739,88.2,-3.4609999999999985
2026-07-31 11:30:00+00:00,84.964,88.55,-3.5859999999999985
2026-07-31 11:45:00+00:00,84.827,88.357,-3.530000000000001
2026-07-31 12:00:00+00:00,85.219,88.454,-3.2349999999999994
2026-07-31 12:15:00+00:00,85.171,88.371,-3.1999999999999886
2026-07-31 12:30:00+00:00,85.198,88.282,-3.084000000000003
2026-07-31 12:45:00+00:00,85.795,88.698,-2.9029999999999916
2026-07-31 13:00:00+00:00,85.619,88.601,-2.9819999999999993
2026-07-31 13:15:00+00:00,85.451,88.47,-3.0190000000000055
2026-07-31 13:30:00+00:00,85.573,88.63,-3.057000000000002
2026-07-31 13:45:00+00:00,85.481,88.543,-3.062000000000012
2026-07-31 14:00:00+00:00,85.084,88.167,-3.0829999999999984
2026-07-31 14:15:00+00:00,85.189,88.14,-2.9510000000000076
2026-07-31 14:30:00+00:00,85.431,88.384,-2.953000000000003
2026-07-31 14:45:00+00:00,85.754,88.623,-2.8689999999999998
2026-07-31 15:00:00+00:00,85.849,88.651,-2.8019999999999925
2026-07-31 15:15:00+00:00,85.52,88.363,-2.8430000000000035
2026-07-31 15:30:00+00:00,84.934,87.854,-2.9200000000000017
2026-07-31 15:45:00+00:00,84.066,87.243,-3.1769999999999925
2026-07-31 16:00:00+00:00,84.55,87.53,-2.980000000000004
2026-07-31 16:15:00+00:00,84.487,87.464,-2.977000000000004
2026-07-31 16:30:00+00:00,84.747,87.703,-2.956000000000003
2026-07-31 16:45:00+00:00,84.674,87.747,-3.0729999999999933
2026-07-31 17:00:00+00:00,85.005,88.094,-3.0889999999999986
2026-07-31 17:15:00+00:00,84.789,87.912,-3.1230000000000047
2026-07-31 17:30:00+00:00,85.019,88.146,-3.1269999999999953
2026-07-31 17:45:00+00:00,84.7,87.958,-3.2579999999999956
2026-07-31 18:00:00+00:00,84.765,88.112,-3.346999999999994
2026-07-31 18:15:00+00:00,84.579,87.813,-3.234000000000009
2026-07-31 18:30:00+00:00,84.707,87.948,-3.2409999999999997
2026-07-31 18:45:00+00:00,84.602,87.899,-3.296999999999997
2026-07-31 19:00:00+00:00,84.655,88.086,-3.4309999999999974
2026-07-31 19:15:00+00:00,84.811,88.3,-3.48899999999999
2026-07-31 19:30:00+00:00,84.777,88.187,-3.4099999999999966
2026-07-31 19:45:00+00:00,84.733,88.15,-3.4170000000000016
2026-07-31 20:00:00+00:00,84.561,87.953,-3.391999999999996
2026-07-31 20:15:00+00:00,84.631,87.948,-3.316999999999993
2026-07-31 20:30:00+00:00,84.575,87.896,-3.320999999999998
2026-07-31 20:45:00+00:00,86.802,90.223,-3.4209999999999923
2026-07-31 21:00:00+00:00,86.488,90.019,-3.531000000000006
2026-07-31 21:15:00+00:00,87.55,90.977,-3.4270000000000067
2026-07-31 21:30:00+00:00,88.143,91.574,-3.4309999999999974
2026-07-31 21:45:00+00:00,87.669,91.073,-3.4039999999999964
2026-07-31 22:00:00+00:00,87.232,90.638,-3.406000000000006
2026-07-31 22:15:00+00:00,86.983,90.371,-3.387999999999991
2026-07-31 22:30:00+00:00,87.383,90.726,-3.3430000000000035
2026-07-31 22:45:00+00:00,87.39,90.836,-3.445999999999998
2026-07-31 23:00:00+00:00,87.534,90.927,-3.3930000000000007
2026-07-31 23:15:00+00:00,87.592,91.041,-3.448999999999998
2026-07-31 23:30:00+00:00,87.378,90.957,-3.5789999999999935
2026-07-31 23:45:00+00:00,87.35,90.924,-3.5740000000000123
2026-08-01 00:00:00+00:00,87.417,91.033,-3.6159999999999997
2026-08-01 00:15:00+00:00,87.139,90.622,-3.483000000000004
2026-08-01 00:30:00+00:00,86.971,90.536,-3.5649999999999977
2026-08-01 00:45:00+00:00,86.9,90.454,-3.553999999999988
2026-08-01 01:00:00+00:00,86.801,90.211,-3.4099999999999966
2026-08-01 01:15:00+00:00,86.5,89.915,-3.4150000000000063
2026-08-01 01:30:00+00:00,86.621,90.114,-3.493000000000009
2026-08-01 01:45:00+00:00,86.648,90.234,-3.5859999999999985
2026-08-01 02:00:00+00:00,86.437,89.99,-3.5529999999999973
2026-08-01 02:15:00+00:00,86.688,90.14,-3.451999999999998
2026-08-01 02:30:00+00:00,86.428,89.911,-3.483000000000004
2026-08-01 02:45:00+00:00,86.772,90.259,-3.4869999999999948
2026-08-01 03:00:00+00:00,86.834,90.408,-3.573999999999998
2026-08-01 03:15:00+00:00,86.868,90.445,-3.576999999999998
2026-08-01 03:30:00+00:00,86.896,90.435,-3.5390000000000015
2026-08-01 03:45:00+00:00,86.998,90.52,-3.5219999999999914
2026-08-01 04:00:00+00:00,86.639,90.067,-3.4279999999999973
2026-08-01 04:15:00+00:00,86.721,90.142,-3.4209999999999923
2026-08-01 04:30:00+00:00,86.652,90.048,-3.396000000000001
2026-08-01 04:45:00+00:00,86.722,90.267,-3.5450000000000017
2026-08-01 05:00:00+00:00,86.498,90.043,-3.5450000000000017
2026-08-01 05:15:00+00:00,86.297,89.85,-3.5529999999999973
2026-08-01 05:30:00+00:00,86.42,89.934,-3.513999999999996
2026-08-01 05:45:00+00:00,86.498,90.008,-3.509999999999991
2026-08-01 06:00:00+00:00,86.327,89.808,-3.4810000000000088
2026-08-01 06:15:00+00:00,86.43,89.945,-3.5149999999999864
2026-08-01 06:30:00+00:00,86.364,89.865,-3.5009999999999906
2026-08-01 06:45:00+00:00,86.4,89.926,-3.5259999999999962
2026-08-01 07:00:00+00:00,86.474,89.935,-3.4609999999999985
2026-08-01 07:15:00+00:00,86.422,89.938,-3.5160000000000053
2026-08-01 07:30:00+00:00,86.51,90.042,-3.5319999999999965
2026-08-01 07:45:00+00:00,86.446,89.987,-3.540999999999997
2026-08-01 08:00:00+00:00,86.648,90.156,-3.5080000000000098
2026-08-01 08:15:00+00:00,86.508,90.066,-3.558000000000007
2026-08-01 08:30:00+00:00,86.534,90.078,-3.543999999999997
2026-08-01 08:45:00+00:00,86.582,90.176,-3.5940000000000083
2026-08-01 09:00:00+00:00,86.493,90.039,-3.5460000000000065
2026-08-01 09:15:00+00:00,86.402,89.855,-3.453000000000003
2026-08-01 09:30:00+00:00,86.512,89.985,-3.472999999999999
2026-08-01 09:45:00+00:00,86.551,89.987,-3.435999999999993
2026-08-01 10:00:00+00:00,86.658,90.077,-3.418999999999997
2026-08-01 10:15:00+00:00,86.752,90.176,-3.4240000000000066
2026-08-01 10:30:00+00:00,86.647,90.077,-3.4299999999999926
2026-08-01 10:45:00+00:00,86.682,90.143,-3.4609999999999985
2026-08-01 11:00:00+00:00,86.807,90.315,-3.5079999999999956
2026-08-01 11:15:00+00:00,86.955,90.504,-3.5490000000000066
2026-08-01 11:30:00+00:00,86.855,90.352,-3.497
2026-08-01 11:45:00+00:00,86.855,90.417,-3.5619999999999976
2026-08-01 12:00:00+00:00,86.854,90.354,-3.5
2026-08-01 12:15:00+00:00,86.987,90.44,-3.453000000000003
2026-08-01 12:30:00+00:00,86.968,90.467,-3.4989999999999952
2026-08-01 12:45:00+00:00,86.917,90.439,-3.5219999999999914
2026-08-01 13:00:00+00:00,87.015,90.485,-3.469999999999999
2026-08-01 13:15:00+00:00,86.901,90.359,-3.4579999999999984
2026-08-01 13:30:00+00:00,86.945,90.446,-3.5010000000000048
2026-08-01 13:45:00+00:00,86.678,90.197,-3.5190000000000055
2026-08-01 14:00:00+00:00,86.752,90.228,-3.475999999999999
2026-08-01 14:15:00+00:00,86.654,90.175,-3.521000000000001
2026-08-01 14:30:00+00:00,86.759,90.261,-3.5019999999999953
2026-08-01 14:45:00+00:00,86.669,90.154,-3.4849999999999994
2026-08-01 15:00:00+00:00,86.589,90.094,-3.5049999999999955
2026-08-01 15:15:00+00:00,86.607,90.119,-3.5120000000000005
2026-08-01 15:30:00+00:00,86.704,90.163,-3.459000000000003
2026-08-01 15:45:00+00:00,86.811,90.23,-3.418999999999997
2026-08-01 16:00:00+00:00,87.021,90.523,-3.5019999999999953
2026-08-01 16:15:00+00:00,87.353,90.809,-3.456000000000003
2026-08-01 16:30:00+00:00,87.193,90.666,-3.472999999999999
2026-08-01 16:45:00+00:00,87.33,90.747,-3.4170000000000016
2026-08-01 17:00:00+00:00,87.208,90.694,-3.486000000000004
2026-08-01 17:15:00+00:00,87.38,90.781,-3.4010000000000105
2026-08-01 17:30:00+00:00,87.448,90.822,-3.3740000000000094
2026-08-01 17:45:00+00:00,87.484,90.922,-3.4380000000000024
2026-08-01 18:00:00+00:00,87.382,90.838,-3.455999999999989
2026-08-01 18:15:00+00:00,87.47,90.937,-3.4669999999999987
2026-08-01 18:30:00+00:00,87.565,90.996,-3.4309999999999974
2026-08-01 18:45:00+00:00,87.609,91.078,-3.4690000000000083
2026-08-01 19:00:00+00:00,87.471,90.98,-3.5090000000000003
2026-08-01 19:15:00+00:00,87.656,91.107,-3.4509999999999934
2026-08-01 19:30:00+00:00,87.728,91.106,-3.378
2026-08-01 19:45:00+00:00,87.828,91.343,-3.5150000000000006
2026-08-01 20:00:00+00:00,88.096,91.566,-3.469999999999999
2026-08-01 20:15:00+00:00,87.849,91.358,-3.5090000000000003
2026-08-01 20:30:00+00:00,87.77,91.252,-3.4819999999999993
2026-08-01 20:45:00+00:00,87.543,91.072,-3.5289999999999964
2026-08-01 21:00:00+00:00,87.359,90.806,-3.4470000000000027
2026-08-01 21:15:00+00:00,87.5,90.966,-3.465999999999994
2026-08-01 21:30:00+00:00,86.566,89.892,-3.3259999999999934
2026-08-01 21:45:00+00:00,86.769,90.087,-3.317999999999998
2026-08-01 22:00:00+00:00,86.728,89.969,-3.2409999999999997
2026-08-01 22:15:00+00:00,86.861,90.177,-3.3160000000000025
2026-08-01 22:30:00+00:00,87.025,90.426,-3.4009999999999962
2026-08-01 22:45:00+00:00,86.801,90.123,-3.3220000000000027
2026-08-01 23:00:00+00:00,87.23,90.494,-3.263999999999996
2026-08-01 23:15:00+00:00,87.187,90.559,-3.372
2026-08-01 23:30:00+00:00,87.197,90.5,-3.3029999999999973
2026-08-01 23:45:00+00:00,86.612,89.981,-3.3689999999999998
2026-08-02 00:00:00+00:00,86.457,89.763,-3.3060000000000116
2026-08-02 00:15:00+00:00,86.336,89.669,-3.3329999999999984
2026-08-02 00:30:00+00:00,86.415,89.755,-3.339999999999989
2026-08-02 00:45:00+00:00,86.107,89.504,-3.3970000000000056
2026-08-02 01:00:00+00:00,85.836,89.089,-3.253
2026-08-02 01:15:00+00:00,85.172,88.387,-3.2150000000000034
2026-08-02 01:30:00+00:00,85.456,88.757,-3.301000000000002
2026-08-02 01:45:00+00:00,85.576,88.869,-3.2930000000000064
2026-08-02 02:00:00+00:00,82.461,85.729,-3.2680000000000007
2026-08-02 02:15:00+00:00,82.461,85.729,-3.2680000000000007
2026-08-02 02:30:00+00:00,82.461,85.729,-3.2680000000000007
2026-08-02 02:45:00+00:00,82.461,85.729,-3.2680000000000007
2026-08-02 03:00:00+00:00,80.979,84.0,-3.021000000000001
2026-08-02 03:15:00+00:00,80.676,83.647,-2.9710000000000036
2026-08-02 03:30:00+00:00,80.761,83.628,-2.8670000000000044
2026-08-02 03:45:00+00:00,81.611,84.526,-2.914999999999992
2026-08-02 04:00:00+00:00,81.202,84.293,-3.091000000000008
2026-08-02 04:15:00+00:00,81.162,84.066,-2.9039999999999964
2026-08-02 04:30:00+00:00,81.027,83.922,-2.894999999999996
2026-08-02 04:45:00+00:00,81.244,84.138,-2.8940000000000055
2026-08-02 05:00:00+00:00,81.391,84.338,-2.9469999999999885
2026-08-02 05:15:00+00:00,81.349,84.29,-2.9410000000000025
2026-08-02 05:30:00+00:00,81.416,84.391,-2.9750000000000085
2026-08-02 05:45:00+00:00,81.264,84.228,-2.9639999999999986
2026-08-02 06:00:00+00:00,81.331,84.287,-2.956000000000003
2026-08-02 06:15:00+00:00,81.199,84.142,-2.942999999999998
2026-08-02 06:30:00+00:00,81.128,84.073,-2.944999999999993
2026-08-02 06:45:00+00:00,81.236,84.201,-2.964999999999989
2026-08-02 07:00:00+00:00,80.952,83.814,-2.8619999999999948
2026-08-02 07:15:00+00:00,80.995,83.898,-2.9029999999999916
2026-08-02 07:30:00+00:00,80.986,83.851,-2.864999999999995
2026-08-02 07:45:00+00:00,81.005,83.814,-2.8089999999999975
2026-08-02 08:00:00+00:00,80.921,83.826,-2.904999999999987
2026-08-02 08:15:00+00:00,81.034,83.863,-2.8289999999999935
2026-08-02 08:30:00+00:00,81.032,83.91,-2.878
2026-08-02 08:45:00+00:00,81.157,84.061,-2.9040000000000106
2026-08-02 09:00:00+00:00,80.922,83.803,-2.8810000000000002
2026-08-02 09:15:00+00:00,80.997,83.811,-2.814000000000007
2026-08-02 09:30:00+00:00,80.964,83.869,-2.905000000000001
2026-08-02 09:45:00+00:00,81.271,84.15,-2.879000000000005
2026-08-02 10:00:00+00:00,81.409,84.358,-2.948999999999998
2026-08-02 10:15:00+00:00,81.56,84.495,-2.9350000000000023
2026-08-02 10:30:00+00:00,81.865,84.788,-2.923000000000002
2026-08-02 10:45:00+00:00,81.7,84.625,-2.924999999999997
2026-08-02 11:00:00+00:00,81.826,84.77,-2.9440000000000026
2026-08-02 11:15:00+00:00,81.86,84.745,-2.885000000000005
2026-08-02 11:30:00+00:00,81.908,84.833,-2.924999999999997
2026-08-02 11:45:00+00:00,82.305,85.178,-2.8729999999999905
2026-08-02 12:00:00+00:00,82.239,85.057,-2.817999999999998
2026-08-02 12:15:00+00:00,81.869,84.757,-2.8880000000000052
2026-08-02 12:30:00+00:00,81.809,84.666,-2.8569999999999993
2026-08-02 12:45:00+00:00,81.748,84.582,-2.833999999999989
2026-08-02 13:00:00+00:00,82.032,84.929,-2.8970000000000056
2026-08-02 13:15:00+00:00,81.859,84.773,-2.9140000000000015
2026-08-02 13:30:00+00:00,81.771,84.66,-2.888999999999996
2026-08-02 13:45:00+00:00,81.442,84.419,-2.977000000000004
2026-08-02 14:00:00+00:00,81.279,84.326,-3.046999999999997
2026-08-02 14:15:00+00:00,81.337,84.354,-3.016999999999996
2026-08-02 14:30:00+00:00,81.274,84.274,-3.0
2026-08-02 14:45:00+00:00,81.286,84.223,-2.9369999999999976
2026-08-02 15:00:00+00:00,81.276,84.261,-2.9849999999999994
2026-08-02 15:15:00+00:00,81.406,84.401,-2.9949999999999903
2026-08-02 15:30:00+00:00,81.353,84.386,-3.0330000000000013
2026-08-02 15:45:00+00:00,81.484,84.51,-3.0260000000000105
2026-08-02 16:00:00+00:00,81.496,84.519,-3.0230000000000103
2026-08-02 16:15:00+00:00,81.027,83.951,-2.9239999999999924
2026-08-02 16:30:00+00:00,80.82,83.901,-3.081000000000003
2026-08-02 16:45:00+00:00,80.966,84.016,-3.0500000000000114
2026-08-02 17:00:00+00:00,80.964,84.015,-3.051000000000002
2026-08-02 17:15:00+00:00,80.96,84.044,-3.084000000000003
2026-08-02 17:30:00+00:00,80.979,84.032,-3.0529999999999973
2026-08-02 17:45:00+00:00,80.9,83.928,-3.0279999999999916
2026-08-02 18:00:00+00:00,80.823,83.837,-3.01400000000001
2026-08-02 18:15:00+00:00,80.868,83.975,-3.1069999999999993
2026-08-02 18:30:00+00:00,80.865,83.947,-3.082000000000008
2026-08-02 18:45:00+00:00,80.876,83.857,-2.9809999999999945
2026-08-02 19:00:00+00:00,80.823,83.786,-2.963000000000008
2026-08-02 19:15:00+00:00,80.869,83.872,-3.003
2026-08-02 19:30:00+00:00,80.782,83.748,-2.966000000000008
2026-08-02 19:45:00+00:00,80.825,83.789,-2.9639999999999986
2026-08-02 20:00:00+00:00,80.83,83.866,-3.0360000000000014
2026-08-02 20:15:00+00:00,81.223,84.315,-3.0919999999999987
2026-08-02 20:30:00+00:00,81.098,84.138,-3.0400000000000063
2026-08-02 20:45:00+00:00,81.113,84.045,-2.932000000000002
2026-08-02 21:00:00+00:00,81.246,84.235,-2.9890000000000043
2026-08-02 21:15:00+00:00,81.394,84.323,-2.928999999999988
2026-08-02 21:30:00+00:00,80.365,83.538,-3.173000000000002
2026-08-02 21:45:00+00:00,80.437,83.402,-2.9650000000000034
2026-08-02 22:00:00+00:00,79.93,82.837,-2.9069999999999965
2026-08-02 22:15:00+00:00,80.623,83.638,-3.0150000000000006
2026-08-02 22:30:00+00:00,80.857,83.895,-3.0379999999999967
2026-08-02 22:45:00+00:00,81.23,84.356,-3.1259999999999906
2026-08-02 23:00:00+00:00,81.076,84.235,-3.159000000000006
2026-08-02 23:15:00+00:00,80.829,84.044,-3.2150000000000034
2026-08-02 23:30:00+00:00,80.591,83.747,-3.156000000000006
2026-08-02 23:45:00+00:00,80.759,83.897,-3.1380000000000052
2026-08-03 00:00:00+00:00,80.715,83.889,-3.1739999999999924
2026-08-03 00:15:00+00:00,80.49,83.678,-3.1880000000000024
2026-08-03 00:30:00+00:00,80.525,83.716,-3.1909999999999883
2026-08-03 00:45:00+00:00,80.649,83.91,-3.2609999999999957
2026-08-03 01:00:00+00:00,80.714,84.008,-3.293999999999997
2026-08-03 01:15:00+00:00,80.457,83.712,-3.2550000000000097
2026-08-03 01:30:00+00:00,80.23,83.567,-3.336999999999989
2026-08-03 01:45:00+00:00,80.15,83.546,-3.396000000000001
2026-08-03 02:00:00+00:00,80.228,83.662,-3.4340000000000117
2026-08-03 02:15:00+00:00,80.169,83.666,-3.497
2026-08-03 02:30:00+00:00,80.31,83.852,-3.5420000000000016
2026-08-03 02:45:00+00:00,79.759,83.324,-3.5649999999999977
2026-08-03 03:00:00+00:00,79.92,83.475,-3.5549999999999926
2026-08-03 03:15:00+00:00,79.951,83.509,-3.558000000000007
2026-08-03 03:30:00+00:00,80.163,83.714,-3.551000000000002
2026-08-03 03:45:00+00:00,79.786,83.4,-3.6140000000000043
2026-08-03 04:00:00+00:00,79.878,83.444,-3.5660000000000025
2026-08-03 04:15:00+00:00,79.711,83.329,-3.617999999999995
2026-08-03 04:30:00+00:00,79.82,83.473,-3.653000000000006
2026-08-03 04:45:00+00:00,79.592,83.264,-3.671999999999997
2026-08-03 05:00:00+00:00,79.529,83.167,-3.6380000000000052
2026-08-03 05:15:00+00:00,79.526,83.214,-3.6880000000000024
2026-08-03 05:30:00+00:00,79.688,83.36,-3.671999999999997
2026-08-03 05:45:00+00:00,79.696,83.399,-3.703000000000003
2026-08-03 06:00:00+00:00,79.405,83.134,-3.728999999999999
2026-08-03 06:15:00+00:00,79.283,83.001,-3.7180000000000035
2026-08-03 06:30:00+00:00,79.105,82.79,-3.6850000000000023
2026-08-03 06:45:00+00:00,79.144,82.805,-3.6610000000000014
2026-08-03 07:00:00+00:00,79.657,83.451,-3.793999999999997
2026-08-03 07:15:00+00:00,79.8,83.634,-3.834000000000003
2026-08-03 07:30:00+00:00,79.949,83.958,-4.009
2026-08-03 07:45:00+00:00,79.713,83.592,-3.879000000000005
2026-08-03 08:00:00+00:00,79.719,83.725,-4.006
2026-08-03 08:15:00+00:00,79.844,83.856,-4.0120000000000005
2026-08-03 08:30:00+00:00,80.385,84.368,-3.98299999999999
2026-08-03 08:45:00+00:00,80.314,84.107,-3.7930000000000064
2026-08-03 09:00:00+00:00,79.87,83.701,-3.830999999999989
2026-08-03 09:15:00+00:00,79.862,83.755,-3.8930000000000007
2026-08-03 09:30:00+00:00,79.946,83.802,-3.8560000000000088
2026-08-03 09:45:00+00:00,80.06,83.994,-3.9339999999999975
2026-08-03 10:00:00+00:00,79.688,83.744,-4.055999999999997
2026-08-03 10:15:00+00:00,79.741,83.769,-4.028000000000006
2026-08-03 10:30:00+00:00,79.581,83.538,-3.9569999999999936
2026-08-03 10:45:00+00:00,79.542,83.521,-3.978999999999999
2026-08-03 11:00:00+00:00,79.64,83.485,-3.844999999999999
2026-08-03 11:15:00+00:00,79.882,83.651,-3.7689999999999912
2026-08-03 11:30:00+00:00,79.597,83.447,-3.8500000000000085
2026-08-03 11:45:00+00:00,79.099,82.871,-3.7719999999999914
2026-08-03 12:00:00+00:00,79.008,82.924,-3.916000000000011
2026-08-03 12:15:00+00:00,79.128,83.139,-4.010999999999996
2026-08-03 12:30:00+00:00,78.953,82.895,-3.941999999999993
2026-08-03 12:45:00+00:00,79.0,82.958,-3.9579999999999984
2026-08-03 13:00:00+00:00,79.375,83.491,-4.116
2026-08-03 13:15:00+00:00,79.323,83.58,-4.257000000000005
2026-08-03 13:30:00+00:00,78.768,82.893,-4.125
2026-08-03 13:45:00+00:00,79.154,83.191,-4.037000000000006
2026-08-03 14:00:00+00:00,79.295,83.341,-4.045999999999992
2026-08-03 14:15:00+00:00,79.244,83.273,-4.028999999999996
2026-08-03 14:30:00+00:00,79.468,83.474,-4.006
2026-08-03 14:45:00+00:00,79.682,83.752,-4.069999999999993
2026-08-03 15:00:00+00:00,79.566,83.778,-4.212000000000003
2026-08-03 15:15:00+00:00,80.109,84.338,-4.228999999999999
2026-08-03 15:30:00+00:00,79.829,84.035,-4.206000000000003
2026-08-03 15:45:00+00:00,79.681,83.821,-4.140000000000001
2026-08-03 16:00:00+00:00,79.756,83.756,-4.0
2026-08-03 16:15:00+00:00,79.524,83.548,-4.024000000000001
2026-08-03 16:30:00+00:00,79.775,83.747,-3.971999999999994
2026-08-03 16:45:00+00:00,79.629,83.5,-3.870999999999995
2026-08-03 17:00:00+00:00,80.189,83.8,-3.611000000000004
2026-08-03 17:15:00+00:00,80.035,83.628,-3.5930000000000035
2026-08-03 17:30:00+00:00,79.916,83.488,-3.5720000000000027
2026-08-03 17:45:00+00:00,80.025,83.65,-3.625
2026-08-03 18:00:00+00:00,79.699,83.303,-3.603999999999999
2026-08-03 18:15:00+00:00,80.372,83.81,-3.4380000000000024
2026-08-03 18:30:00+00:00,80.433,83.86,-3.4269999999999925
2026-08-03 18:45:00+00:00,80.384,83.855,-3.4710000000000036
2026-08-03 19:00:00+00:00,80.494,84.064,-3.569999999999993
2026-08-03 19:15:00+00:00,80.465,83.974,-3.5090000000000003
2026-08-03 19:30:00+00:00,80.276,83.781,-3.5050000000000097
2026-08-03 19:45:00+00:00,80.17,83.692,-3.5219999999999914
2026-08-03 20:00:00+00:00,80.206,83.726,-3.519999999999996
2026-08-03 20:15:00+00:00,80.098,83.608,-3.510000000000005
2026-08-03 20:30:00+00:00,79.944,83.492,-3.548000000000002
2026-08-03 20:45:00+00:00,80.025,83.563,-3.5379999999999967
2026-08-03 21:00:00+00:00,80.075,83.663,-3.587999999999994
2026-08-03 21:15:00+00:00,80.009,83.623,-3.6140000000000043
2026-08-03 21:30:00+00:00,79.967,83.563,-3.5960000000000036
2026-08-03 21:45:00+00:00,80.021,83.615,-3.593999999999994
2026-08-03 22:00:00+00:00,79.967,83.601,-3.6340000000000003
2026-08-03 22:15:00+00:00,79.99,83.591,-3.600999999999999
2026-08-03 22:30:00+00:00,79.965,83.573,-3.60799999999999
2026-08-03 22:45:00+00:00,80.152,83.674,-3.5220000000000056
2026-08-03 23:00:00+00:00,80.2,83.704,-3.5039999999999907
2026-08-03 23:15:00+00:00,79.854,83.502,-3.647999999999996
2026-08-03 23:30:00+00:00,80.097,83.66,-3.5630000000000024
2026-08-03 23:45:00+00:00,80.298,83.903,-3.605000000000004
2026-08-04 00:00:00+00:00,80.631,84.14,-3.5090000000000003
2026-08-04 00:15:00+00:00,80.67,84.105,-3.4350000000000023
2026-08-04 00:30:00+00:00,80.728,84.149,-3.4210000000000065
2026-08-04 00:45:00+00:00,81.032,84.495,-3.463000000000008
2026-08-04 01:00:00+00:00,80.764,84.224,-3.460000000000008
2026-08-04 01:15:00+00:00,80.832,84.239,-3.4070000000000107
2026-08-04 01:30:00+00:00,80.945,84.448,-3.503
2026-08-04 01:45:00+00:00,80.965,84.52,-3.5549999999999926
2026-08-04 02:00:00+00:00,81.02,84.651,-3.6310000000000002
2026-08-04 02:15:00+00:00,81.03,84.656,-3.6260000000000048
2026-08-04 02:30:00+00:00,81.1,84.751,-3.6510000000000105
2026-08-04 02:45:00+00:00,81.139,84.863,-3.7240000000000038
2026-08-04 03:00:00+00:00,81.062,84.817,-3.7549999999999955
2026-08-04 03:15:00+00:00,80.947,84.745,-3.798000000000002
2026-08-04 03:30:00+00:00,81.131,84.886,-3.7549999999999955
2026-08-04 03:45:00+00:00,81.195,84.981,-3.7860000000000014
2026-08-04 04:00:00+00:00,81.23,85.015,-3.7849999999999966
2026-08-04 04:15:00+00:00,81.07,84.841,-3.771000000000001
2026-08-04 04:30:00+00:00,81.24,85.022,-3.7820000000000107
2026-08-04 04:45:00+00:00,81.212,84.97,-3.7579999999999956
2026-08-04 05:00:00+00:00,81.293,85.082,-3.7889999999999873
2026-08-04 05:15:00+00:00,81.332,85.122,-3.7900000000000063
2026-08-04 05:30:00+00:00,81.29,85.136,-3.8459999999999894
2026-08-04 05:45:00+00:00,80.896,84.776,-3.8799999999999955
2026-08-04 06:00:00+00:00,80.75,84.654,-3.9039999999999964
2026-08-04 06:15:00+00:00,80.853,84.794,-3.9410000000000025
2026-08-04 06:30:00+00:00,80.666,84.585,-3.918999999999997
2026-08-04 06:45:00+00:00,80.417,84.424,-4.007000000000005
2026-08-04 07:00:00+00:00,80.613,84.625,-4.0120000000000005
2026-08-04 07:15:00+00:00,80.948,84.903,-3.9550000000000125
2026-08-04 07:30:00+00:00,80.872,84.94,-4.067999999999998
2026-08-04 07:45:00+00:00,80.742,84.827,-4.084999999999994
2026-08-04 08:00:00+00:00,80.769,84.927,-4.158000000000001
2026-08-04 08:15:00+00:00,80.779,84.959,-4.180000000000007
2026-08-04 08:30:00+00:00,81.647,85.791,-4.143999999999991
2026-08-04 08:45:00+00:00,82.123,86.088,-3.964999999999989
2026-08-04 09:00:00+00:00,82.241,86.097,-3.8559999999999945
2026-08-04 09:15:00+00:00,82.095,85.857,-3.7620000000000005
2026-08-04 09:30:00+00:00,82.073,86.023,-3.950000000000003
2026-08-04 09:45:00+00:00,81.888,85.833,-3.944999999999993
2026-08-04 10:00:00+00:00,81.85,85.769,-3.919000000000011
2026-08-04 10:15:00+00:00,82.007,85.883,-3.8759999999999906
2026-08-04 10:30:00+00:00,81.53,85.299,-3.7690000000000055
2026-08-04 10:45:00+00:00,80.796,84.657,-3.86099999999999
2026-08-04 11:00:00+00:00,80.245,83.989,-3.7439999999999998
2026-08-04 11:15:00+00:00,79.62,83.531,-3.9110000000000014
2026-08-04 11:30:00+00:00,78.503,82.374,-3.870999999999995
2026-08-04 11:45:00+00:00,76.655,80.515,-3.8599999999999994
2026-08-04 12:00:00+00:00,77.96,81.899,-3.939000000000007
2026-08-04 12:15:00+00:00,77.862,81.825,-3.963000000000008
2026-08-04 12:30:00+00:00,77.899,81.818,-3.918999999999997
2026-08-04 12:45:00+00:00,77.489,81.411,-3.921999999999997
2026-08-04 13:00:00+00:00,77.55,81.476,-3.926000000000002
2026-08-04 13:15:00+00:00,76.466,80.192,-3.725999999999999
2026-08-04 13:30:00+00:00,76.378,80.194,-3.8160000000000025
2026-08-04 13:45:00+00:00,75.969,79.788,-3.8190000000000026
2026-08-04 14:00:00+00:00,75.986,79.677,-3.6910000000000025
2026-08-04 14:15:00+00:00,76.47,80.255,-3.7849999999999966
2026-08-04 14:30:00+00:00,76.838,80.526,-3.6880000000000024
2026-08-04 14:45:00+00:00,76.879,80.508,-3.6289999999999907
2026-08-04 15:00:00+00:00,76.838,80.576,-3.7379999999999995
2026-08-04 15:15:00+00:00,76.3,80.087,-3.787000000000006
2026-08-04 15:30:00+00:00,75.385,78.898,-3.512999999999991
2026-08-04 15:45:00+00:00,75.72,79.209,-3.4890000000000043
2026-08-04 16:00:00+00:00,76.155,79.604,-3.448999999999998
2026-08-04 16:15:00+00:00,76.015,79.405,-3.3900000000000006
2026-08-04 16:30:00+00:00,76.071,79.599,-3.528000000000006
2026-08-04 16:45:00+00:00,76.171,79.652,-3.4809999999999945
2026-08-04 17:00:00+00:00,75.572,79.102,-3.530000000000001
2026-08-04 17:15:00+00:00,75.918,79.411,-3.492999999999995
2026-08-04 17:30:00+00:00,75.627,79.147,-3.5200000000000102
2026-08-04 17:45:00+00:00,75.848,79.33,-3.4819999999999993
2026-08-04 18:00:00+00:00,75.71,79.259,-3.5490000000000066
2026-08-04 18:15:00+00:00,75.734,79.316,-3.582000000000008
2026-08-04 18:30:00+00:00,75.823,79.448,-3.625
2026-08-04 18:45:00+00:00,75.79,79.405,-3.614999999999995
2026-08-04 19:00:00+00:00,75.819,79.354,-3.5349999999999966
2026-08-04 19:15:00+00:00,75.748,79.349,-3.600999999999999
2026-08-04 19:30:00+00:00,75.795,79.361,-3.5660000000000025
2026-08-04 19:45:00+00:00,75.784,79.345,-3.560999999999993
2026-08-04 20:00:00+00:00,75.364,78.893,-3.5289999999999964
2026-08-04 20:15:00+00:00,75.414,78.916,-3.5019999999999953
2026-08-04 20:30:00+00:00,75.244,78.713,-3.468999999999994
2026-08-04 20:45:00+00:00,75.144,78.709,-3.5649999999999977
2026-08-04 21:00:00+00:00,75.396,78.866,-3.469999999999999
2026-08-04 21:15:00+00:00,75.323,78.776,-3.453000000000003
2026-08-04 21:30:00+00:00,75.453,78.866,-3.4129999999999967
2026-08-04 21:45:00+00:00,75.285,78.748,-3.463000000000008
2026-08-04 22:00:00+00:00,75.324,78.817,-3.492999999999995
2026-08-04 22:15:00+00:00,75.326,78.834,-3.5080000000000098
2026-08-04 22:30:00+00:00,75.232,78.779,-3.546999999999997
2026-08-04 22:45:00+00:00,75.371,78.901,-3.530000000000001
2026-08-04 23:00:00+00:00,75.289,78.841,-3.5519999999999925
2026-08-04 23:15:00+00:00,75.15,78.719,-3.5689999999999884
2026-08-04 23:30:00+00:00,75.215,78.788,-3.5729999999999933
2026-08-04 23:45:00+00:00,75.258,78.824,-3.5660000000000025
2026-08-05 00:00:00+00:00,75.158,78.804,-3.646000000000001
2026-08-05 00:15:00+00:00,75.364,79.065,-3.7009999999999934
2026-08-05 00:30:00+00:00,75.422,79.103,-3.6809999999999974
2026-08-05 00:45:00+00:00,75.403,79.114,-3.7109999999999985
2026-08-05 01:00:00+00:00,75.831,79.635,-3.804000000000002
2026-08-05 01:15:00+00:00,76.005,79.72,-3.7150000000000034
2026-08-05 01:30:00+00:00,75.933,79.643,-3.7099999999999937
2026-08-05 01:45:00+00:00,75.95,79.712,-3.7620000000000005
2026-08-05 02:00:00+00:00,75.154,79.074,-3.9200000000000017
2026-08-05 02:15:00+00:00,74.826,78.666,-3.8400000000000034
2026-08-05 02:30:00+00:00,74.274,78.151,-3.8769999999999953
2026-08-05 02:45:00+00:00,74.701,78.532,-3.831000000000003
2026-08-05 03:00:00+00:00,74.544,78.333,-3.7890000000000015
2026-08-05 03:15:00+00:00,74.683,78.425,-3.7419999999999902
2026-08-05 03:30:00+00:00,74.626,78.446,-3.819999999999993
2026-08-05 03:45:00+00:00,74.509,78.298,-3.7890000000000015
2026-08-05 04:00:00+00:00,74.847,78.573,-3.725999999999999
2026-08-05 04:15:00+00:00,74.922,78.684,-3.7620000000000005
2026-08-05 04:30:00+00:00,75.139,78.882,-3.743000000000009
2026-08-05 04:45:00+00:00,75.147,78.854,-3.7069999999999936
2026-08-05 05:00:00+00:00,75.212,78.972,-3.759999999999991
2026-08-05 05:15:00+00:00,75.209,78.965,-3.7560000000000002
2026-08-05 05:30:00+00:00,74.995,78.757,-3.7620000000000005
2026-08-05 05:45:00+00:00,75.036,78.788,-3.7519999999999953
2026-08-05 06:00:00+00:00,75.197,78.979,-3.7819999999999965
2026-08-05 06:15:00+00:00,75.158,79.045,-3.8870000000000005
2026-08-05 06:30:00+00:00,75.168,79.067,-3.8989999999999867
2026-08-05 06:45:00+00:00,75.014,78.929,-3.9150000000000063
2026-08-05 07:00:00+00:00,75.785,79.874,-4.088999999999999
2026-08-05 07:15:00+00:00,76.099,80.235,-4.135999999999996
2026-08-05 07:30:00+00:00,76.02,80.02,-4.0
2026-08-05 07:45:00+00:00,76.014,80.029,-4.015000000000001
2026-08-05 08:00:00+00:00,76.262,80.33,-4.067999999999998
2026-08-05 08:15:00+00:00,75.934,80.017,-4.082999999999998
2026-08-05 08:30:00+00:00,76.152,80.254,-4.102000000000004
2026-08-05 08:45:00+00:00,76.214,80.3,-4.0859999999999985
2026-08-05 09:00:00+00:00,75.9,79.983,-4.082999999999998
2026-08-05 09:15:00+00:00,76.266,80.283,-4.016999999999996
2026-08-05 09:30:00+00:00,76.232,80.386,-4.153999999999996
2026-08-05 09:45:00+00:00,76.527,80.694,-4.167000000000002
2026-08-05 10:00:00+00:00,76.448,80.597,-4.149000000000001
2026-08-05 10:15:00+00:00,76.607,80.871,-4.263999999999996
2026-08-05 10:30:00+00:00,76.413,80.658,-4.2450000000000045
2026-08-05 10:45:00+00:00,76.22,80.477,-4.257000000000005
2026-08-05 11:00:00+00:00,76.013,80.25,-4.236999999999995
2026-08-05 11:15:00+00:00,76.166,80.412,-4.246000000000009
2026-08-05 11:30:00+00:00,75.947,80.091,-4.143999999999991
2026-08-05 11:45:00+00:00,76.022,80.05,-4.027999999999992
2026-08-05 12:00:00+00:00,75.869,79.815,-3.945999999999998
2026-08-05 12:15:00+00:00,76.326,80.406,-4.0800000000000125
2026-08-05 12:30:00+00:00,76.222,80.303,-4.081000000000003
2026-08-05 12:45:00+00:00,76.494,80.618,-4.123999999999995
2026-08-05 13:00:00+00:00,75.807,80.016,-4.209000000000003
2026-08-05 13:15:00+00:00,75.816,80.079,-4.262999999999991
2026-08-05 13:30:00+00:00,75.425,79.593,-4.168000000000006
2026-08-05 13:45:00+00:00,75.495,79.555,-4.060000000000002
2026-08-05 14:00:00+00:00,74.984,78.782,-3.798000000000002
2026-08-05 14:15:00+00:00,74.97,78.781,-3.811000000000007
2026-08-05 14:30:00+00:00,75.02,78.845,-3.825000000000003
2026-08-05 14:45:00+00:00,75.127,78.981,-3.853999999999999
2026-08-05 15:00:00+00:00,75.497,79.378,-3.8810000000000002
2026-08-05 15:15:00+00:00,75.179,79.018,-3.8389999999999986
2026-08-05 15:30:00+00:00,75.2,79.148,-3.9479999999999933
2026-08-05 15:45:00+00:00,75.563,79.535,-3.971999999999994
2026-08-05 16:00:00+00:00,75.565,79.595,-4.030000000000001
2026-08-05 16:15:00+00:00,75.605,79.706,-4.100999999999999
2026-08-05 16:30:00+00:00,75.17,79.328,-4.158000000000001
2026-08-05 16:45:00+00:00,74.908,78.978,-4.069999999999993
2026-08-05 17:00:00+00:00,74.649,78.76,-4.111000000000004
2026-08-05 17:15:00+00:00,74.494,78.681,-4.186999999999998
2026-08-05 17:30:00+00:00,74.61,78.817,-4.206999999999994
2026-08-05 17:45:00+00:00,74.835,79.08,-4.2450000000000045
2026-08-05 18:00:00+00:00,75.23,79.383,-4.152999999999992
2026-08-05 18:15:00+00:00,75.15,79.408,-4.257999999999996
2026-08-05 18:30:00+00:00,75.203,79.419,-4.215999999999994
2026-08-05 18:45:00+00:00,75.278,79.518,-4.239999999999995
2026-08-05 19:00:00+00:00,75.119,79.34,-4.221000000000004
2026-08-05 19:15:00+00:00,75.233,79.473,-4.239999999999995
2026-08-05 19:30:00+00:00,75.11,79.366,-4.256
2026-08-05 19:45:00+00:00,75.121,79.39,-4.2690000000000055
2026-08-05 20:00:00+00:00,74.976,79.234,-4.257999999999996
2026-08-05 20:15:00+00:00,75.066,79.296,-4.230000000000004
2026-08-05 20:30:00+00:00,74.998,79.219,-4.220999999999989
2026-08-05 20:45:00+00:00,75.06,79.354,-4.293999999999997
2026-08-05 21:00:00+00:00,75.253,79.557,-4.304000000000002
2026-08-05 21:15:00+00:00,75.27,79.575,-4.305000000000007
2026-08-05 21:30:00+00:00,75.275,79.512,-4.236999999999995
2026-08-05 21:45:00+00:00,75.095,79.482,-4.3870000000000005
2026-08-05 22:00:00+00:00,75.117,79.349,-4.231999999999999
2026-08-05 22:15:00+00:00,75.121,79.391,-4.27000000000001
2026-08-05 22:30:00+00:00,75.067,79.327,-4.260000000000005
2026-08-05 22:45:00+00:00,75.057,79.295,-4.2379999999999995
2026-08-05 23:00:00+00:00,74.992,79.248,-4.256
2026-08-05 23:15:00+00:00,75.049,79.353,-4.303999999999988
2026-08-05 23:30:00+00:00,75.016,79.279,-4.262999999999991
2026-08-05 23:45:00+00:00,74.866,79.182,-4.3160000000000025
2026-08-06 00:00:00+00:00,74.767,79.109,-4.341999999999999
2026-08-06 00:15:00+00:00,75.001,79.323,-4.3219999999999885
2026-08-06 00:30:00+00:00,74.991,79.339,-4.347999999999999
2026-08-06 00:45:00+00:00,74.903,79.224,-4.320999999999998
2026-08-06 01:00:00+00:00,75.418,79.675,-4.256999999999991
2026-08-06 01:15:00+00:00,75.629,79.954,-4.324999999999989
2026-08-06 01:30:00+00:00,75.66,79.964,-4.304000000000002
2026-08-06 01:45:00+00:00,75.703,79.983,-4.280000000000001
2026-08-06 02:00:00+00:00,75.549,79.843,-4.293999999999997
2026-08-06 02:15:00+00:00,75.461,79.74,-4.278999999999996
2026-08-06 02:30:00+00:00,75.515,79.826,-4.310999999999993
2026-08-06 02:45:00+00:00,75.461,79.778,-4.317000000000007
2026-08-06 03:00:00+00:00,75.477,79.738,-4.260999999999996
2026-08-06 03:15:00+00:00,75.242,79.514,-4.271999999999991
2026-08-06 03:30:00+00:00,75.019,79.29,-4.271000000000001
2026-08-06 03:45:00+00:00,74.928,79.201,-4.272999999999996
2026-08-06 04:00:00+00:00,74.819,79.078,-4.259
2026-08-06 04:15:00+00:00,74.752,79.023,-4.271000000000001
2026-08-06 04:30:00+00:00,74.8,79.084,-4.284000000000006
2026-08-06 04:45:00+00:00,74.792,79.078,-4.286000000000001
2026-08-06 05:00:00+00:00,74.797,79.06,-4.263000000000005
2026-08-06 05:15:00+00:00,74.648,78.934,-4.286000000000001
2026-08-06 05:30:00+00:00,74.862,79.173,-4.311000000000007
2026-08-06 05:45:00+00:00,74.832,79.174,-4.342000000000013
2026-08-06 06:00:00+00:00,75.377,79.695,-4.317999999999998
2026-08-06 06:15:00+00:00,75.199,79.525,-4.326000000000008
2026-08-06 06:30:00+00:00,75.421,79.737,-4.315999999999988
2026-08-06 06:45:00+00:00,75.228,79.586,-4.358000000000004
2026-08-06 07:00:00+00:00,75.186,79.648,-4.461999999999989
2026-08-06 07:15:00+00:00,75.132,79.574,-4.441999999999993
2026-08-06 07:30:00+00:00,75.364,79.795,-4.430999999999997
2026-08-06 07:45:00+00:00,75.359,79.762,-4.403000000000006
2026-08-06 08:00:00+00:00,75.596,80.022,-4.426000000000002
2026-08-06 08:15:00+00:00,75.121,79.51,-4.38900000000001
2026-08-06 08:30:00+00:00,75.039,79.413,-4.373999999999995
2026-08-06 08:45:00+00:00,75.133,79.484,-4.350999999999999
2026-08-06 09:00:00+00:00,75.342,79.604,-4.2620000000000005
2026-08-06 09:15:00+00:00,75.14,79.423,-4.283000000000001
2026-08-06 09:30:00+00:00,75.363,79.656,-4.293000000000006
2026-08-06 09:45:00+00:00,75.111,79.387,-4.275999999999996
2026-08-06 10:00:00+00:00,75.532,79.875,-4.3430000000000035
2026-08-06 10:15:00+00:00,75.683,80.004,-4.320999999999998
2026-08-06 10:30:00+00:00,75.853,80.262,-4.409000000000006
2026-08-06 10:45:00+00:00,75.828,80.248,-4.420000000000002
2026-08-06 11:00:00+00:00,75.872,80.235,-4.3629999999999995
2026-08-06 11:15:00+00:00,75.788,80.198,-4.409999999999997
2026-08-06 11:30:00+00:00,75.71,80.148,-4.438000000000002
2026-08-06 11:45:00+00:00,75.624,80.084,-4.460000000000008
2026-08-06 12:00:00+00:00,75.811,80.156,-4.344999999999999
2026-08-06 12:15:00+00:00,76.152,80.471,-4.319000000000003
2026-08-06 12:30:00+00:00,76.254,80.658,-4.403999999999996
2026-08-06 12:45:00+00:00,76.156,80.664,-4.507999999999996
2026-08-06 13:00:00+00:00,76.559,81.099,-4.540000000000006
2026-08-06 13:15:00+00:00,76.136,80.774,-4.638000000000005
2026-08-06 13:30:00+00:00,75.94,80.599,-4.659000000000006
2026-08-06 13:45:00+00:00,76.069,80.831,-4.7620000000000005
2026-08-06 14:00:00+00:00,76.119,80.716,-4.596999999999994
2026-08-06 14:15:00+00:00,76.347,81.012,-4.665000000000006
2026-08-06 14:30:00+00:00,76.347,80.981,-4.634
2026-08-06 14:45:00+00:00,76.52,81.057,-4.537000000000006
2026-08-06 15:00:00+00:00,76.638,81.172,-4.533999999999992
2026-08-06 15:15:00+00:00,76.783,81.423,-4.640000000000001
2026-08-06 15:30:00+00:00,76.796,81.43,-4.634
2026-08-06 15:45:00+00:00,77.716,82.362,-4.646000000000001
2026-08-06 16:00:00+00:00,77.844,82.579,-4.734999999999999
2026-08-06 16:15:00+00:00,77.658,82.408,-4.75
2026-08-06 16:30:00+00:00,77.985,82.835,-4.849999999999994
2026-08-06 16:45:00+00:00,77.825,82.71,-4.884999999999991
2026-08-06 17:00:00+00:00,77.69,82.56,-4.8700000000000045
2026-08-06 17:15:00+00:00,77.588,82.428,-4.840000000000003
2026-08-06 17:30:00+00:00,77.298,82.221,-4.923000000000002
2026-08-06 17:45:00+00:00,77.27,82.229,-4.959000000000003
2026-08-06 18:00:00+00:00,77.282,82.297,-5.015000000000001
2026-08-06 18:15:00+00:00,77.285,82.307,-5.022000000000006
2026-08-06 18:30:00+00:00,77.266,82.313,-5.046999999999997
2026-08-06 18:45:00+00:00,77.41,82.444,-5.034000000000006
2026-08-06 19:00:00+00:00,77.554,82.554,-5.0
2026-08-06 19:15:00+00:00,78.101,83.208,-5.106999999999999
2026-08-06 19:30:00+00:00,77.911,83.004,-5.0930000000000035
2026-08-06 19:45:00+00:00,77.613,82.785,-5.171999999999997
2026-08-06 20:00:00+00:00,77.694,82.875,-5.180999999999997
2026-08-06 20:15:00+00:00,78.055,83.216,-5.160999999999987
2026-08-06 20:30:00+00:00,78.131,83.293,-5.162000000000006
2026-08-06 20:45:00+00:00,78.16,83.345,-5.185000000000002
2026-08-06 21:00:00+00:00,77.972,83.173,-5.201000000000008
2026-08-06 21:15:00+00:00,78.037,83.02,-4.98299999999999
2026-08-06 21:30:00+00:00,78.227,83.321,-5.093999999999994
2026-08-06 21:45:00+00:00,78.15,83.182,-5.0319999999999965
2026-08-06 22:00:00+00:00,78.077,83.221,-5.1440000000000055
2026-08-06 22:15:00+00:00,78.037,83.192,-5.154999999999987
2026-08-06 22:30:00+00:00,78.055,83.213,-5.157999999999987
2026-08-06 22:45:00+00:00,78.054,83.28,-5.225999999999999
2026-08-06 23:00:00+00:00,78.036,83.234,-5.197999999999993
2026-08-06 23:15:00+00:00,77.997,83.185,-5.188000000000002
2026-08-06 23:30:00+00:00,78.043,83.149,-5.1059999999999945
2026-08-06 23:45:00+00:00,77.961,83.118,-5.1569999999999965
2026-08-07 00:00:00+00:00,78.103,83.266,-5.163000000000011
2026-08-07 00:15:00+00:00,78.282,83.421,-5.13900000000001
2026-08-07 00:30:00+00:00,78.21,83.383,-5.173000000000002
2026-08-07 00:45:00+00:00,77.849,83.066,-5.216999999999999
2026-08-07 01:00:00+00:00,77.791,82.984,-5.192999999999998
2026-08-07 01:15:00+00:00,77.812,82.964,-5.152000000000001
2026-08-07 01:30:00+00:00,77.752,82.9,-5.14800000000001
2026-08-07 01:45:00+00:00,77.851,83.042,-5.1910000000000025
2026-08-07 02:00:00+00:00,77.913,83.087,-5.174000000000007
2026-08-07 02:15:00+00:00,78.047,83.244,-5.197000000000003
2026-08-07 02:30:00+00:00,78.015,83.235,-5.219999999999999
2026-08-07 02:45:00+00:00,77.944,83.158,-5.213999999999999
2026-08-07 03:00:00+00:00,78.013,83.341,-5.327999999999989
2026-08-07 03:15:00+00:00,77.974,83.338,-5.36399999999999
2026-08-07 03:30:00+00:00,77.938,83.25,-5.311999999999998
2026-08-07 03:45:00+00:00,77.957,83.283,-5.326000000000008
2026-08-07 04:00:00+00:00,78.188,83.519,-5.331000000000003
2026-08-07 04:15:00+00:00,78.581,84.023,-5.441999999999993
2026-08-07 04:30:00+00:00,78.351,83.736,-5.385000000000005
2026-08-07 04:45:00+00:00,78.195,83.567,-5.372
2026-08-07 05:00:00+00:00,78.229,83.592,-5.3629999999999995
2026-08-07 05:15:00+00:00,78.237,83.617,-5.38000000000001
2026-08-07 05:30:00+00:00,78.154,83.525,-5.371000000000009
2026-08-07 05:45:00+00:00,77.962,83.336,-5.373999999999995
2026-08-07 06:00:00+00:00,77.734,83.096,-5.362000000000009
2026-08-07 06:15:00+00:00,77.476,82.825,-5.349000000000004
2026-08-07 06:30:00+00:00,77.947,83.4,-5.453000000000003
2026-08-07 06:45:00+00:00,77.735,83.166,-5.430999999999997
2026-08-07 07:00:00+00:00,77.541,82.928,-5.3870000000000005
2026-08-07 07:15:00+00:00,77.434,82.799,-5.365000000000009
2026-08-07 07:30:00+00:00,77.691,83.068,-5.376999999999995
2026-08-07 07:45:00+00:00,77.64,83.048,-5.408000000000001
2026-08-07 08:00:00+00:00,77.545,82.91,-5.364999999999995
2026-08-07 08:15:00+00:00,77.729,83.062,-5.332999999999998
2026-08-07 08:30:00+00:00,77.686,82.844,-5.157999999999987
2026-08-07 08:45:00+00:00,77.572,82.788,-5.215999999999994
2026-08-07 09:00:00+00:00,77.456,82.488,-5.0319999999999965
2026-08-07 09:15:00+00:00,77.396,82.49,-5.093999999999994
2026-08-07 09:30:00+00:00,77.083,82.129,-5.0460000000000065
2026-08-07 09:45:00+00:00,77.103,82.071,-4.9680000000000035
2026-08-07 10:00:00+00:00,76.859,81.738,-4.879000000000005
2026-08-07 10:15:00+00:00,76.934,81.903,-4.969000000000008
2026-08-07 10:30:00+00:00,76.72,81.621,-4.900999999999996
2026-08-07 10:45:00+00:00,76.636,81.66,-5.024000000000001
2026-08-07 11:00:00+00:00,76.798,81.728,-4.929999999999993
2026-08-07 11:15:00+00:00,76.604,81.596,-4.992000000000004
2026-08-07 11:30:00+00:00,76.55,81.517,-4.966999999999999
2026-08-07 11:45:00+00:00,76.588,81.616,-5.028000000000006
2026-08-07 12:00:00+00:00,76.847,81.739,-4.89200000000001
2026-08-07 12:15:00+00:00,77.16,82.049,-4.88900000000001
2026-08-07 12:30:00+00:00,76.561,81.448,-4.886999999999986
2026-08-07 12:45:00+00:00,76.554,81.438,-4.884
2026-08-07 13:00:00+00:00,76.584,81.625,-5.040999999999997
2026-08-07 13:15:00+00:00,76.73,81.712,-4.981999999999999
2026-08-07 13:30:00+00:00,76.852,81.801,-4.948999999999998
2026-08-07 13:45:00+00:00,77.145,82.098,-4.953000000000003
2026-08-07 14:00:00+00:00,77.553,82.447,-4.8940000000000055
2026-08-07 14:15:00+00:00,77.475,82.357,-4.882000000000005
2026-08-07 14:30:00+00:00,77.304,82.222,-4.917999999999992
2026-08-07 14:45:00+00:00,77.916,82.807,-4.891000000000005
2026-08-07 15:00:00+00:00,77.984,82.996,-5.0120000000000005
2026-08-07 15:15:00+00:00,78.007,83.12,-5.1129999999999995
2026-08-07 15:30:00+00:00,77.92,83.121,-5.200999999999993
2026-08-07 15:45:00+00:00,78.23,83.413,-5.182999999999993
2026-08-07 16:00:00+00:00,78.1,83.234,-5.134
2026-08-07 16:15:00+00:00,78.216,83.378,-5.162000000000006
2026-08-07 16:30:00+00:00,78.03,83.229,-5.198999999999998
2026-08-07 16:45:00+00:00,78.153,83.276,-5.1229999999999905
2026-08-07 17:00:00+00:00,77.746,82.952,-5.206000000000003
2026-08-07 17:15:00+00:00,77.771,82.994,-5.222999999999999
2026-08-07 17:30:00+00:00,77.703,82.889,-5.185999999999993
2026-08-07 17:45:00+00:00,77.833,83.048,-5.215000000000003
2026-08-07 18:00:00+00:00,78.006,83.161,-5.155000000000001
2026-08-07 18:15:00+00:00,77.939,83.154,-5.215000000000003
2026-08-07 18:30:00+00:00,78.01,83.122,-5.111999999999995
2026-08-07 18:45:00+00:00,77.87,83.004,-5.134
2026-08-07 19:00:00+00:00,77.155,82.314,-5.158999999999992
2026-08-07 19:15:00+00:00,76.651,81.668,-5.01700000000001
2026-08-07 19:30:00+00:00,76.713,81.594,-4.881
2026-08-07 19:45:00+00:00,76.815,81.752,-4.936999999999998
2026-08-07 20:00:00+00:00,76.814,81.731,-4.917000000000002
2026-08-07 20:15:00+00:00,76.81,81.741,-4.930999999999997
2026-08-07 20:30:00+00:00,76.973,81.88,-4.9069999999999965
2026-08-07 20:45:00+00:00,76.892,81.826,-4.9339999999999975
2026-08-07 21:00:00+00:00,76.818,81.848,-5.030000000000001
2026-08-07 21:15:00+00:00,76.773,81.856,-5.082999999999998
2026-08-07 21:30:00+00:00,76.649,81.743,-5.093999999999994
2026-08-07 21:45:00+00:00,76.5,81.646,-5.146000000000001
2026-08-07 22:00:00+00:00,76.635,81.692,-5.056999999999988
2026-08-07 22:15:00+00:00,76.513,81.427,-4.9140000000000015
2026-08-07 22:30:00+00:00,76.581,81.515,-4.9339999999999975
2026-08-07 22:45:00+00:00,76.68,81.626,-4.945999999999998
2026-08-07 23:00:00+00:00,76.75,81.683,-4.933000000000007
2026-08-07 23:15:00+00:00,76.736,81.659,-4.923000000000002
2026-08-07 23:30:00+00:00,76.711,81.669,-4.957999999999998
2026-08-07 23:45:00+00:00,76.679,81.637,-4.957999999999998
2026-08-08 00:00:00+00:00,76.612,81.642,-5.030000000000001
2026-08-08 00:15:00+00:00,76.453,81.482,-5.028999999999996
2026-08-08 00:30:00+00:00,76.531,81.529,-4.9979999999999905
2026-08-08 00:45:00+00:00,76.617,81.604,-4.986999999999995
2026-08-08 01:00:00+00:00,76.703,81.684,-4.9809999999999945
2026-08-08 01:15:00+00:00,76.595,81.623,-5.028000000000006
2026-08-08 01:30:00+00:00,76.615,81.649,-5.034000000000006
2026-08-08 01:45:00+00:00,76.614,81.65,-5.036000000000001
2026-08-08 02:00:00+00:00,76.63,81.63,-5.0
2026-08-08 02:15:00+00:00,76.548,81.58,-5.0319999999999965
2026-08-08 02:30:00+00:00,76.631,81.674,-5.043000000000006
2026-08-08 02:45:00+00:00,76.727,81.875,-5.147999999999996
2026-08-08 03:00:00+00:00,76.722,81.763,-5.041000000000011
2026-08-08 03:15:00+00:00,76.831,81.856,-5.0249999999999915
2026-08-08 03:30:00+00:00,76.636,81.642,-5.006
2026-08-08 03:45:00+00:00,76.717,81.757,-5.040000000000006
2026-08-08 04:00:00+00:00,76.716,81.736,-5.02000000000001
2026-08-08 04:15:00+00:00,76.714,81.764,-5.049999999999997
2026-08-08 04:30:00+00:00,76.728,81.791,-5.063000000000002
2026-08-08 04:45:00+00:00,76.701,81.75,-5.049000000000007
2026-08-08 05:00:00+00:00,76.644,81.716,-5.0719999999999885
2026-08-08 05:15:00+00:00,76.578,81.693,-5.114999999999995
2026-08-08 05:30:00+00:00,76.656,81.718,-5.061999999999998
2026-08-08 05:45:00+00:00,76.684,81.735,-5.051000000000002
2026-08-08 06:00:00+00:00,76.635,81.702,-5.066999999999993
2026-08-08 06:15:00+00:00,76.669,81.686,-5.01700000000001
2026-08-08 06:30:00+00:00,76.701,81.688,-4.987000000000009
2026-08-08 06:45:00+00:00,76.653,81.669,-5.015999999999991
2026-08-08 07:00:00+00:00,76.676,81.757,-5.081000000000003
2026-08-08 07:15:00+00:00,76.674,81.71,-5.035999999999987
2026-08-08 07:30:00+00:00,76.708,81.68,-4.972000000000008
2026-08-08 07:45:00+00:00,76.676,81.743,-5.066999999999993
2026-08-08 08:00:00+00:00,76.7,81.73,-5.030000000000001
2026-08-08 08:15:00+00:00,76.633,81.659,-5.0260000000000105
2026-08-08 08:30:00+00:00,76.667,81.706,-5.0390000000000015
2026-08-08 08:45:00+00:00,76.7,81.735,-5.034999999999997
2026-08-08 09:00:00+00:00,76.68,81.728,-5.047999999999988
2026-08-08 09:15:00+00:00,76.686,81.739,-5.052999999999997
2026-08-08 09:30:00+00:00,76.657,81.731,-5.073999999999998
2026-08-08 09:45:00+00:00,76.656,81.726,-5.069999999999993
2026-08-08 10:00:00+00:00,76.787,81.78,-4.992999999999995
2026-08-08 10:15:00+00:00,76.962,81.93,-4.9680000000000035
2026-08-08 10:30:00+00:00,77.071,82.045,-4.974000000000004
2026-08-08 10:45:00+00:00,77.039,82.03,-4.991
2026-08-08 11:00:00+00:00,76.961,81.933,-4.972000000000008
2026-08-08 11:15:00+00:00,77.028,81.971,-4.942999999999998
2026-08-08 11:30:00+00:00,76.92,81.873,-4.953000000000003
2026-08-08 11:45:00+00:00,76.931,81.901,-4.969999999999999
2026-08-08 12:00:00+00:00,77.061,82.039,-4.977999999999994
2026-08-08 12:15:00+00:00,77.044,81.987,-4.942999999999998
2026-08-08 12:30:00+00:00,77.034,81.988,-4.9539999999999935
2026-08-08 12:45:00+00:00,77.0,81.971,-4.971000000000004
2026-08-08 13:00:00+00:00,77.065,82.041,-4.975999999999999
2026-08-08 13:15:00+00:00,77.062,82.114,-5.052000000000007
2026-08-08 13:30:00+00:00,77.17,82.182,-5.0120000000000005
2026-08-08 13:45:00+00:00,77.282,82.258,-4.975999999999999
2026-08-08 14:00:00+00:00,77.3,82.316,-5.016000000000005
2026-08-08 14:15:00+00:00,77.215,82.205,-4.989999999999995
2026-08-08 14:30:00+00:00,76.828,81.817,-4.98899999999999
2026-08-08 14:45:00+00:00,76.773,81.862,-5.088999999999999
2026-08-08 15:00:00+00:00,76.53,81.643,-5.1129999999999995
2026-08-08 15:15:00+00:00,76.755,81.829,-5.073999999999998
2026-08-08 15:30:00+00:00,76.809,81.906,-5.097000000000008
2026-08-08 15:45:00+00:00,76.75,81.805,-5.055000000000007
2026-08-08 16:00:00+00:00,76.755,81.836,-5.081000000000003
2026-08-08 16:15:00+00:00,76.788,81.86,-5.072000000000003
2026-08-08 16:30:00+00:00,76.805,81.836,-5.030999999999992
2026-08-08 16:45:00+00:00,76.963,81.98,-5.01700000000001
2026-08-08 17:00:00+00:00,77.519,82.514,-4.99499999999999
2026-08-08 17:15:00+00:00,77.328,82.301,-4.972999999999999
2026-08-08 17:30:00+00:00,77.292,82.292,-5.0
2026-08-08 17:45:00+00:00,77.256,82.241,-4.984999999999999
2026-08-08 18:00:00+00:00,77.118,82.126,-5.00800000000001
2026-08-08 18:15:00+00:00,77.179,82.162,-4.983000000000004
2026-08-08 18:30:00+00:00,77.34,82.391,-5.051000000000002
2026-08-08 18:45:00+00:00,77.296,82.343,-5.046999999999997
2026-08-08 19:00:00+00:00,77.396,82.407,-5.010999999999996
2026-08-08 19:15:00+00:00,77.449,82.438,-4.989000000000004
2026-08-08 19:30:00+00:00,77.35,82.408,-5.058000000000007
2026-08-08 19:45:00+00:00,77.325,82.427,-5.102000000000004
2026-08-08 20:00:00+00:00,77.34,82.419,-5.0789999999999935
2026-08-08 20:15:00+00:00,77.425,82.528,-5.103000000000009
2026-08-08 20:30:00+00:00,77.395,82.488,-5.0930000000000035
2026-08-08 20:45:00+00:00,77.262,82.359,-5.096999999999994
2026-08-08 21:00:00+00:00,77.325,82.421,-5.096000000000004
2026-08-08 21:15:00+00:00,77.133,82.221,-5.088000000000008
2026-08-08 21:30:00+00:00,77.052,82.103,-5.050999999999988
2026-08-08 21:45:00+00:00,77.2,82.29,-5.090000000000003
2026-08-08 22:00:00+00:00,77.28,82.345,-5.064999999999998
2026-08-08 22:15:00+00:00,77.213,82.226,-5.013000000000005
2026-08-08 22:30:00+00:00,77.269,82.266,-4.997
2026-08-08 22:45:00+00:00,77.232,82.212,-4.980000000000004
2026-08-08 23:00:00+00:00,77.433,82.451,-5.0179999999999865
2026-08-08 23:15:00+00:00,77.269,82.358,-5.088999999999999
2026-08-08 23:30:00+00:00,77.11,82.178,-5.067999999999998
2026-08-08 23:45:00+00:00,77.188,82.284,-5.096000000000004
2026-08-09 00:00:00+00:00,77.155,82.302,-5.147000000000006
2026-08-09 00:15:00+00:00,77.183,82.329,-5.145999999999987
2026-08-09 00:30:00+00:00,77.108,82.208,-5.099999999999994
2026-08-09 00:45:00+00:00,77.069,82.187,-5.117999999999995
2026-08-09 01:00:00+00:00,77.155,82.222,-5.066999999999993
2026-08-09 01:15:00+00:00,77.446,82.467,-5.021000000000001
2026-08-09 01:30:00+00:00,77.393,82.447,-5.054000000000002
2026-08-09 01:45:00+00:00,77.404,82.402,-4.998000000000005
2026-08-09 02:00:00+00:00,77.431,82.438,-5.007000000000005
2026-08-09 02:15:00+00:00,77.406,82.401,-4.99499999999999
2026-08-09 02:30:00+00:00,77.365,82.439,-5.073999999999998
2026-08-09 02:45:00+00:00,77.365,82.42,-5.055000000000007
2026-08-09 03:00:00+00:00,77.368,82.416,-5.048000000000002
2026-08-09 03:15:00+00:00,77.358,82.468,-5.109999999999999
2026-08-09 03:30:00+00:00,77.439,82.553,-5.114000000000004
2026-08-09 03:45:00+00:00,77.41,82.55,-5.140000000000001
2026-08-09 04:00:00+00:00,77.665,82.818,-5.152999999999992
2026-08-09 04:15:00+00:00,77.705,82.801,-5.096000000000004
2026-08-09 04:30:00+00:00,77.617,82.766,-5.149000000000001
2026-08-09 04:45:00+00:00,77.685,82.855,-5.170000000000002
2026-08-09 05:00:00+00:00,77.683,82.815,-5.131999999999991
2026-08-09 05:15:00+00:00,77.662,82.836,-5.173999999999992
2026-08-09 05:30:00+00:00,77.681,82.879,-5.1980000000000075
2026-08-09 05:45:00+00:00,77.636,82.837,-5.201000000000008
2026-08-09 06:00:00+00:00,77.622,82.823,-5.200999999999993
2026-08-09 06:15:00+00:00,77.625,82.81,-5.185000000000002
2026-08-09 06:30:00+00:00,77.603,82.725,-5.122
2026-08-09 06:45:00+00:00,77.75,82.864,-5.114000000000004
2026-08-09 07:00:00+00:00,77.638,82.683,-5.045000000000002
2026-08-09 07:15:00+00:00,77.622,82.655,-5.033000000000001
2026-08-09 07:30:00+00:00,77.632,82.667,-5.034999999999997
2026-08-09 07:45:00+00:00,77.629,82.693,-5.063999999999993
2026-08-09 08:00:00+00:00,77.637,82.702,-5.064999999999998
2026-08-09 08:15:00+00:00,77.7,82.734,-5.033999999999992
2026-08-09 08:30:00+00:00,77.763,82.783,-5.019999999999996
2026-08-09 08:45:00+00:00,77.702,82.718,-5.016000000000005
2026-08-09 09:00:00+00:00,77.733,82.76,-5.027000000000001
2026-08-09 09:15:00+00:00,77.888,83.009,-5.120999999999995
2026-08-09 09:30:00+00:00,77.961,83.026,-5.064999999999998
2026-08-09 09:45:00+00:00,77.956,83.032,-5.075999999999993
2026-08-09 10:00:00+00:00,77.951,83.01,-5.059000000000012
2026-08-09 10:15:00+00:00,77.885,82.981,-5.095999999999989
2026-08-09 10:30:00+00:00,77.866,82.909,-5.043000000000006
2026-08-09 10:45:00+00:00,77.942,82.971,-5.029000000000011
2026-08-09 11:00:00+00:00,77.477,82.584,-5.106999999999999
2026-08-09 11:15:00+00:00,77.6,82.688,-5.088000000000008
2026-08-09 11:30:00+00:00,77.518,82.706,-5.188000000000002
2026-08-09 11:45:00+00:00,77.508,82.675,-5.167000000000002
2026-08-09 12:00:00+00:00,77.488,82.575,-5.087000000000003
2026-08-09 12:15:00+00:00,77.179,82.234,-5.054999999999993
2026-08-09 12:30:00+00:00,77.36,82.492,-5.132000000000005
2026-08-09 12:45:00+00:00,77.271,82.422,-5.150999999999996
2026-08-09 13:00:00+00:00,77.263,82.406,-5.143000000000001
2026-08-09 13:15:00+00:00,77.313,82.505,-5.191999999999993
2026-08-09 13:30:00+00:00,77.35,82.489,-5.13900000000001
2026-08-09 13:45:00+00:00,77.295,82.356,-5.060999999999993
2026-08-09 14:00:00+00:00,77.345,82.433,-5.088000000000008
2026-08-09 14:15:00+00:00,77.218,82.346,-5.128
2026-08-09 14:30:00+00:00,77.185,82.272,-5.087000000000003
2026-08-09 14:45:00+00:00,77.308,82.409,-5.100999999999999
2026-08-09 15:00:00+00:00,77.389,82.49,-5.100999999999999
2026-08-09 15:15:00+00:00,77.342,82.469,-5.126999999999995
2026-08-09 15:30:00+00:00,77.325,82.468,-5.143000000000001
2026-08-09 15:45:00+00:00,77.319,82.473,-5.153999999999996
2026-08-09 16:00:00+00:00,77.25,82.268,-5.018000000000001
2026-08-09 16:15:00+00:00,76.931,82.01,-5.079000000000008
2026-08-09 16:30:00+00:00,77.061,82.08,-5.018999999999991
2026-08-09 16:45:00+00:00,77.012,82.042,-5.030000000000001
2026-08-09 17:00:00+00:00,77.062,82.064,-5.001999999999995
2026-08-09 17:15:00+00:00,77.12,82.219,-5.0989999999999895
2026-08-09 17:30:00+00:00,77.119,82.221,-5.102000000000004
2026-08-09 17:45:00+00:00,77.096,82.202,-5.1059999999999945
2026-08-09 18:00:00+00:00,77.287,82.3,-5.012999999999991
2026-08-09 18:15:00+00:00,77.343,82.405,-5.061999999999998
2026-08-09 18:30:00+00:00,77.425,82.456,-5.031000000000006
2026-08-09 18:45:00+00:00,77.713,82.758,-5.045000000000002
2026-08-09 19:00:00+00:00,77.676,82.835,-5.158999999999992
2026-08-09 19:15:00+00:00,77.57,82.605,-5.035000000000011
2026-08-09 19:30:00+00:00,77.58,82.588,-5.007999999999996
2026-08-09 19:45:00+00:00,77.635,82.663,-5.027999999999992
2026-08-09 20:00:00+00:00,77.605,82.64,-5.034999999999997
2026-08-09 20:15:00+00:00,77.542,82.555,-5.013000000000005
2026-08-09 20:30:00+00:00,77.679,82.587,-4.908000000000001
2026-08-09 20:45:00+00:00,77.784,82.711,-4.9269999999999925
2026-08-09 21:00:00+00:00,78.178,83.055,-4.8770000000000095
2026-08-09 21:15:00+00:00,78.279,83.188,-4.909000000000006
2026-08-09 21:30:00+00:00,78.261,83.181,-4.920000000000002
2026-08-09 21:45:00+00:00,78.474,83.383,-4.908999999999992
2026-08-09 22:00:00+00:00,78.76,84.003,-5.242999999999995
2026-08-09 22:15:00+00:00,78.615,83.926,-5.311000000000007
2026-08-09 22:30:00+00:00,78.591,83.823,-5.231999999999999
2026-08-09 22:45:00+00:00,78.609,83.888,-5.279000000000011
2026-08-09 23:00:00+00:00,78.402,83.707,-5.304999999999993
2026-08-09 23:15:00+00:00,78.516,83.803,-5.286999999999992
2026-08-09 23:30:00+00:00,78.638,83.935,-5.296999999999997
2026-08-09 23:45:00+00:00,78.581,83.868,-5.286999999999992
2026-08-10 00:00:00+00:00,78.611,83.859,-5.2479999999999905
2026-08-10 00:15:00+00:00,78.625,83.917,-5.292000000000002
2026-08-10 00:30:00+00:00,78.541,83.84,-5.299000000000007
2026-08-10 00:45:00+00:00,78.39,83.696,-5.305999999999997
2026-08-10 01:00:00+00:00,78.76,84.056,-5.295999999999992
2026-08-10 01:15:00+00:00,78.749,84.056,-5.307000000000002
2026-08-10 01:30:00+00:00,78.772,84.052,-5.280000000000001
2026-08-10 01:45:00+00:00,78.605,83.903,-5.298000000000002
2026-08-10 02:00:00+00:00,78.618,83.889,-5.271000000000001
2026-08-10 02:15:00+00:00,78.464,83.715,-5.251000000000005
2026-08-10 02:30:00+00:00,78.383,83.652,-5.2690000000000055
2026-08-10 02:45:00+00:00,78.542,83.856,-5.313999999999993
2026-08-10 03:00:00+00:00,78.386,83.704,-5.317999999999998
2026-08-10 03:15:00+00:00,78.34,83.647,-5.307000000000002
2026-08-10 03:30:00+00:00,78.455,83.731,-5.275999999999996
2026-08-10 03:45:00+00:00,78.493,83.78,-5.287000000000006
2026-08-10 04:00:00+00:00,78.54,83.839,-5.298999999999992
2026-08-10 04:15:00+00:00,78.47,83.724,-5.254000000000005
2026-08-10 04:30:00+00:00,78.286,83.561,-5.275000000000006
2026-08-10 04:45:00+00:00,78.143,83.371,-5.227999999999994
2026-08-10 05:00:00+00:00,78.228,83.428,-5.200000000000003
2026-08-10 05:15:00+00:00,78.133,83.346,-5.213000000000008
2026-08-10 05:30:00+00:00,78.111,83.311,-5.200000000000003
2026-08-10 05:45:00+00:00,77.51,82.751,-5.241
2026-08-10 06:00:00+00:00,77.895,83.11,-5.215000000000003
2026-08-10 06:15:00+00:00,77.743,82.947,-5.204000000000008
2026-08-10 06:30:00+00:00,77.738,82.972,-5.233999999999995
2026-08-10 06:45:00+00:00,77.634,82.876,-5.242000000000004
2026-08-10 07:00:00+00:00,78.139,83.388,-5.249000000000009
2026-08-10 07:15:00+00:00,77.737,82.996,-5.259
2026-08-10 07:30:00+00:00,77.798,83.04,-5.242000000000004
2026-08-10 07:45:00+00:00,77.912,83.183,-5.271000000000001
2026-08-10 08:00:00+00:00,77.985,83.21,-5.224999999999994
2026-08-10 08:15:00+00:00,78.209,83.379,-5.170000000000002
2026-08-10 08:30:00+00:00,78.697,83.893,-5.195999999999998
2026-08-10 08:45:00+00:00,78.814,84.006,-5.192000000000007
2026-08-10 09:00:00+00:00,78.618,83.82,-5.201999999999998
2026-08-10 09:15:00+00:00,78.409,83.64,-5.2309999999999945
2026-08-10 09:30:00+00:00,78.684,83.924,-5.240000000000009
2026-08-10 09:45:00+00:00,78.665,83.911,-5.245999999999995
2026-08-10 10:00:00+00:00,78.498,83.742,-5.244
2026-08-10 10:15:00+00:00,78.465,83.662,-5.197000000000003
2026-08-10 10:30:00+00:00,78.992,84.168,-5.176000000000002
2026-08-10 10:45:00+00:00,79.067,84.298,-5.231000000000009
2026-08-10 11:00:00+00:00,78.908,84.056,-5.147999999999996
2026-08-10 11:15:00+00:00,78.648,83.814,-5.165999999999997
2026-08-10 11:30:00+00:00,79.041,84.17,-5.129000000000005
2026-08-10 11:45:00+00:00,79.242,84.356,-5.11399999999999
2026-08-10 12:00:00+00:00,79.16,84.375,-5.215000000000003
2026-08-10 12:15:00+00:00,78.928,84.094,-5.165999999999997
2026-08-10 12:30:00+00:00,79.353,84.477,-5.124000000000009
2026-08-10 12:45:00+00:00,79.353,84.506,-5.153000000000006
2026-08-10 13:00:00+00:00,79.107,84.307,-5.200000000000003
2026-08-10 13:15:00+00:00,79.309,84.603,-5.293999999999997
2026-08-10 13:30:00+00:00,79.716,84.98,-5.26400000000001
2026-08-10 13:45:00+00:00,80.438,85.6,-5.161999999999992
2026-08-10 14:00:00+00:00,80.338,85.538,-5.200000000000003
2026-08-10 14:15:00+00:00,79.944,85.09,-5.146000000000001
2026-08-10 14:30:00+00:00,80.24,85.398,-5.158000000000001
2026-08-10 14:45:00+00:00,80.373,85.508,-5.134999999999991
2026-08-10 15:00:00+00:00,80.48,85.671,-5.1910000000000025
2026-08-10 15:15:00+00:00,80.783,86.073,-5.289999999999992
2026-08-10 15:30:00+00:00,80.897,86.193,-5.295999999999992
2026-08-10 15:45:00+00:00,80.632,85.936,-5.304000000000002
2026-08-10 16:00:00+00:00,80.649,85.944,-5.295000000000002
2026-08-10 16:15:00+00:00,80.755,85.981,-5.225999999999999
2026-08-10 16:30:00+00:00,81.122,86.318,-5.195999999999998
2026-08-10 16:45:00+00:00,81.06,86.392,-5.331999999999994
2026-08-10 17:00:00+00:00,81.147,86.459,-5.311999999999998
2026-08-10 17:15:00+00:00,81.216,86.507,-5.291000000000011
2026-08-10 17:30:00+00:00,81.431,86.727,-5.2960000000000065
2026-08-10 17:45:00+00:00,81.545,86.846,-5.301000000000002
2026-08-10 18:00:00+00:00,81.417,86.751,-5.334000000000003
2026-08-10 18:15:00+00:00,81.753,87.004,-5.251000000000005
2026-08-10 18:30:00+00:00,81.721,86.959,-5.2379999999999995
2026-08-10 18:45:00+00:00,81.463,86.631,-5.168000000000006
2026-08-10 19:00:00+00:00,81.304,86.485,-5.180999999999997
2026-08-10 19:15:00+00:00,81.516,86.766,-5.25
2026-08-10 19:30:00+00:00,81.557,86.754,-5.197000000000003
2026-08-10 19:45:00+00:00,81.666,86.852,-5.186000000000007
2026-08-10 20:00:00+00:00,81.71,86.867,-5.157000000000011
2026-08-10 20:15:00+00:00,81.786,86.919,-5.132999999999996
2026-08-10 20:30:00+00:00,81.838,87.001,-5.163000000000011
2026-08-10 20:45:00+00:00,81.82,86.974,-5.154000000000011
2026-08-10 21:00:00+00:00,81.679,86.925,-5.245999999999995
2026-08-10 21:15:00+00:00,81.788,87.033,-5.2450000000000045
2026-08-10 21:30:00+00:00,81.797,87.025,-5.228000000000009
2026-08-10 21:45:00+00:00,81.745,86.932,-5.186999999999998
2026-08-10 22:00:00+00:00,81.661,86.824,-5.162999999999997
2026-08-10 22:15:00+00:00,81.615,86.8,-5.185000000000002
2026-08-10 22:30:00+00:00,81.586,86.803,-5.216999999999999
2026-08-10 22:45:00+00:00,81.599,86.764,-5.164999999999992
2026-08-10 23:00:00+00:00,81.496,86.629,-5.13300000000001
2026-08-10 23:15:00+00:00,81.545,86.68,-5.135000000000005
2026-08-10 23:30:00+00:00,81.593,86.75,-5.1569999999999965
2026-08-10 23:45:00+00:00,81.596,86.758,-5.161999999999992
2026-08-11 00:00:00+00:00,81.651,86.827,-5.176000000000002
2026-08-11 00:15:00+00:00,81.71,86.841,-5.131
2026-08-11 00:30:00+00:00,81.649,86.801,-5.152000000000001
2026-08-11 00:45:00+00:00,81.679,86.808,-5.129000000000005
2026-08-11 01:00:00+00:00,81.744,86.845,-5.100999999999999
2026-08-11 01:15:00+00:00,81.666,86.767,-5.100999999999999
2026-08-11 01:30:00+00:00,81.88,86.975,-5.094999999999999
2026-08-11 01:45:00+00:00,81.889,86.974,-5.085000000000008
2026-08-11 02:00:00+00:00,81.872,86.973,-5.100999999999999
2026-08-11 02:15:00+00:00,81.785,86.878,-5.0930000000000035
2026-08-11 02:30:00+00:00,81.676,86.788,-5.111999999999995
2026-08-11 02:45:00+00:00,81.779,86.928,-5.149000000000001
2026-08-11 03:00:00+00:00,81.73,86.851,-5.120999999999995
2026-08-11 03:15:00+00:00,81.705,86.824,-5.119
2026-08-11 03:30:00+00:00,81.559,86.731,-5.171999999999997
2026-08-11 03:45:00+00:00,81.558,86.698,-5.139999999999986
2026-08-11 04:00:00+00:00,81.509,86.606,-5.096999999999994
2026-08-11 04:15:00+00:00,81.507,86.595,-5.087999999999994
2026-08-11 04:30:00+00:00,81.715,86.832,-5.11699999999999
2026-08-11 04:45:00+00:00,81.716,86.816,-5.1000000000000085
2026-08-11 05:00:00+00:00,81.839,86.921,-5.082000000000008
2026-08-11 05:15:00+00:00,81.869,86.989,-5.1200000000000045
2026-08-11 05:30:00+00:00,81.723,86.848,-5.125
2026-08-11 05:45:00+00:00,81.908,86.965,-5.057000000000002
2026-08-11 06:00:00+00:00,81.973,87.044,-5.070999999999998
2026-08-11 06:15:00+00:00,82.238,87.287,-5.049000000000007
2026-08-11 06:30:00+00:00,83.018,88.028,-5.010000000000005
2026-08-11 06:45:00+00:00,82.866,87.973,-5.106999999999999
2026-08-11 07:00:00+00:00,82.996,88.133,-5.1370000000000005
2026-08-11 07:15:00+00:00,83.091,88.232,-5.141000000000005
2026-08-11 07:30:00+00:00,83.035,88.18,-5.14500000000001
2026-08-11 07:45:00+00:00,83.382,88.52,-5.137999999999991
2026-08-11 08:00:00+00:00,83.568,88.681,-5.1129999999999995
2026-08-11 08:15:00+00:00,83.673,88.76,-5.087000000000003
2026-08-11 08:30:00+00:00,83.51,88.537,-5.027000000000001
2026-08-11 08:45:00+00:00,83.822,88.781,-4.959000000000003
2026-08-11 09:00:00+00:00,83.876,88.809,-4.932999999999993
2026-08-11 09:15:00+00:00,83.555,88.511,-4.955999999999989
2026-08-11 09:30:00+00:00,83.7,88.746,-5.045999999999992
2026-08-11 09:45:00+00:00,83.565,88.536,-4.971000000000004
2026-08-11 10:00:00+00:00,83.378,88.43,-5.052000000000007
2026-08-11 10:15:00+00:00,82.928,87.962,-5.034000000000006
2026-08-11 10:30:00+00:00,83.02,88.063,-5.043000000000006
2026-08-11 10:45:00+00:00,82.788,87.786,-4.998000000000005
2026-08-11 11:00:00+00:00,81.146,86.242,-5.096000000000004
2026-08-11 11:15:00+00:00,81.704,86.678,-4.974000000000004
2026-08-11 11:30:00+00:00,81.426,86.348,-4.921999999999997
2026-08-11 11:45:00+00:00,81.506,86.5,-4.994
2026-08-11 12:00:00+00:00,81.468,86.404,-4.935999999999993
2026-08-11 12:15:00+00:00,81.779,86.831,-5.052000000000007
2026-08-11 12:30:00+00:00,81.749,86.716,-4.966999999999999
2026-08-11 12:45:00+00:00,81.875,86.851,-4.975999999999999
2026-08-11 13:00:00+00:00,81.161,86.148,-4.986999999999995
2026-08-11 13:15:00+00:00,80.845,85.798,-4.953000000000003
2026-08-11 13:30:00+00:00,80.852,85.899,-5.046999999999997
2026-08-11 13:45:00+00:00,81.0,86.015,-5.015000000000001
2026-08-11 14:00:00+00:00,81.349,86.39,-5.040999999999997
2026-08-11 14:15:00+00:00,81.529,86.6,-5.070999999999998
2026-08-11 14:30:00+00:00,81.672,86.766,-5.094000000000008
2026-08-11 14:45:00+00:00,81.859,87.068,-5.209000000000003
2026-08-11 15:00:00+00:00,81.72,86.922,-5.201999999999998
2026-08-11 15:15:00+00:00,81.854,86.992,-5.138000000000005
2026-08-11 15:30:00+00:00,82.472,87.568,-5.096000000000004
2026-08-11 15:45:00+00:00,82.503,87.584,-5.081000000000003
2026-08-11 16:00:00+00:00,82.316,87.296,-4.980000000000004
2026-08-11 16:15:00+00:00,82.036,87.02,-4.983999999999995
2026-08-11 16:30:00+00:00,82.234,87.23,-4.996000000000009
2026-08-11 16:45:00+00:00,82.358,87.388,-5.030000000000001
2026-08-11 17:00:00+00:00,82.384,87.388,-5.004000000000005
2026-08-11 17:15:00+00:00,82.517,87.486,-4.969000000000008
2026-08-11 17:30:00+00:00,82.428,87.421,-4.993000000000009
2026-08-11 17:45:00+00:00,82.551,87.55,-4.998999999999995
2026-08-11 18:00:00+00:00,82.3,87.341,-5.040999999999997
2026-08-11 18:15:00+00:00,82.403,87.498,-5.094999999999999
2026-08-11 18:30:00+00:00,82.382,87.45,-5.067999999999998
2026-08-11 18:45:00+00:00,82.372,87.46,-5.087999999999994
2026-08-11 19:00:00+00:00,82.474,87.544,-5.069999999999993
2026-08-11 19:15:00+00:00,82.665,87.727,-5.061999999999998
2026-08-11 19:30:00+00:00,82.561,87.649,-5.087999999999994
2026-08-11 19:45:00+00:00,82.635,87.725,-5.089999999999989
2026-08-11 20:00:00+00:00,82.693,87.764,-5.070999999999998
2026-08-11 20:15:00+00:00,82.54,87.667,-5.126999999999995
2026-08-11 20:30:00+00:00,82.598,87.68,-5.082000000000008
2026-08-11 20:45:00+00:00,82.429,87.48,-5.051000000000002
2026-08-11 21:00:00+00:00,82.13,87.27,-5.140000000000001
2026-08-11 21:15:00+00:00,82.278,87.496,-5.217999999999989
2026-08-11 21:30:00+00:00,82.419,87.707,-5.287999999999997
2026-08-11 21:45:00+00:00,82.615,87.757,-5.14200000000001
2026-08-11 22:00:00+00:00,82.639,87.751,-5.112000000000009
2026-08-11 22:15:00+00:00,82.654,87.664,-5.010000000000005
2026-08-11 22:30:00+00:00,82.621,87.713,-5.091999999999999
2026-08-11 22:45:00+00:00,82.613,87.651,-5.037999999999997
2026-08-11 23:00:00+00:00,82.635,87.657,-5.021999999999991
2026-08-11 23:15:00+00:00,82.612,87.634,-5.022000000000006
2026-08-11 23:30:00+00:00,82.594,87.647,-5.0530000000000115
2026-08-11 23:45:00+00:00,82.531,87.556,-5.0249999999999915
2026-08-12 00:00:00+00:00,82.73,87.781,-5.051000000000002
2026-08-12 00:15:00+00:00,82.86,87.907,-5.046999999999997
2026-08-12 00:30:00+00:00,82.889,87.909,-5.02000000000001
2026-08-12 00:45:00+00:00,82.911,87.911,-5.0
2026-08-12 01:00:00+00:00,82.929,87.911,-4.981999999999999
2026-08-12 01:15:00+00:00,83.005,87.993,-4.9879999999999995
2026-08-12 01:30:00+00:00,82.936,87.89,-4.9539999999999935
2026-08-12 01:45:00+00:00,82.875,87.817,-4.941999999999993
2026-08-12 02:00:00+00:00,82.89,87.842,-4.951999999999998
2026-08-12 02:15:00+00:00,82.918,87.835,-4.916999999999987
2026-08-12 02:30:00+00:00,83.086,88.012,-4.926000000000002
2026-08-12 02:45:00+00:00,83.113,88.061,-4.9480000000000075
2026-08-12 03:00:00+00:00,83.145,88.088,-4.942999999999998
2026-08-12 03:15:00+00:00,83.08,88.046,-4.966000000000008
2026-08-12 03:30:00+00:00,83.234,88.218,-4.984000000000009
2026-08-12 03:45:00+00:00,83.352,88.345,-4.992999999999995
2026-08-12 04:00:00+00:00,83.124,88.087,-4.963000000000008
2026-08-12 04:15:00+00:00,83.059,88.0,-4.9410000000000025
2026-08-12 04:30:00+00:00,82.858,87.83,-4.971999999999994
2026-08-12 04:45:00+00:00,82.759,87.744,-4.984999999999999
2026-08-12 05:00:00+00:00,82.943,87.925,-4.981999999999999
2026-08-12 05:15:00+00:00,82.836,87.8,-4.963999999999999
2026-08-12 05:30:00+00:00,82.783,87.71,-4.9269999999999925
2026-08-12 05:45:00+00:00,83.066,88.029,-4.962999999999994
2026-08-12 06:00:00+00:00,82.959,87.907,-4.947999999999993
2026-08-12 06:15:00+00:00,82.936,87.9,-4.963999999999999
2026-08-12 06:30:00+00:00,82.819,87.781,-4.962000000000003
2026-08-12 06:45:00+00:00,82.762,87.708,-4.945999999999998
2026-08-12 07:00:00+00:00,82.998,87.911,-4.912999999999997
2026-08-12 07:15:00+00:00,82.833,87.737,-4.903999999999996
2026-08-12 07:30:00+00:00,82.796,87.705,-4.908999999999992
2026-08-12 07:45:00+00:00,82.815,87.802,-4.987000000000009
2026-08-12 08:00:00+00:00,82.657,87.676,-5.0190000000000055
2026-08-12 08:15:00+00:00,82.455,87.519,-5.064000000000007
2026-08-12 08:30:00+00:00,82.573,87.553,-4.980000000000004
2026-08-12 08:45:00+00:00,82.591,87.581,-4.990000000000009
2026-08-12 09:00:00+00:00,82.411,87.4,-4.989000000000004
2026-08-12 09:15:00+00:00,81.811,86.735,-4.923999999999992
2026-08-12 09:30:00+00:00,81.819,86.785,-4.965999999999994
2026-08-12 09:45:00+00:00,82.047,87.002,-4.954999999999998
2026-08-12 10:00:00+00:00,82.053,87.059,-5.006
2026-08-12 10:15:00+00:00,82.194,87.227,-5.033000000000001
2026-08-12 10:30:00+00:00,82.131,87.097,-4.965999999999994
2026-08-12 10:45:00+00:00,82.41,87.329,-4.918999999999997
2026-08-12 11:00:00+00:00,82.355,87.22,-4.864999999999995
2026-08-12 11:15:00+00:00,82.397,87.244,-4.846999999999994
2026-08-12 11:30:00+00:00,82.41,87.25,-4.840000000000003
2026-08-12 11:45:00+00:00,82.695,87.516,-4.821000000000012
2026-08-12 12:00:00+00:00,82.635,87.422,-4.786999999999992
2026-08-12 12:15:00+00:00,82.671,87.428,-4.756999999999991
2026-08-12 12:30:00+00:00,82.382,87.167,-4.784999999999997
2026-08-12 12:45:00+00:00,81.993,86.8,-4.807000000000002
2026-08-12 13:00:00+00:00,81.887,86.66,-4.772999999999996
2026-08-12 13:15:00+00:00,81.901,86.789,-4.888000000000005
2026-08-12 13:30:00+00:00,81.851,86.745,-4.8940000000000055
2026-08-12 13:45:00+00:00,81.734,86.698,-4.963999999999999
2026-08-12 14:00:00+00:00,81.877,86.859,-4.981999999999999
2026-08-12 14:15:00+00:00,81.992,87.01,-5.018000000000001
2026-08-12 14:30:00+00:00,81.778,86.762,-4.983999999999995
2026-08-12 14:45:00+00:00,81.982,86.918,-4.936000000000007
2026-08-12 15:00:00+00:00,82.15,87.08,-4.929999999999993
2026-08-12 15:15:00+00:00,82.142,87.063,-4.9210000000000065
2026-08-12 15:30:00+00:00,82.247,87.098,-4.850999999999999
2026-08-12 15:45:00+00:00,82.257,87.107,-4.849999999999994
2026-08-12 16:00:00+00:00,82.031,86.9,-4.869
2026-08-12 16:15:00+00:00,82.137,86.94,-4.802999999999997
2026-08-12 16:30:00+00:00,82.099,86.975,-4.875999999999991
2026-08-12 16:45:00+00:00,81.948,86.847,-4.899000000000001
2026-08-12 17:00:00+00:00,82.058,86.906,-4.847999999999999
2026-08-12 17:15:00+00:00,82.086,86.962,-4.876000000000005
2026-08-12 17:30:00+00:00,82.165,87.131,-4.965999999999994
2026-08-12 17:45:00+00:00,82.232,87.156,-4.924000000000007
2026-08-12 18:00:00+00:00,82.048,87.013,-4.965000000000003
2026-08-12 18:15:00+00:00,82.529,87.372,-4.8430000000000035
2026-08-12 18:30:00+00:00,82.363,87.235,-4.872
2026-08-12 18:45:00+00:00,82.364,87.24,-4.875999999999991
2026-08-12 19:00:00+00:00,82.265,87.14,-4.875
2026-08-12 19:15:00+00:00,82.189,87.127,-4.938000000000002
2026-08-12 19:30:00+00:00,82.115,86.989,-4.874000000000009
2026-08-12 19:45:00+00:00,82.175,87.124,-4.948999999999998
2026-08-12 20:00:00+00:00,82.042,86.942,-4.8999999999999915
2026-08-12 20:15:00+00:00,82.035,86.95,-4.915000000000006
2026-08-12 20:30:00+00:00,81.794,86.717,-4.923000000000002
2026-08-12 20:45:00+00:00,81.752,86.663,-4.911000000000001
2026-08-12 21:00:00+00:00,81.965,86.873,-4.908000000000001
2026-08-12 21:15:00+00:00,82.013,86.886,-4.8729999999999905
2026-08-12 21:30:00+00:00,82.037,86.896,-4.858999999999995
2026-08-12 21:45:00+00:00,81.888,86.76,-4.872
2026-08-12 22:00:00+00:00,81.79,86.627,-4.836999999999989
2026-08-12 22:15:00+00:00,81.842,86.635,-4.793000000000006
2026-08-12 22:30:00+00:00,81.776,86.598,-4.822000000000003
2026-08-12 22:45:00+00:00,81.821,86.656,-4.835000000000008
2026-08-12 23:00:00+00:00,81.844,86.714,-4.8700000000000045
2026-08-12 23:15:00+00:00,81.869,86.72,-4.850999999999999
2026-08-12 23:30:00+00:00,81.849,86.724,-4.875
2026-08-12 23:45:00+00:00,81.799,86.689,-4.889999999999986
2026-08-13 00:00:00+00:00,81.562,86.5,-4.938000000000002
2026-08-13 00:15:00+00:00,81.483,86.397,-4.9140000000000015
2026-08-13 00:30:00+00:00,81.382,86.272,-4.890000000000001
2026-08-13 00:45:00+00:00,81.207,86.079,-4.872
2026-08-13 01:00:00+00:00,81.235,86.098,-4.8629999999999995
2026-08-13 01:15:00+00:00,81.42,86.279,-4.858999999999995
2026-08-13 01:30:00+00:00,81.333,86.192,-4.858999999999995
2026-08-13 01:45:00+00:00,81.313,86.179,-4.866
2026-08-13 02:00:00+00:00,81.204,86.042,-4.838000000000008
2026-08-13 02:15:00+00:00,81.231,86.088,-4.856999999999999
2026-08-13 02:30:00+00:00,81.278,86.097,-4.818999999999988
2026-08-13 02:45:00+00:00,81.354,86.174,-4.820000000000007
2026-08-13 03:00:00+00:00,81.154,86.004,-4.8500000000000085
2026-08-13 03:15:00+00:00,81.501,86.384,-4.882999999999996
2026-08-13 03:30:00+00:00,81.512,86.387,-4.875
2026-08-13 03:45:00+00:00,81.698,86.598,-4.900000000000006
2026-08-13 04:00:00+00:00,81.895,86.764,-4.869
2026-08-13 04:15:00+00:00,82.008,86.835,-4.826999999999998
2026-08-13 04:30:00+00:00,81.989,86.828,-4.838999999999999
2026-08-13 04:45:00+00:00,82.058,86.885,-4.826999999999998
2026-08-13 05:00:00+00:00,82.064,86.9,-4.836000000000013
2026-08-13 05:15:00+00:00,82.054,86.86,-4.805999999999997
2026-08-13 05:30:00+00:00,81.976,86.82,-4.843999999999994
2026-08-13 05:45:00+00:00,82.136,86.937,-4.801000000000002
2026-08-13 06:00:00+00:00,82.071,86.884,-4.813000000000002
2026-08-13 06:15:00+00:00,82.073,86.817,-4.744
2026-08-13 06:30:00+00:00,81.995,86.703,-4.707999999999998
2026-08-13 06:45:00+00:00,81.798,86.549,-4.751000000000005
2026-08-13 07:00:00+00:00,81.971,86.765,-4.793999999999997
2026-08-13 07:15:00+00:00,81.644,86.486,-4.841999999999999
2026-08-13 07:30:00+00:00,80.957,85.822,-4.865000000000009
2026-08-13 07:45:00+00:00,81.28,86.185,-4.905000000000001
2026-08-13 08:00:00+00:00,81.224,86.103,-4.878999999999991
2026-08-13 08:15:00+00:00,81.181,86.023,-4.841999999999999
2026-08-13 08:30:00+00:00,80.908,85.76,-4.852000000000004
2026-08-13 08:45:00+00:00,80.873,85.721,-4.847999999999999
2026-08-13 09:00:00+00:00,80.352,85.105,-4.753
2026-08-13 09:15:00+00:00,80.798,85.557,-4.759
2026-08-13 09:30:00+00:00,80.869,85.684,-4.814999999999998
2026-08-13 09:45:00+00:00,80.92,85.634,-4.713999999999999
2026-08-13 10:00:00+00:00,81.148,85.879,-4.731000000000009
2026-08-13 10:15:00+00:00,80.607,85.424,-4.817000000000007
2026-08-13 10:30:00+00:00,80.603,85.463,-4.859999999999999
2026-08-13 10:45:00+00:00,80.559,85.418,-4.859000000000009
2026-08-13 11:00:00+00:00,80.553,85.39,-4.837000000000003
2026-08-13 11:15:00+00:00,80.699,85.536,-4.837000000000003
2026-08-13 11:30:00+00:00,80.742,85.612,-4.86999999999999
2026-08-13 11:45:00+00:00,80.754,85.654,-4.8999999999999915
2026-08-13 12:00:00+00:00,80.71,85.584,-4.874000000000009
2026-08-13 12:15:00+00:00,80.66,85.594,-4.9339999999999975
2026-08-13 12:30:00+00:00,80.466,85.317,-4.850999999999999
2026-08-13 12:45:00+00:00,80.434,85.287,-4.853000000000009
2026-08-13 13:00:00+00:00,80.165,85.011,-4.845999999999989
2026-08-13 13:15:00+00:00,80.301,85.149,-4.847999999999999
2026-08-13 13:30:00+00:00,80.47,85.314,-4.843999999999994
2026-08-13 13:45:00+00:00,79.816,84.674,-4.858000000000004
2026-08-13 14:00:00+00:00,79.557,84.505,-4.947999999999993
2026-08-13 14:15:00+00:00,80.008,84.95,-4.942000000000007
2026-08-13 14:30:00+00:00,80.133,85.044,-4.911000000000001
2026-08-13 14:45:00+00:00,80.4,85.214,-4.813999999999993
2026-08-13 15:00:00+00:00,81.215,86.012,-4.796999999999997
2026-08-13 15:15:00+00:00,81.765,86.589,-4.823999999999998
2026-08-13 15:30:00+00:00,81.46,86.262,-4.802000000000007
2026-08-13 15:45:00+00:00,81.659,86.475,-4.815999999999988
2026-08-13 16:00:00+00:00,81.628,86.427,-4.799000000000007
2026-08-13 16:15:00+00:00,81.39,86.141,-4.751000000000005
2026-08-13 16:30:00+00:00,81.059,85.806,-4.747
2026-08-13 16:45:00+00:00,81.125,85.864,-4.739000000000004
2026-08-13 17:00:00+00:00,81.236,85.955,-4.718999999999994
2026-08-13 17:15:00+00:00,81.055,85.825,-4.769999999999996
2026-08-13 17:30:00+00:00,81.261,85.978,-4.716999999999999
2026-08-13 17:45:00+00:00,81.055,85.828,-4.772999999999996
2026-08-13 18:00:00+00:00,80.42,85.223,-4.802999999999997
2026-08-13 18:15:00+00:00,80.41,85.22,-4.810000000000002
2026-08-13 18:30:00+00:00,80.294,85.065,-4.771000000000001
2026-08-13 18:45:00+00:00,80.408,85.186,-4.778000000000006
2026-08-13 19:00:00+00:00,80.468,85.24,-4.771999999999991
2026-08-13 19:15:00+00:00,80.478,85.245,-4.76700000000001
2026-08-13 19:30:00+00:00,80.513,85.28,-4.766999999999996
2026-08-13 19:45:00+00:00,80.532,85.283,-4.751000000000005
2026-08-13 20:00:00+00:00,80.38,85.104,-4.724000000000004
2026-08-13 20:15:00+00:00,80.514,85.233,-4.719000000000008
2026-08-13 20:30:00+00:00,80.413,85.175,-4.7620000000000005
2026-08-13 20:45:00+00:00,80.409,85.135,-4.725999999999999
2026-08-13 21:00:00+00:00,80.496,85.17,-4.674000000000007
2026-08-13 21:15:00+00:00,80.511,85.21,-4.698999999999998
2026-08-13 21:30:00+00:00,80.499,85.226,-4.727000000000004
2026-08-13 21:45:00+00:00,80.462,85.201,-4.73899999999999
2026-08-13 22:00:00+00:00,80.333,85.072,-4.739000000000004
2026-08-13 22:15:00+00:00,80.317,85.05,-4.733000000000004
2026-08-13 22:30:00+00:00,80.31,85.022,-4.712000000000003
2026-08-13 22:45:00+00:00,80.331,85.026,-4.694999999999993
2026-08-13 23:00:00+00:00,80.367,85.116,-4.748999999999995
2026-08-13 23:15:00+00:00,80.443,85.171,-4.728000000000009
2026-08-13 23:30:00+00:00,80.529,85.198,-4.668999999999997
2026-08-13 23:45:00+00:00,80.534,85.229,-4.694999999999993
2026-08-14 00:00:00+00:00,80.591,85.267,-4.676000000000002
2026-08-14 00:15:00+00:00,80.445,85.132,-4.687000000000012
2026-08-14 00:30:00+00:00,80.373,85.095,-4.721999999999994
2026-08-14 00:45:00+00:00,80.286,85.053,-4.766999999999996
2026-08-14 01:00:00+00:00,80.475,85.33,-4.855000000000004
2026-08-14 01:15:00+00:00,80.517,85.355,-4.838000000000008
2026-08-14 01:30:00+00:00,80.196,85.008,-4.811999999999998
2026-08-14 01:45:00+00:00,80.18,85.007,-4.826999999999998
2026-08-14 02:00:00+00:00,80.137,84.958,-4.820999999999998
2026-08-14 02:15:00+00:00,80.05,84.844,-4.793999999999997
2026-08-14 02:30:00+00:00,80.411,85.219,-4.807999999999993
2026-08-14 02:45:00+00:00,80.519,85.338,-4.818999999999988
2026-08-14 03:00:00+00:00,80.466,85.271,-4.805000000000007
2026-08-14 03:15:00+00:00,80.47,85.318,-4.847999999999999
2026-08-14 03:30:00+00:00,80.501,85.296,-4.795000000000002
2026-08-14 03:45:00+00:00,80.516,85.292,-4.775999999999996
2026-08-14 04:00:00+00:00,80.496,85.282,-4.786000000000001
2026-08-14 04:15:00+00:00,80.436,85.232,-4.795999999999992
2026-08-14 04:30:00+00:00,80.471,85.27,-4.798999999999992
2026-08-14 04:45:00+00:00,80.51,85.306,-4.795999999999992
2026-08-14 05:00:00+00:00,80.441,85.258,-4.816999999999993
2026-08-14 05:15:00+00:00,80.546,85.357,-4.810999999999993
2026-08-14 05:30:00+00:00,80.756,85.57,-4.813999999999993
2026-08-14 05:45:00+00:00,81.111,85.919,-4.807999999999993
2026-08-14 06:00:00+00:00,81.012,85.81,-4.798000000000002
2026-08-14 06:15:00+00:00,81.34,86.096,-4.756
2026-08-14 06:30:00+00:00,81.221,85.984,-4.762999999999991
2026-08-14 06:45:00+00:00,81.27,86.003,-4.733000000000004
2026-08-14 07:00:00+00:00,81.943,86.63,-4.686999999999998
2026-08-14 07:15:00+00:00,81.771,86.465,-4.694000000000003
2026-08-14 07:30:00+00:00,81.802,86.474,-4.671999999999997
2026-08-14 07:45:00+00:00,81.908,86.604,-4.695999999999998
2026-08-14 08:00:00+00:00,81.863,86.586,-4.722999999999999
2026-08-14 08:15:00+00:00,81.51,86.076,-4.565999999999988
2026-08-14 08:30:00+00:00,81.452,85.954,-4.501999999999995
2026-08-14 08:45:00+00:00,81.469,85.972,-4.503
2026-08-14 09:00:00+00:00,81.257,85.815,-4.557999999999993
2026-08-14 09:15:00+00:00,81.053,85.553,-4.5
2026-08-14 09:30:00+00:00,81.156,85.636,-4.47999999999999
2026-08-14 09:45:00+00:00,80.994,85.489,-4.4950000000000045
2026-08-14 10:00:00+00:00,80.676,85.27,-4.593999999999994
2026-08-14 10:15:00+00:00,80.714,85.306,-4.591999999999999
2026-08-14 10:30:00+00:00,80.63,85.218,-4.588000000000008
2026-08-14 10:45:00+00:00,80.397,85.019,-4.622
2026-08-14 11:00:00+00:00,80.637,85.245,-4.608000000000004
2026-08-14 11:15:00+00:00,80.644,85.283,-4.638999999999996
2026-08-14 11:30:00+00:00,80.454,85.111,-4.657000000000011
2026-08-14 11:45:00+00:00,80.494,85.132,-4.638000000000005
2026-08-14 12:00:00+00:00,80.815,85.466,-4.650999999999996
2026-08-14 12:15:00+00:00,80.73,85.368,-4.637999999999991
2026-08-14 12:30:00+00:00,80.387,85.18,-4.793000000000006
2026-08-14 12:45:00+00:00,80.224,85.005,-4.780999999999992
2026-08-14 13:00:00+00:00,80.345,85.13,-4.784999999999997
2026-08-14 13:15:00+00:00,80.3,85.133,-4.832999999999998
2026-08-14 13:30:00+00:00,80.03,84.937,-4.9069999999999965
2026-08-14 13:45:00+00:00,80.315,85.262,-4.947000000000003
2026-08-14 14:00:00+00:00,80.421,85.373,-4.951999999999998
2026-08-14 14:15:00+00:00,80.602,85.501,-4.899000000000001
2026-08-14 14:30:00+00:00,80.853,85.771,-4.918000000000006
2026-08-14 14:45:00+00:00,80.915,85.826,-4.910999999999987
2026-08-14 15:00:00+00:00,80.91,85.879,-4.969000000000008
2026-08-14 15:15:00+00:00,80.951,85.871,-4.920000000000002
2026-08-14 15:30:00+00:00,80.802,85.752,-4.949999999999989
2026-08-14 15:45:00+00:00,80.861,85.82,-4.958999999999989
2026-08-14 16:00:00+00:00,80.901,85.865,-4.963999999999999
2026-08-14 16:15:00+00:00,81.1,86.058,-4.958000000000013
2026-08-14 16:30:00+00:00,81.148,86.081,-4.933000000000007
2026-08-14 16:45:00+00:00,81.103,86.028,-4.925000000000011
2026-08-14 17:00:00+00:00,81.346,86.3,-4.9539999999999935
2026-08-14 17:15:00+00:00,81.302,86.255,-4.952999999999989
2026-08-14 17:30:00+00:00,81.412,86.416,-5.003999999999991
2026-08-14 17:45:00+00:00,81.373,86.324,-4.950999999999993
2026-08-14 18:00:00+00:00,81.294,86.262,-4.9680000000000035
2026-08-14 18:15:00+00:00,81.496,86.522,-5.0260000000000105
2026-08-14 18:30:00+00:00,81.599,86.636,-5.036999999999992
2026-08-14 18:45:00+00:00,81.513,86.513,-5.0
2026-08-14 19:00:00+00:00,81.455,86.484,-5.028999999999996
2026-08-14 19:15:00+00:00,81.439,86.455,-5.016000000000005
2026-08-14 19:30:00+00:00,81.419,86.429,-5.010000000000005
2026-08-14 19:45:00+00:00,81.485,86.478,-4.992999999999995
2026-08-14 20:00:00+00:00,81.5,86.531,-5.031000000000006
2026-08-14 20:15:00+00:00,81.344,86.384,-5.040000000000006
2026-08-14 20:30:00+00:00,81.429,86.461,-5.0319999999999965
2026-08-14 20:45:00+00:00,81.491,86.573,-5.081999999999994
2026-08-14 21:00:00+00:00,81.295,86.285,-4.989999999999995
2026-08-14 21:15:00+00:00,81.322,86.302,-4.980000000000004
2026-08-14 21:30:00+00:00,81.363,86.363,-5.0
2026-08-14 21:45:00+00:00,81.472,86.495,-5.02300000000001
2026-08-14 22:00:00+00:00,81.63,86.711,-5.081000000000003
2026-08-14 22:15:00+00:00,81.484,86.567,-5.082999999999998
2026-08-14 22:30:00+00:00,81.502,86.57,-5.067999999999998
2026-08-14 22:45:00+00:00,81.549,86.606,-5.056999999999988
2026-08-14 23:00:00+00:00,81.605,86.659,-5.054000000000002
2026-08-14 23:15:00+00:00,81.607,86.649,-5.042000000000002
2026-08-14 23:30:00+00:00,81.64,86.702,-5.061999999999998
2026-08-14 23:45:00+00:00,81.645,86.766,-5.121000000000009
2026-08-15 00:00:00+00:00,81.72,86.841,-5.120999999999995
2026-08-15 00:15:00+00:00,81.709,86.836,-5.126999999999995
2026-08-15 00:30:00+00:00,81.649,86.731,-5.081999999999994
2026-08-15 00:45:00+00:00,81.553,86.622,-5.069000000000003
2026-08-15 01:00:00+00:00,81.519,86.587,-5.067999999999998
2026-08-15 01:15:00+00:00,81.308,86.386,-5.077999999999989
2026-08-15 01:30:00+00:00,81.286,86.34,-5.054000000000002
2026-08-15 01:45:00+00:00,81.296,86.386,-5.089999999999989
2026-08-15 02:00:00+00:00,81.351,86.405,-5.054000000000002
2026-08-15 02:15:00+00:00,81.376,86.414,-5.037999999999997
2026-08-15 02:30:00+00:00,81.336,86.369,-5.033000000000001
2026-08-15 02:45:00+00:00,81.357,86.34,-4.983000000000004
2026-08-15 03:00:00+00:00,81.342,86.329,-4.986999999999995
2026-08-15 03:15:00+00:00,81.279,86.243,-4.963999999999999
2026-08-15 03:30:00+00:00,81.457,86.425,-4.9680000000000035
2026-08-15 03:45:00+00:00,81.48,86.455,-4.974999999999994
2026-08-15 04:00:00+00:00,81.525,86.502,-4.97699999999999
2026-08-15 04:15:00+00:00,81.4,86.409,-5.009
2026-08-15 04:30:00+00:00,81.489,86.48,-4.991
2026-08-15 04:45:00+00:00,81.543,86.54,-4.997
2026-08-15 05:00:00+00:00,81.541,86.53,-4.989000000000004
2026-08-15 05:15:00+00:00,81.64,86.645,-5.0049999999999955
2026-08-15 05:30:00+00:00,81.587,86.583,-4.995999999999995
2026-08-15 05:45:00+00:00,81.648,86.635,-4.987000000000009
2026-08-15 06:00:00+00:00,81.678,86.676,-4.998000000000005
2026-08-15 06:15:00+00:00,81.32,86.274,-4.954000000000008
2026-08-15 06:30:00+00:00,81.295,86.252,-4.956999999999994
2026-08-15 06:45:00+00:00,81.292,86.276,-4.983999999999995
2026-08-15 07:00:00+00:00,80.02,84.95,-4.930000000000007
2026-08-15 07:15:00+00:00,80.513,85.378,-4.864999999999995
2026-08-15 07:30:00+00:00,80.689,85.693,-5.004000000000005
2026-08-15 07:45:00+00:00,80.747,85.676,-4.929000000000002
2026-08-15 08:00:00+00:00,80.69,85.608,-4.918000000000006
2026-08-15 08:15:00+00:00,80.782,85.643,-4.861000000000004
2026-08-15 08:30:00+00:00,80.8,85.643,-4.8430000000000035
2026-08-15 08:45:00+00:00,80.649,85.538,-4.888999999999996
2026-08-15 09:00:00+00:00,80.741,85.631,-4.890000000000001
2026-08-15 09:15:00+00:00,80.752,85.638,-4.88600000000001
2026-08-15 09:30:00+00:00,80.787,85.616,-4.8289999999999935
2026-08-15 09:45:00+00:00,80.796,85.673,-4.876999999999995
2026-08-15 10:00:00+00:00,80.686,85.592,-4.905999999999992
2026-08-15 10:15:00+00:00,80.665,85.491,-4.825999999999993
2026-08-15 10:30:00+00:00,80.613,85.445,-4.831999999999994
2026-08-15 10:45:00+00:00,80.666,85.496,-4.829999999999998
2026-08-15 11:00:00+00:00,80.748,85.627,-4.878999999999991
2026-08-15 11:15:00+00:00,80.96,85.925,-4.965000000000003
2026-08-15 11:30:00+00:00,81.008,85.878,-4.8700000000000045
2026-08-15 11:45:00+00:00,81.118,85.986,-4.868000000000009
2026-08-15 12:00:00+00:00,81.106,85.988,-4.882000000000005
2026-08-15 12:15:00+00:00,81.012,85.919,-4.9069999999999965
2026-08-15 12:30:00+00:00,81.036,85.926,-4.890000000000001
2026-08-15 12:45:00+00:00,81.021,85.933,-4.912000000000006
2026-08-15 13:00:00+00:00,81.008,85.925,-4.917000000000002
2026-08-15 13:15:00+00:00,81.03,85.922,-4.891999999999996
2026-08-15 13:30:00+00:00,81.049,85.893,-4.843999999999994
2026-08-15 13:45:00+00:00,81.047,85.903,-4.856000000000009
2026-08-15 14:00:00+00:00,81.02,85.9,-4.88000000000001
2026-08-15 14:15:00+00:00,80.919,85.89,-4.971000000000004
2026-08-15 14:30:00+00:00,80.89,85.898,-5.007999999999996
2026-08-15 14:45:00+00:00,80.944,85.917,-4.972999999999999
2026-08-15 15:00:00+00:00,80.935,85.912,-4.977000000000004
2026-08-15 15:15:00+00:00,80.921,85.902,-4.9809999999999945
2026-08-15 15:30:00+00:00,80.869,85.901,-5.0319999999999965
2026-08-15 15:45:00+00:00,80.956,85.973,-5.016999999999996
2026-08-15 16:00:00+00:00,80.9,85.903,-5.003
2026-08-15 16:15:00+00:00,80.929,85.902,-4.972999999999999
2026-08-15 16:30:00+00:00,81.008,85.956,-4.9480000000000075
2026-08-15 16:45:00+00:00,80.95,85.893,-4.942999999999998
2026-08-15 17:00:00+00:00,80.989,85.936,-4.947000000000003
2026-08-15 17:15:00+00:00,81.047,86.014,-4.966999999999999
2026-08-15 17:30:00+00:00,81.081,86.034,-4.953000000000003
2026-08-15 17:45:00+00:00,81.097,86.004,-4.907000000000011
2026-08-15 18:00:00+00:00,81.126,86.08,-4.9539999999999935
2026-08-15 18:15:00+00:00,81.161,86.121,-4.959999999999994
2026-08-15 18:30:00+00:00,81.14,86.115,-4.974999999999994
2026-08-15 18:45:00+00:00,81.206,86.215,-5.009
2026-08-15 19:00:00+00:00,81.249,86.237,-4.9879999999999995
2026-08-15 19:15:00+00:00,81.319,86.352,-5.033000000000001
2026-08-15 19:30:00+00:00,81.374,86.405,-5.031000000000006
2026-08-15 19:45:00+00:00,81.428,86.445,-5.016999999999996
2026-08-15 20:00:00+00:00,81.309,86.306,-4.997
2026-08-15 20:15:00+00:00,81.372,86.27,-4.897999999999996
2026-08-15 20:30:00+00:00,81.342,86.282,-4.939999999999998
2026-08-15 20:45:00+00:00,81.145,86.162,-5.01700000000001
2026-08-15 21:00:00+00:00,81.16,86.182,-5.022000000000006
2026-08-15 21:15:00+00:00,81.176,86.199,-5.022999999999996
2026-08-15 21:30:00+00:00,81.139,86.167,-5.028000000000006
2026-08-15 21:45:00+00:00,81.041,86.041,-5.0
2026-08-15 22:00:00+00:00,81.067,86.076,-5.009
2026-08-15 22:15:00+00:00,81.035,86.051,-5.016000000000005
2026-08-15 22:30:00+00:00,81.052,86.05,-4.9979999999999905
2026-08-15 22:45:00+00:00,81.083,86.075,-4.992000000000004
2026-08-15 23:00:00+00:00,81.088,86.107,-5.0190000000000055
2026-08-15 23:15:00+00:00,81.178,86.233,-5.055000000000007
2026-08-15 23:30:00+00:00,81.118,86.178,-5.060000000000002
2026-08-15 23:45:00+00:00,81.035,86.103,-5.067999999999998
2026-08-16 00:00:00+00:00,81.05,86.137,-5.087000000000003
2026-08-16 00:15:00+00:00,81.064,86.148,-5.084000000000003
2026-08-16 00:30:00+00:00,81.077,86.164,-5.087000000000003
2026-08-16 00:45:00+00:00,81.101,86.148,-5.046999999999997
2026-08-16 01:00:00+00:00,81.136,86.185,-5.049000000000007
2026-08-16 01:15:00+00:00,81.211,86.291,-5.079999999999998
2026-08-16 01:30:00+00:00,81.38,86.397,-5.01700000000001
2026-08-16 01:45:00+00:00,81.315,86.39,-5.075000000000003
2026-08-16 02:00:00+00:00,81.435,86.45,-5.015000000000001
2026-08-16 02:15:00+00:00,81.402,86.383,-4.9809999999999945
2026-08-16 02:30:00+00:00,81.09,86.072,-4.981999999999999
2026-08-16 02:45:00+00:00,81.189,86.264,-5.075000000000003
2026-08-16 03:00:00+00:00,81.288,86.346,-5.058000000000007
2026-08-16 03:15:00+00:00,81.279,86.324,-5.045000000000002
2026-08-16 03:30:00+00:00,81.252,86.315,-5.063000000000002
2026-08-16 03:45:00+00:00,81.241,86.273,-5.0319999999999965
2026-08-16 04:00:00+00:00,81.311,86.332,-5.020999999999987
2026-08-16 04:15:00+00:00,81.279,86.294,-5.015000000000001
2026-08-16 04:30:00+00:00,81.226,86.221,-4.9950000000000045
2026-08-16 04:45:00+00:00,81.173,86.184,-5.010999999999996
2026-08-16 05:00:00+00:00,81.192,86.184,-4.992000000000004
2026-08-16 05:15:00+00:00,81.193,86.163,-4.969999999999999
2026-08-16 05:30:00+00:00,81.167,86.125,-4.957999999999998
2026-08-16 05:45:00+00:00,81.22,86.207,-4.986999999999995
2026-08-16 06:00:00+00:00,81.249,86.241,-4.992000000000004
2026-08-16 06:15:00+00:00,81.186,86.178,-4.99199999999999
2026-08-16 06:30:00+00:00,81.185,86.177,-4.992000000000004
2026-08-16 06:45:00+00:00,81.171,86.193,-5.021999999999991
2026-08-16 07:00:00+00:00,81.161,86.132,-4.971000000000004
2026-08-16 07:15:00+00:00,81.125,86.112,-4.986999999999995
2026-08-16 07:30:00+00:00,81.179,86.178,-4.998999999999995
2026-08-16 07:45:00+00:00,81.241,86.228,-4.986999999999995
2026-08-16 08:00:00+00:00,81.249,86.238,-4.989000000000004
2026-08-16 08:15:00+00:00,81.25,86.226,-4.975999999999999
2026-08-16 08:30:00+00:00,81.244,86.22,-4.975999999999999
2026-08-16 08:45:00+00:00,81.349,86.33,-4.9809999999999945
2026-08-16 09:00:00+00:00,81.29,86.276,-4.98599999999999
2026-08-16 09:15:00+00:00,81.28,86.238,-4.957999999999998
2026-08-16 09:30:00+00:00,81.209,86.175,-4.965999999999994
2026-08-16 09:45:00+00:00,81.253,86.21,-4.956999999999994
2026-08-16 10:00:00+00:00,81.218,86.196,-4.977999999999994
2026-08-16 10:15:00+00:00,81.218,86.173,-4.954999999999998
2026-08-16 10:30:00+00:00,81.201,86.159,-4.958000000000013
2026-08-16 10:45:00+00:00,81.2,86.167,-4.966999999999999
2026-08-16 11:00:00+00:00,81.215,86.23,-5.015000000000001
2026-08-16 11:15:00+00:00,81.207,86.197,-4.990000000000009
2026-08-16 11:30:00+00:00,81.221,86.233,-5.0120000000000005
2026-08-16 11:45:00+00:00,81.224,86.196,-4.971999999999994
2026-08-16 12:00:00+00:00,81.262,86.27,-5.007999999999996
2026-08-16 12:15:00+00:00,81.273,86.235,-4.962000000000003
2026-08-16 12:30:00+00:00,81.269,86.247,-4.977999999999994
2026-08-16 12:45:00+00:00,81.23,86.259,-5.028999999999996
2026-08-16 13:00:00+00:00,81.217,86.244,-5.027000000000001
2026-08-16 13:15:00+00:00,81.165,86.176,-5.010999999999996
2026-08-16 13:30:00+00:00,81.124,86.134,-5.010000000000005
2026-08-16 13:45:00+00:00,81.126,86.148,-5.021999999999991
2026-08-16 14:00:00+00:00,81.193,86.209,-5.016000000000005
2026-08-16 14:15:00+00:00,81.167,86.137,-4.969999999999999
2026-08-16 14:30:00+00:00,81.108,86.132,-5.024000000000001
2026-08-16 14:45:00+00:00,81.099,86.124,-5.0249999999999915
2026-08-16 15:00:00+00:00,81.18,86.192,-5.011999999999986
2026-08-16 15:15:00+00:00,81.15,86.151,-5.000999999999991
2026-08-16 15:30:00+00:00,81.147,86.128,-4.9809999999999945
2026-08-16 15:45:00+00:00,81.263,86.241,-4.977999999999994
2026-08-16 16:00:00+00:00,81.221,86.189,-4.967999999999989
2026-08-16 16:15:00+00:00,81.192,86.166,-4.974000000000004
2026-08-16 16:30:00+00:00,81.169,86.135,-4.966000000000008
2026-08-16 16:45:00+00:00,81.168,86.17,-5.001999999999995
2026-08-16 17:00:00+00:00,81.272,86.241,-4.968999999999994
2026-08-16 17:15:00+00:00,81.246,86.23,-4.984000000000009
2026-08-16 17:30:00+00:00,81.295,86.262,-4.966999999999999
2026-08-16 17:45:00+00:00,81.291,86.278,-4.987000000000009
2026-08-16 18:00:00+00:00,81.324,86.306,-4.981999999999999
2026-08-16 18:15:00+00:00,81.39,86.358,-4.9680000000000035
2026-08-16 18:30:00+00:00,81.417,86.378,-4.9609999999999985
2026-08-16 18:45:00+00:00,81.48,86.506,-5.025999999999996
2026-08-16 19:00:00+00:00,81.391,86.444,-5.052999999999997
2026-08-16 19:15:00+00:00,81.499,86.513,-5.01400000000001
2026-08-16 19:30:00+00:00,81.539,86.585,-5.045999999999992
2026-08-16 19:45:00+00:00,81.48,86.487,-5.006999999999991
2026-08-16 20:00:00+00:00,81.395,86.429,-5.034000000000006
2026-08-16 20:15:00+00:00,81.567,86.58,-5.013000000000005
2026-08-16 20:30:00+00:00,81.543,86.503,-4.959999999999994
2026-08-16 20:45:00+00:00,81.508,86.453,-4.945000000000007
2026-08-16 21:00:00+00:00,81.491,86.455,-4.963999999999999
2026-08-16 21:15:00+00:00,81.446,86.407,-4.9609999999999985
2026-08-16 21:30:00+00:00,81.496,86.463,-4.966999999999999
2026-08-16 21:45:00+00:00,81.492,86.525,-5.033000000000001
2026-08-16 22:00:00+00:00,81.677,86.728,-5.050999999999988
2026-08-16 22:15:00+00:00,81.607,86.595,-4.9879999999999995
2026-08-16 22:30:00+00:00,81.447,86.425,-4.977999999999994
2026-08-16 22:45:00+00:00,81.525,86.503,-4.977999999999994
2026-08-16 23:00:00+00:00,81.54,86.535,-4.99499999999999
2026-08-16 23:15:00+00:00,81.634,86.606,-4.971999999999994
2026-08-16 23:30:00+00:00,81.582,86.597,-5.015000000000001
2026-08-16 23:45:00+00:00,81.527,86.545,-5.018000000000001
2026-08-17 00:00:00+00:00,81.302,86.36,-5.057999999999993
2026-08-17 00:15:00+00:00,81.391,86.426,-5.034999999999997
2026-08-17 00:30:00+00:00,81.383,86.463,-5.079999999999998
2026-08-17 00:45:00+00:00,81.113,86.168,-5.055000000000007
2026-08-17 01:00:00+00:00,81.339,86.346,-5.007000000000005
2026-08-17 01:15:00+00:00,81.568,86.619,-5.051000000000002
2026-08-17 01:30:00+00:00,81.958,86.951,-4.992999999999995
2026-08-17 01:45:00+00:00,81.761,86.833,-5.072000000000003
2026-08-17 02:00:00+00:00,82.124,87.147,-5.02300000000001
2026-08-17 02:15:00+00:00,82.011,87.035,-5.024000000000001
2026-08-17 02:30:00+00:00,81.713,86.783,-5.070000000000007
2026-08-17 02:45:00+00:00,81.628,86.735,-5.106999999999999
2026-08-17 03:00:00+00:00,81.505,86.59,-5.085000000000008
2026-08-17 03:15:00+00:00,81.6,86.669,-5.069000000000003
2026-08-17 03:30:00+00:00,81.731,86.793,-5.062000000000012
2026-08-17 03:45:00+00:00,81.37,86.476,-5.1059999999999945
2026-08-17 04:00:00+00:00,81.33,86.413,-5.082999999999998
2026-08-17 04:15:00+00:00,81.508,86.591,-5.082999999999998
2026-08-17 04:30:00+00:00,81.417,86.492,-5.075000000000003
2026-08-17 04:45:00+00:00,81.323,86.431,-5.108000000000004
2026-08-17 05:00:00+00:00,81.398,86.472,-5.073999999999998
2026-08-17 05:15:00+00:00,81.351,86.452,-5.100999999999999
2026-08-17 05:30:00+00:00,81.33,86.413,-5.082999999999998
2026-08-17 05:45:00+00:00,81.099,86.204,-5.10499999999999
2026-08-17 06:00:00+00:00,81.144,86.269,-5.125
2026-08-17 06:15:00+00:00,81.081,86.252,-5.170999999999992
2026-08-17 06:30:00+00:00,81.109,86.358,-5.249000000000009
2026-08-17 06:45:00+00:00,81.138,86.356,-5.217999999999989
2026-08-17 07:00:00+00:00,81.062,86.311,-5.249000000000009
2026-08-17 07:15:00+00:00,81.076,86.313,-5.237000000000009
2026-08-17 07:30:00+00:00,81.036,86.264,-5.227999999999994
2026-08-17 07:45:00+00:00,81.254,86.525,-5.271000000000001
2026-08-17 08:00:00+00:00,81.437,86.716,-5.278999999999996
2026-08-17 08:15:00+00:00,81.419,86.728,-5.3089999999999975
2026-08-17 08:30:00+00:00,81.545,86.808,-5.263000000000005
2026-08-17 08:45:00+00:00,81.705,86.959,-5.254000000000005
2026-08-17 09:00:00+00:00,81.859,87.056,-5.197000000000003
2026-08-17 09:15:00+00:00,81.822,86.997,-5.174999999999997
2026-08-17 09:30:00+00:00,82.015,87.178,-5.162999999999997
2026-08-17 09:45:00+00:00,82.145,87.265,-5.1200000000000045
2026-08-17 10:00:00+00:00,82.297,87.357,-5.060000000000002
2026-08-17 10:15:00+00:00,81.262,86.336,-5.073999999999998
2026-08-17 10:30:00+00:00,82.044,87.149,-5.105000000000004
2026-08-17 10:45:00+00:00,82.033,87.121,-5.087999999999994
2026-08-17 11:00:00+00:00,82.018,87.137,-5.119
2026-08-17 11:15:00+00:00,81.876,87.007,-5.131
2026-08-17 11:30:00+00:00,81.755,86.867,-5.112000000000009
2026-08-17 11:45:00+00:00,81.664,86.787,-5.123000000000005
2026-08-17 12:00:00+00:00,81.555,86.666,-5.11099999999999
2026-08-17 12:15:00+00:00,82.045,87.197,-5.152000000000001
2026-08-17 12:30:00+00:00,82.133,87.248,-5.115000000000009
2026-08-17 12:45:00+00:00,82.195,87.344,-5.149000000000001
2026-08-17 13:00:00+00:00,81.838,86.948,-5.109999999999999
2026-08-17 13:15:00+00:00,81.933,87.105,-5.171999999999997
2026-08-17 13:30:00+00:00,81.92,87.13,-5.209999999999994
2026-08-17 13:45:00+00:00,81.801,87.036,-5.234999999999999
2026-08-17 14:00:00+00:00,81.632,86.928,-5.295999999999992
2026-08-17 14:15:00+00:00,81.583,86.86,-5.277000000000001
2026-08-17 14:30:00+00:00,81.6,86.926,-5.326000000000008
2026-08-17 14:45:00+00:00,81.395,86.738,-5.3430000000000035
2026-08-17 15:00:00+00:00,81.612,86.89,-5.278000000000006
2026-08-17 15:15:00+00:00,81.83,87.032,-5.201999999999998
2026-08-17 15:30:00+00:00,81.943,87.153,-5.210000000000008
2026-08-17 15:45:00+00:00,82.058,87.269,-5.2109999999999985
2026-08-17 16:00:00+00:00,81.695,87.022,-5.327000000000012
2026-08-17 16:15:00+00:00,81.86,87.126,-5.266000000000005
2026-08-17 16:30:00+00:00,82.036,87.29,-5.254000000000005
2026-08-17 16:45:00+00:00,82.168,87.487,-5.318999999999988
2026-08-17 17:00:00+00:00,82.629,87.915,-5.286000000000001
2026-08-17 17:15:00+00:00,83.13,88.418,-5.288000000000011
2026-08-17 17:30:00+00:00,83.331,88.59,-5.259
2026-08-17 17:45:00+00:00,83.956,89.204,-5.2479999999999905
2026-08-17 18:00:00+00:00,83.825,89.042,-5.216999999999999
2026-08-17 18:15:00+00:00,83.692,88.955,-5.263000000000005
2026-08-17 18:30:00+00:00,83.449,88.686,-5.237000000000009
2026-08-17 18:45:00+00:00,83.482,88.708,-5.225999999999999
2026-08-17 19:00:00+00:00,83.547,88.78,-5.233000000000004
2026-08-17 19:15:00+00:00,83.649,88.86,-5.2109999999999985
2026-08-17 19:30:00+00:00,83.632,88.827,-5.194999999999993
2026-08-17 19:45:00+00:00,83.828,89.01,-5.182000000000002
2026-08-17 20:00:00+00:00,83.88,89.015,-5.135000000000005
2026-08-17 20:15:00+00:00,84.017,89.136,-5.119
2026-08-17 20:30:00+00:00,84.09,89.203,-5.1129999999999995
2026-08-17 20:45:00+00:00,84.141,89.248,-5.106999999999999
2026-08-17 21:00:00+00:00,83.988,89.136,-5.147999999999996
2026-08-17 21:15:00+00:00,84.02,89.095,-5.075000000000003
2026-08-17 21:30:00+00:00,83.941,89.046,-5.105000000000004
2026-08-17 21:45:00+00:00,84.16,89.328,-5.168000000000006
2026-08-17 22:00:00+00:00,84.433,89.565,-5.131999999999991
2026-08-17 22:15:00+00:00,84.254,89.407,-5.152999999999992
2026-08-17 22:30:00+00:00,84.28,89.402,-5.122
2026-08-17 22:45:00+00:00,84.171,89.287,-5.116
2026-08-17 23:00:00+00:00,84.221,89.337,-5.116
2026-08-17 23:15:00+00:00,84.211,89.314,-5.102999999999994
2026-08-17 23:30:00+00:00,84.105,89.235,-5.1299999999999955
2026-08-17 23:45:00+00:00,84.06,89.209,-5.149000000000001
2026-08-18 00:00:00+00:00,84.082,89.225,-5.143000000000001
2026-08-18 00:15:00+00:00,84.041,89.222,-5.180999999999997
2026-08-18 00:30:00+00:00,84.005,89.154,-5.149000000000001
2026-08-18 00:45:00+00:00,83.916,89.059,-5.143000000000001
2026-08-18 01:00:00+00:00,83.909,89.036,-5.126999999999995
2026-08-18 01:15:00+00:00,84.048,89.204,-5.155999999999992
2026-08-18 01:30:00+00:00,84.135,89.311,-5.176000000000002
2026-08-18 01:45:00+00:00,84.094,89.263,-5.169000000000011
2026-08-18 02:00:00+00:00,84.145,89.366,-5.221000000000004
2026-08-18 02:15:00+00:00,84.103,89.289,-5.186000000000007
2026-08-18 02:30:00+00:00,84.215,89.398,-5.182999999999993
2026-08-18 02:45:00+00:00,84.201,89.371,-5.170000000000002
2026-08-18 03:00:00+00:00,84.351,89.51,-5.159000000000006
2026-08-18 03:15:00+00:00,84.21,89.39,-5.180000000000007
2026-08-18 03:30:00+00:00,84.265,89.425,-5.159999999999997
2026-08-18 03:45:00+00:00,84.455,89.601,-5.146000000000001
2026-08-18 04:00:00+00:00,84.423,89.58,-5.1569999999999965
2026-08-18 04:15:00+00:00,84.387,89.54,-5.153000000000006
2026-08-18 04:30:00+00:00,84.331,89.494,-5.162999999999997
2026-08-18 04:45:00+00:00,84.319,89.48,-5.161000000000001
2026-08-18 05:00:00+00:00,84.405,89.54,-5.135000000000005
2026-08-18 05:15:00+00:00,84.442,89.57,-5.128
2026-08-18 05:30:00+00:00,84.317,89.43,-5.113000000000014
2026-08-18 05:45:00+00:00,84.307,89.428,-5.120999999999995
2026-08-18 06:00:00+00:00,84.564,89.692,-5.128
2026-08-18 06:15:00+00:00,84.654,89.757,-5.103000000000009
2026-08-18 06:30:00+00:00,84.721,89.83,-5.108999999999995
2026-08-18 06:45:00+00:00,84.395,89.508,-5.1129999999999995
2026-08-18 07:00:00+00:00,84.217,89.323,-5.1059999999999945
2026-08-18 07:15:00+00:00,84.043,89.08,-5.036999999999992
2026-08-18 07:30:00+00:00,84.285,89.295,-5.010000000000005
2026-08-18 07:45:00+00:00,84.394,89.408,-5.013999999999996
2026-08-18 08:00:00+00:00,84.375,89.368,-4.992999999999995
2026-08-18 08:15:00+00:00,84.351,89.399,-5.048000000000002
2026-08-18 08:30:00+00:00,84.08,89.155,-5.075000000000003
2026-08-18 08:45:00+00:00,84.128,89.21,-5.081999999999994
2026-08-18 09:00:00+00:00,84.14,89.226,-5.0859999999999985
2026-08-18 09:15:00+00:00,84.226,89.292,-5.0660000000000025
2026-08-18 09:30:00+00:00,84.108,89.163,-5.054999999999993
2026-08-18 09:45:00+00:00,84.051,89.12,-5.069000000000003
2026-08-18 10:00:00+00:00,84.187,89.215,-5.028000000000006
2026-08-18 10:15:00+00:00,84.225,89.267,-5.042000000000002
2026-08-18 10:30:00+00:00,83.929,88.997,-5.067999999999998
2026-08-18 10:45:00+00:00,84.007,89.133,-5.125999999999991
2026-08-18 11:00:00+00:00,84.019,89.168,-5.149000000000001
2026-08-18 11:15:00+00:00,84.052,89.216,-5.163999999999987
2026-08-18 11:30:00+00:00,84.028,89.186,-5.158000000000001
2026-08-18 11:45:00+00:00,84.176,89.373,-5.197000000000003
2026-08-18 12:00:00+00:00,84.382,89.595,-5.212999999999994
2026-08-18 12:15:00+00:00,84.281,89.45,-5.168999999999997
2026-08-18 12:30:00+00:00,84.38,89.505,-5.125
2026-08-18 12:45:00+00:00,84.405,89.578,-5.173000000000002
2026-08-18 13:00:00+00:00,84.364,89.435,-5.070999999999998
2026-08-18 13:15:00+00:00,84.741,89.762,-5.021000000000001
2026-08-18 13:30:00+00:00,84.349,89.436,-5.087000000000003
2026-08-18 13:45:00+00:00,84.573,89.649,-5.076000000000008
2026-08-18 14:00:00+00:00,84.167,89.324,-5.1569999999999965
2026-08-18 14:15:00+00:00,83.982,89.214,-5.231999999999999
2026-08-18 14:30:00+00:00,84.016,89.317,-5.300999999999988
2026-08-18 14:45:00+00:00,84.527,89.833,-5.305999999999997
2026-08-18 15:00:00+00:00,84.247,89.525,-5.278000000000006
2026-08-18 15:15:00+00:00,84.8,90.18,-5.38000000000001
2026-08-18 15:30:00+00:00,84.876,90.238,-5.361999999999995
2026-08-18 15:45:00+00:00,84.744,90.078,-5.334000000000003
2026-08-18 16:00:00+00:00,84.43,89.823,-5.3929999999999865
2026-08-18 16:15:00+00:00,84.464,89.853,-5.388999999999996
2026-08-18 16:30:00+00:00,84.398,89.8,-5.402000000000001
2026-08-18 16:45:00+00:00,84.221,89.65,-5.429000000000002
2026-08-18 17:00:00+00:00,84.303,89.726,-5.423000000000002
2026-08-18 17:15:00+00:00,84.215,89.664,-5.448999999999998
2026-08-18 17:30:00+00:00,84.238,89.647,-5.409000000000006
2026-08-18 17:45:00+00:00,84.089,89.486,-5.397000000000006
2026-08-18 18:00:00+00:00,83.993,89.364,-5.371000000000009
2026-08-18 18:15:00+00:00,84.027,89.366,-5.338999999999999
2026-08-18 18:30:00+00:00,84.129,89.487,-5.35799999999999
2026-08-18 18:45:00+00:00,84.127,89.419,-5.292000000000002
2026-08-18 19:00:00+00:00,84.162,89.487,-5.324999999999989
2026-08-18 19:15:00+00:00,84.116,89.434,-5.317999999999998
2026-08-18 19:30:00+00:00,84.042,89.383,-5.340999999999994
2026-08-18 19:45:00+00:00,84.12,89.404,-5.283999999999992
2026-08-18 20:00:00+00:00,84.235,89.525,-5.290000000000006
2026-08-18 20:15:00+00:00,84.239,89.532,-5.292999999999992
2026-08-18 20:30:00+00:00,84.437,89.701,-5.263999999999996
2026-08-18 20:45:00+00:00,84.395,89.676,-5.281000000000006
2026-08-18 21:00:00+00:00,84.304,89.561,-5.257000000000005
2026-08-18 21:15:00+00:00,84.365,89.598,-5.233000000000004
2026-08-18 21:30:00+00:00,84.316,89.592,-5.275999999999996
2026-08-18 21:45:00+00:00,84.32,89.601,-5.281000000000006
2026-08-18 22:00:00+00:00,84.52,89.764,-5.244
2026-08-18 22:15:00+00:00,84.458,89.672,-5.213999999999999
2026-08-18 22:30:00+00:00,84.483,89.718,-5.234999999999999
2026-08-18 22:45:00+00:00,84.452,89.704,-5.251999999999995
2026-08-18 23:00:00+00:00,84.511,89.712,-5.201000000000008
2026-08-18 23:15:00+00:00,84.502,89.729,-5.227000000000004
2026-08-18 23:30:00+00:00,84.51,89.722,-5.211999999999989
2026-08-18 23:45:00+00:00,84.528,89.771,-5.242999999999995
2026-08-19 00:00:00+00:00,84.499,89.749,-5.25
2026-08-19 00:15:00+00:00,84.832,90.087,-5.25500000000001
2026-08-19 00:30:00+00:00,84.743,89.987,-5.244
2026-08-19 00:45:00+00:00,84.761,90.011,-5.25
2026-08-19 01:00:00+00:00,84.877,90.178,-5.301000000000002
2026-08-19 01:15:00+00:00,84.919,90.227,-5.308000000000007
2026-08-19 01:30:00+00:00,84.922,90.219,-5.296999999999997
2026-08-19 01:45:00+00:00,85.018,90.336,-5.317999999999998
2026-08-19 02:00:00+00:00,84.94,90.261,-5.320999999999998
2026-08-19 02:15:00+00:00,84.852,90.157,-5.304999999999993
2026-08-19 02:30:00+00:00,84.775,89.99,-5.214999999999989
2026-08-19 02:45:00+00:00,84.756,90.043,-5.287000000000006
2026-08-19 03:00:00+00:00,84.852,90.165,-5.313000000000002
2026-08-19 03:15:00+00:00,84.796,90.13,-5.333999999999989
2026-08-19 03:30:00+00:00,84.636,89.97,-5.334000000000003
2026-08-19 03:45:00+00:00,84.695,90.048,-5.353000000000009
2026-08-19 04:00:00+00:00,84.814,90.125,-5.311000000000007
2026-08-19 04:15:00+00:00,84.711,90.024,-5.313000000000002
2026-08-19 04:30:00+00:00,84.692,90.0,-5.308000000000007
2026-08-19 04:45:00+00:00,84.612,89.962,-5.3500000000000085
2026-08-19 05:00:00+00:00,84.587,89.906,-5.319000000000003
2026-08-19 05:15:00+00:00,84.603,89.924,-5.321000000000012
2026-08-19 05:30:00+00:00,84.731,90.091,-5.359999999999999
2026-08-19 05:45:00+00:00,84.807,90.126,-5.319000000000003
2026-08-19 06:00:00+00:00,84.785,90.1,-5.314999999999998
2026-08-19 06:15:00+00:00,84.595,89.922,-5.326999999999998
2026-08-19 06:30:00+00:00,84.616,89.946,-5.329999999999998
2026-08-19 06:45:00+00:00,84.56,89.86,-5.299999999999997
2026-08-19 07:00:00+00:00,84.767,90.107,-5.340000000000003
2026-08-19 07:15:00+00:00,84.51,89.824,-5.313999999999993
2026-08-19 07:30:00+00:00,84.426,89.743,-5.316999999999993
2026-08-19 07:45:00+00:00,84.706,90.041,-5.334999999999994
2026-08-19 08:00:00+00:00,84.619,89.997,-5.378
2026-08-19 08:15:00+00:00,84.316,89.667,-5.350999999999999
2026-08-19 08:30:00+00:00,84.398,89.721,-5.3230000000000075
2026-08-19 08:45:00+00:00,84.979,90.285,-5.305999999999997
2026-08-19 09:00:00+00:00,85.273,90.582,-5.3089999999999975
2026-08-19 09:15:00+00:00,84.922,90.149,-5.227000000000004
2026-08-19 09:30:00+00:00,85.021,90.324,-5.302999999999997
2026-08-19 09:45:00+00:00,85.049,90.369,-5.319999999999993
2026-08-19 10:00:00+00:00,85.062,90.361,-5.299000000000007
2026-08-19 10:15:00+00:00,85.128,90.428,-5.299999999999997
2026-08-19 10:30:00+00:00,85.014,90.286,-5.272000000000006
2026-08-19 10:45:00+00:00,84.905,90.189,-5.283999999999992
2026-08-19 11:00:00+00:00,84.833,90.12,-5.287000000000006
2026-08-19 11:15:00+00:00,84.701,89.981,-5.280000000000001
2026-08-19 11:30:00+00:00,84.85,90.125,-5.275000000000006
2026-08-19 11:45:00+00:00,84.665,89.928,-5.262999999999991
2026-08-19 12:00:00+00:00,84.653,89.904,-5.250999999999991
2026-08-19 12:15:00+00:00,84.436,89.75,-5.313999999999993
2026-08-19 12:30:00+00:00,83.967,89.341,-5.373999999999995
2026-08-19 12:45:00+00:00,83.966,89.325,-5.359000000000009
2026-08-19 13:00:00+00:00,84.234,89.525,-5.291000000000011
2026-08-19 13:15:00+00:00,84.424,89.683,-5.259
2026-08-19 13:30:00+00:00,84.404,89.65,-5.246000000000009
2026-08-19 13:45:00+00:00,84.529,89.784,-5.25500000000001
2026-08-19 14:00:00+00:00,84.732,89.909,-5.177000000000007
2026-08-19 14:15:00+00:00,84.816,89.997,-5.180999999999997
2026-08-19 14:30:00+00:00,84.758,90.0,-5.242000000000004
2026-08-19 14:45:00+00:00,84.864,90.1,-5.23599999999999
2026-08-19 15:00:00+00:00,85.12,90.35,-5.22999999999999
2026-08-19 15:15:00+00:00,85.301,90.516,-5.215000000000003
2026-08-19 15:30:00+00:00,85.198,90.488,-5.290000000000006
2026-08-19 15:45:00+00:00,85.203,90.485,-5.2819999999999965
2026-08-19 16:00:00+00:00,85.46,90.622,-5.162000000000006
2026-08-19 16:15:00+00:00,85.279,90.44,-5.161000000000001
2026-08-19 16:30:00+00:00,85.377,90.516,-5.13900000000001
2026-08-19 16:45:00+00:00,85.568,90.703,-5.135000000000005
2026-08-19 17:00:00+00:00,85.633,90.681,-5.048000000000002
2026-08-19 17:15:00+00:00,85.362,90.485,-5.123000000000005
2026-08-19 17:30:00+00:00,85.038,90.23,-5.192000000000007
2026-08-19 17:45:00+00:00,85.131,90.309,-5.177999999999997
2026-08-19 18:00:00+00:00,84.845,90.066,-5.221000000000004
2026-08-19 18:15:00+00:00,84.283,89.636,-5.352999999999994
2026-08-19 18:30:00+00:00,84.191,89.519,-5.328000000000003
2026-08-19 18:45:00+00:00,84.372,89.715,-5.3430000000000035
2026-08-19 19:00:00+00:00,84.353,89.679,-5.326000000000008
2026-08-19 19:15:00+00:00,84.026,89.389,-5.3629999999999995
2026-08-19 19:30:00+00:00,83.964,89.349,-5.385000000000005
2026-08-19 19:45:00+00:00,84.245,89.61,-5.364999999999995
2026-08-19 20:00:00+00:00,84.169,89.527,-5.358000000000004
2026-08-19 20:15:00+00:00,84.276,89.616,-5.340000000000003
2026-08-19 20:30:00+00:00,84.311,89.683,-5.372
2026-08-19 20:45:00+00:00,84.381,89.689,-5.307999999999993
2026-08-19 21:00:00+00:00,84.604,89.895,-5.290999999999997
2026-08-19 21:15:00+00:00,84.525,89.856,-5.330999999999989
2026-08-19 21:30:00+00:00,84.565,89.822,-5.257000000000005
2026-08-19 21:45:00+00:00,84.401,89.688,-5.287000000000006
2026-08-19 22:00:00+00:00,84.435,89.652,-5.216999999999999
2026-08-19 22:15:00+00:00,84.38,89.585,-5.204999999999998
2026-08-19 22:30:00+00:00,84.299,89.483,-5.1839999999999975
2026-08-19 22:45:00+00:00,84.534,89.78,-5.245999999999995
2026-08-19 23:00:00+00:00,84.499,89.843,-5.344000000000008
2026-08-19 23:15:00+00:00,84.515,89.826,-5.310999999999993
2026-08-19 23:30:00+00:00,84.315,89.688,-5.373000000000005
2026-08-19 23:45:00+00:00,84.311,89.627,-5.315999999999988
2026-08-20 00:00:00+00:00,84.544,89.923,-5.379000000000005
2026-08-20 00:15:00+00:00,84.549,89.927,-5.378
2026-08-20 00:30:00+00:00,84.572,89.951,-5.378999999999991
2026-08-20 00:45:00+00:00,84.625,90.004,-5.379000000000005
2026-08-20 01:00:00+00:00,84.885,90.28,-5.394999999999996
2026-08-20 01:15:00+00:00,84.622,89.978,-5.3559999999999945
2026-08-20 01:30:00+00:00,84.715,90.087,-5.372
2026-08-20 01:45:00+00:00,84.789,90.152,-5.3629999999999995
2026-08-20 02:00:00+00:00,84.602,90.012,-5.409999999999997
2026-08-20 02:15:00+00:00,84.597,89.999,-5.402000000000001
2026-08-20 02:30:00+00:00,84.424,89.831,-5.4069999999999965
2026-08-20 02:45:00+00:00,84.455,89.848,-5.393000000000001
2026-08-20 03:00:00+00:00,84.429,89.803,-5.373999999999995
2026-08-20 03:15:00+00:00,84.345,89.723,-5.378
2026-08-20 03:30:00+00:00,84.52,89.857,-5.337000000000003
2026-08-20 03:45:00+00:00,84.454,89.794,-5.340000000000003
2026-08-20 04:00:00+00:00,84.555,89.874,-5.318999999999988
2026-08-20 04:15:00+00:00,84.609,89.95,-5.341000000000008
2026-08-20 04:30:00+00:00,84.573,89.893,-5.320000000000007
2026-08-20 04:45:00+00:00,84.468,89.802,-5.334000000000003
2026-08-20 05:00:00+00:00,84.416,89.771,-5.355000000000004
2026-08-20 05:15:00+00:00,84.346,89.711,-5.364999999999995
2026-08-20 05:30:00+00:00,84.48,89.874,-5.393999999999991
2026-08-20 05:45:00+00:00,84.527,89.846,-5.319000000000003
2026-08-20 06:00:00+00:00,84.515,89.814,-5.298999999999992
2026-08-20 06:15:00+00:00,84.665,89.962,-5.296999999999997
2026-08-20 06:30:00+00:00,84.721,90.064,-5.342999999999989
2026-08-20 06:45:00+00:00,84.883,90.18,-5.297000000000011
2026-08-20 07:00:00+00:00,85.19,90.443,-5.253
2026-08-20 07:15:00+00:00,85.549,90.798,-5.248999999999995
2026-08-20 07:30:00+00:00,85.708,91.011,-5.302999999999997
2026-08-20 07:45:00+00:00,85.606,90.834,-5.228000000000009
2026-08-20 08:00:00+00:00,85.526,90.764,-5.2379999999999995
2026-08-20 08:15:00+00:00,86.123,91.382,-5.259
2026-08-20 08:30:00+00:00,86.291,91.564,-5.272999999999996
2026-08-20 08:45:00+00:00,86.342,91.587,-5.2450000000000045
2026-08-20 09:00:00+00:00,86.51,91.685,-5.174999999999997
2026-08-20 09:15:00+00:00,86.522,91.766,-5.244
2026-08-20 09:30:00+00:00,86.264,91.528,-5.26400000000001
2026-08-20 09:45:00+00:00,86.76,91.908,-5.147999999999996
2026-08-20 10:00:00+00:00,86.632,91.821,-5.188999999999993
2026-08-20 10:15:00+00:00,86.553,91.698,-5.144999999999996
2026-08-20 10:30:00+00:00,86.609,91.712,-5.103000000000009
2026-08-20 10:45:00+00:00,86.705,91.813,-5.108000000000004
2026-08-20 11:00:00+00:00,86.857,91.939,-5.081999999999994
2026-08-20 11:15:00+00:00,87.001,92.078,-5.076999999999998
2026-08-20 11:30:00+00:00,87.088,92.115,-5.027000000000001
2026-08-20 11:45:00+00:00,87.193,92.247,-5.054000000000002
2026-08-20 12:00:00+00:00,87.424,92.379,-4.954999999999998
2026-08-20 12:15:00+00:00,87.534,92.431,-4.896999999999991
2026-08-20 12:30:00+00:00,87.088,92.012,-4.924000000000007
2026-08-20 12:45:00+00:00,86.639,91.642,-5.003
2026-08-20 13:00:00+00:00,86.574,91.621,-5.046999999999997
2026-08-20 13:15:00+00:00,86.665,91.748,-5.082999999999998
2026-08-20 13:30:00+00:00,86.625,91.747,-5.122
2026-08-20 13:45:00+00:00,86.441,91.667,-5.225999999999999
2026-08-20 14:00:00+00:00,86.45,91.7,-5.25
2026-08-20 14:15:00+00:00,85.909,91.145,-5.23599999999999
2026-08-20 14:30:00+00:00,86.137,91.325,-5.188000000000002
2026-08-20 14:45:00+00:00,86.006,91.17,-5.1640000000000015
2026-08-20 15:00:00+00:00,86.246,91.326,-5.079999999999998
2026-08-20 15:15:00+00:00,86.504,91.576,-5.0719999999999885
2026-08-20 15:30:00+00:00,86.766,91.843,-5.076999999999998
2026-08-20 15:45:00+00:00,86.529,91.695,-5.165999999999997
2026-08-20 16:00:00+00:00,86.604,91.735,-5.131
2026-08-20 16:15:00+00:00,86.429,91.608,-5.179000000000002
2026-08-20 16:30:00+00:00,86.353,91.618,-5.265000000000001
2026-08-20 16:45:00+00:00,86.102,91.345,-5.242999999999995
2026-08-20 17:00:00+00:00,86.295,91.463,-5.167999999999992
2026-08-20 17:15:00+00:00,86.452,91.584,-5.132000000000005
2026-08-20 17:30:00+00:00,86.592,91.671,-5.079000000000008
2026-08-20 17:45:00+00:00,86.521,91.617,-5.096000000000004
2026-08-20 18:00:00+00:00,86.453,91.563,-5.109999999999999
2026-08-20 18:15:00+00:00,86.943,92.028,-5.085000000000008
2026-08-20 18:30:00+00:00,86.872,91.93,-5.058000000000007
2026-08-20 18:45:00+00:00,86.852,91.849,-4.997
2026-08-20 19:00:00+00:00,86.715,91.763,-5.048000000000002
2026-08-20 19:15:00+00:00,86.679,91.72,-5.040999999999997
2026-08-20 19:30:00+00:00,86.618,91.632,-5.01400000000001
2026-08-20 19:45:00+00:00,86.593,91.62,-5.027000000000001
2026-08-20 20:00:00+00:00,86.52,91.583,-5.063000000000002
2026-08-20 20:15:00+00:00,86.555,91.658,-5.102999999999994
2026-08-20 20:30:00+00:00,86.45,91.566,-5.116
2026-08-20 20:45:00+00:00,86.219,91.383,-5.1640000000000015
2026-08-20 21:00:00+00:00,86.299,91.433,-5.134
2026-08-20 21:15:00+00:00,86.334,91.464,-5.1299999999999955
2026-08-20 21:30:00+00:00,86.244,91.423,-5.179000000000002
2026-08-20 21:45:00+00:00,86.262,91.439,-5.1769999999999925
2026-08-20 22:00:00+00:00,86.308,91.457,-5.148999999999987
2026-08-20 22:15:00+00:00,86.247,91.417,-5.170000000000002
2026-08-20 22:30:00+00:00,86.254,91.422,-5.167999999999992
2026-08-20 22:45:00+00:00,86.282,91.442,-5.159999999999997
2026-08-20 23:00:00+00:00,86.276,91.444,-5.168000000000006
2026-08-20 23:15:00+00:00,86.306,91.524,-5.2180000000000035
2026-08-20 23:30:00+00:00,86.268,91.432,-5.1640000000000015
2026-08-20 23:45:00+00:00,86.177,91.366,-5.188999999999993
2026-08-21 00:00:00+00:00,86.252,91.419,-5.167000000000002
2026-08-21 00:15:00+00:00,86.174,91.339,-5.164999999999992
2026-08-21 00:30:00+00:00,86.277,91.458,-5.180999999999997
2026-08-21 00:45:00+00:00,86.369,91.54,-5.1710000000000065
2026-08-21 01:00:00+00:00,86.585,91.789,-5.204000000000008
2026-08-21 01:15:00+00:00,86.577,91.801,-5.224000000000004
2026-08-21 01:30:00+00:00,86.8,92.026,-5.225999999999999
2026-08-21 01:45:00+00:00,86.716,91.925,-5.209000000000003
2026-08-21 02:00:00+00:00,86.74,91.972,-5.231999999999999
2026-08-21 02:15:00+00:00,86.73,91.978,-5.2479999999999905
2026-08-21 02:30:00+00:00,86.617,91.886,-5.268999999999991
2026-08-21 02:45:00+00:00,86.486,91.765,-5.278999999999996
2026-08-21 03:00:00+00:00,86.384,91.671,-5.287000000000006
2026-08-21 03:15:00+00:00,86.35,91.616,-5.266000000000005
2026-08-21 03:30:00+00:00,86.533,91.784,-5.251000000000005
2026-08-21 03:45:00+00:00,86.458,91.685,-5.227000000000004
2026-08-21 04:00:00+00:00,86.464,91.693,-5.228999999999999
2026-08-21 04:15:00+00:00,86.502,91.735,-5.233000000000004
2026-08-21 04:30:00+00:00,86.453,91.675,-5.221999999999994
2026-08-21 04:45:00+00:00,86.229,91.47,-5.241
2026-08-21 05:00:00+00:00,86.223,91.459,-5.236000000000004
2026-08-21 05:15:00+00:00,86.445,91.687,-5.242000000000004
2026-08-21 05:30:00+00:00,86.424,91.667,-5.242999999999995
2026-08-21 05:45:00+00:00,86.173,91.423,-5.25
2026-08-21 06:00:00+00:00,86.2,91.447,-5.247
2026-08-21 06:15:00+00:00,86.37,91.63,-5.259999999999991
2026-08-21 06:30:00+00:00,86.398,91.65,-5.2520000000000095
2026-08-21 06:45:00+00:00,86.301,91.578,-5.277000000000001
2026-08-21 07:00:00+00:00,86.155,91.449,-5.293999999999997
2026-08-21 07:15:00+00:00,86.402,91.716,-5.313999999999993
2026-08-21 07:30:00+00:00,86.418,91.743,-5.324999999999989
2026-08-21 07:45:00+00:00,86.336,91.661,-5.325000000000003
2026-08-21 08:00:00+00:00,86.504,91.737,-5.23299999999999
2026-08-21 08:15:00+00:00,86.148,91.477,-5.329000000000008
2026-08-21 08:30:00+00:00,86.08,91.428,-5.347999999999999
2026-08-21 08:45:00+00:00,85.905,91.243,-5.337999999999994
2026-08-21 09:00:00+00:00,86.056,91.36,-5.304000000000002
2026-08-21 09:15:00+00:00,86.22,91.508,-5.287999999999997
2026-08-21 09:30:00+00:00,86.363,91.586,-5.222999999999999
2026-08-21 09:45:00+00:00,86.526,91.8,-5.274000000000001
2026-08-21 10:00:00+00:00,87.303,92.358,-5.055000000000007
2026-08-21 10:15:00+00:00,86.595,91.776,-5.180999999999997
2026-08-21 10:30:00+00:00,86.8,91.953,-5.153000000000006
2026-08-21 10:45:00+00:00,87.029,92.1,-5.070999999999998
2026-08-21 11:00:00+00:00,87.171,92.282,-5.11099999999999
2026-08-21 11:15:00+00:00,86.398,91.6,-5.201999999999998
2026-08-21 11:30:00+00:00,86.442,91.681,-5.239000000000004
2026-08-21 11:45:00+00:00,86.885,92.119,-5.233999999999995
2026-08-21 12:00:00+00:00,87.082,92.342,-5.260000000000005
2026-08-21 12:15:00+00:00,87.028,92.271,-5.242999999999995
2026-08-21 12:30:00+00:00,86.81,92.127,-5.316999999999993
2026-08-21 12:45:00+00:00,86.864,92.19,-5.325999999999993
2026-08-21 13:00:00+00:00,86.745,92.2,-5.454999999999998
2026-08-21 13:15:00+00:00,86.892,92.412,-5.52000000000001
2026-08-21 13:30:00+00:00,86.763,92.283,-5.519999999999996
2026-08-21 13:45:00+00:00,86.431,91.943,-5.5120000000000005
2026-08-21 14:00:00+00:00,86.59,92.156,-5.5660000000000025
2026-08-21 14:15:00+00:00,86.405,91.98,-5.575000000000003
2026-08-21 14:30:00+00:00,86.421,92.071,-5.6499999999999915
2026-08-21 14:45:00+00:00,86.51,92.22,-5.709999999999994
2026-08-21 15:00:00+00:00,86.643,92.333,-5.689999999999998
2026-08-21 15:15:00+00:00,86.443,92.146,-5.703000000000003
2026-08-21 15:30:00+00:00,86.861,92.491,-5.6299999999999955
2026-08-21 15:45:00+00:00,86.778,92.421,-5.643000000000001
2026-08-21 16:00:00+00:00,86.839,92.427,-5.588000000000008
2026-08-21 16:15:00+00:00,86.541,92.186,-5.64500000000001
2026-08-21 16:30:00+00:00,86.803,92.371,-5.567999999999998
2026-08-21 16:45:00+00:00,86.901,92.45,-5.549000000000007
2026-08-21 17:00:00+00:00,87.076,92.729,-5.653000000000006
2026-08-21 17:15:00+00:00,87.205,92.792,-5.587000000000003
2026-08-21 17:30:00+00:00,87.177,92.636,-5.458999999999989
2026-08-21 17:45:00+00:00,87.283,92.806,-5.522999999999996
2026-08-21 18:00:00+00:00,87.11,92.605,-5.4950000000000045
2026-08-21 18:15:00+00:00,87.039,92.61,-5.570999999999998
2026-08-21 18:30:00+00:00,86.955,92.47,-5.515000000000001
2026-08-21 18:45:00+00:00,86.984,92.473,-5.489000000000004
2026-08-21 19:00:00+00:00,86.763,92.288,-5.5249999999999915
2026-08-21 19:15:00+00:00,86.784,92.285,-5.500999999999991
2026-08-21 19:30:00+00:00,86.752,92.276,-5.524000000000001
2026-08-21 19:45:00+00:00,86.607,92.16,-5.552999999999997
2026-08-21 20:00:00+00:00,86.658,92.161,-5.503
2026-08-21 20:15:00+00:00,86.807,92.335,-5.527999999999992
2026-08-21 20:30:00+00:00,86.802,92.289,-5.486999999999995
2026-08-21 20:45:00+00:00,86.591,92.089,-5.498000000000005
2026-08-21 21:00:00+00:00,86.85,92.263,-5.413000000000011
2026-08-21 21:15:00+00:00,86.718,92.238,-5.519999999999996
2026-08-21 21:30:00+00:00,86.689,92.285,-5.596000000000004
2026-08-21 21:45:00+00:00,86.662,92.244,-5.581999999999994
2026-08-21 22:00:00+00:00,86.777,92.348,-5.570999999999998
2026-08-21 22:15:00+00:00,86.793,92.336,-5.542999999999992
2026-08-21 22:30:00+00:00,86.853,92.371,-5.518000000000001
2026-08-21 22:45:00+00:00,86.81,92.388,-5.578000000000003
2026-08-21 23:00:00+00:00,86.789,92.365,-5.575999999999993
2026-08-21 23:15:00+00:00,86.698,92.319,-5.621000000000009
2026-08-21 23:30:00+00:00,86.794,92.385,-5.591000000000008
2026-08-21 23:45:00+00:00,86.658,92.125,-5.466999999999999
2026-08-22 00:00:00+00:00,86.651,92.139,-5.4879999999999995
2026-08-22 00:15:00+00:00,86.651,92.086,-5.435000000000002
2026-08-22 00:30:00+00:00,86.525,91.968,-5.442999999999998
2026-08-22 00:45:00+00:00,86.454,91.973,-5.5190000000000055
2026-08-22 01:00:00+00:00,86.519,92.052,-5.533000000000001
2026-08-22 01:15:00+00:00,86.66,92.155,-5.4950000000000045
2026-08-22 01:30:00+00:00,86.53,92.077,-5.546999999999997
2026-08-22 01:45:00+00:00,86.566,92.151,-5.584999999999994
2026-08-22 02:00:00+00:00,86.603,92.183,-5.5800000000000125
2026-08-22 02:15:00+00:00,86.6,92.196,-5.596000000000004
2026-08-22 02:30:00+00:00,86.57,92.201,-5.631
2026-08-22 02:45:00+00:00,86.511,92.124,-5.6129999999999995
2026-08-22 03:00:00+00:00,86.495,92.094,-5.5989999999999895
2026-08-22 03:15:00+00:00,86.422,92.028,-5.606000000000009
2026-08-22 03:30:00+00:00,86.48,92.058,-5.578000000000003
2026-08-22 03:45:00+00:00,86.528,92.096,-5.567999999999998
2026-08-22 04:00:00+00:00,86.615,92.16,-5.545000000000002
2026-08-22 04:15:00+00:00,86.619,92.125,-5.506
2026-08-22 04:30:00+00:00,86.728,92.261,-5.533000000000001
2026-08-22 04:45:00+00:00,86.601,92.168,-5.567000000000007
2026-08-22 05:00:00+00:00,86.679,92.281,-5.602000000000004
2026-08-22 05:15:00+00:00,86.906,92.479,-5.572999999999993
2026-08-22 05:30:00+00:00,86.956,92.49,-5.533999999999992
2026-08-22 05:45:00+00:00,86.948,92.595,-5.647000000000006
2026-08-22 06:00:00+00:00,86.865,92.483,-5.618000000000009
2026-08-22 06:15:00+00:00,86.94,92.535,-5.594999999999999
2026-08-22 06:30:00+00:00,86.79,92.434,-5.643999999999991
2026-08-22 06:45:00+00:00,86.82,92.458,-5.638000000000005
2026-08-22 07:00:00+00:00,86.826,92.415,-5.589000000000013
2026-08-22 07:15:00+00:00,86.75,92.42,-5.670000000000002
2026-08-22 07:30:00+00:00,86.758,92.404,-5.646000000000001
2026-08-22 07:45:00+00:00,86.833,92.423,-5.590000000000003
2026-08-22 08:00:00+00:00,86.843,92.432,-5.588999999999999
2026-08-22 08:15:00+00:00,86.811,92.398,-5.586999999999989
2026-08-22 08:30:00+00:00,86.799,92.347,-5.547999999999988
2026-08-22 08:45:00+00:00,86.804,92.324,-5.519999999999996
2026-08-22 09:00:00+00:00,86.852,92.375,-5.522999999999996
2026-08-22 09:15:00+00:00,86.939,92.425,-5.486000000000004
2026-08-22 09:30:00+00:00,86.826,92.377,-5.551000000000002
2026-08-22 09:45:00+00:00,86.856,92.391,-5.535000000000011
2026-08-22 10:00:00+00:00,86.8,92.347,-5.546999999999997
2026-08-22 10:15:00+00:00,86.783,92.283,-5.5
2026-08-22 10:30:00+00:00,86.802,92.296,-5.494
2026-08-22 10:45:00+00:00,86.766,92.316,-5.549999999999997
2026-08-22 11:00:00+00:00,86.718,92.244,-5.525999999999996
2026-08-22 11:15:00+00:00,86.739,92.289,-5.549999999999997
2026-08-22 11:30:00+00:00,86.734,92.267,-5.533000000000001
2026-08-22 11:45:00+00:00,86.769,92.283,-5.513999999999996
2026-08-22 12:00:00+00:00,86.767,92.28,-5.513000000000005
2026-08-22 12:15:00+00:00,86.751,92.297,-5.545999999999992
2026-08-22 12:30:00+00:00,86.718,92.29,-5.572000000000003
2026-08-22 12:45:00+00:00,86.781,92.405,-5.623999999999995
2026-08-22 13:00:00+00:00,86.766,92.381,-5.614999999999995
2026-08-22 13:15:00+00:00,86.403,91.979,-5.575999999999993
2026-08-22 13:30:00+00:00,86.4,92.0,-5.599999999999994
2026-08-22 13:45:00+00:00,86.491,92.085,-5.593999999999994
2026-08-22 14:00:00+00:00,86.396,91.984,-5.587999999999994
2026-08-22 14:15:00+00:00,86.387,92.001,-5.614000000000004
2026-08-22 14:30:00+00:00,86.33,91.981,-5.650999999999996
2026-08-22 14:45:00+00:00,86.379,92.02,-5.640999999999991
2026-08-22 15:00:00+00:00,86.589,92.091,-5.501999999999995
2026-08-22 15:15:00+00:00,86.372,91.978,-5.6059999999999945
2026-08-22 15:30:00+00:00,86.364,91.931,-5.566999999999993
2026-08-22 15:45:00+00:00,86.423,92.036,-5.6129999999999995
2026-08-22 16:00:00+00:00,86.379,91.949,-5.569999999999993
2026-08-22 16:15:00+00:00,86.448,92.009,-5.561000000000007
2026-08-22 16:30:00+00:00,86.484,92.072,-5.588000000000008
2026-08-22 16:45:00+00:00,86.475,92.061,-5.586000000000013
2026-08-22 17:00:00+00:00,86.491,92.054,-5.563000000000002
2026-08-22 17:15:00+00:00,86.498,92.049,-5.551000000000002
2026-08-22 17:30:00+00:00,86.474,92.055,-5.581000000000003
2026-08-22 17:45:00+00:00,86.491,92.065,-5.573999999999998
2026-08-22 18:00:00+00:00,86.488,92.073,-5.584999999999994
2026-08-22 18:15:00+00:00,86.497,92.062,-5.564999999999998
2026-08-22 18:30:00+00:00,86.477,92.072,-5.594999999999999
2026-08-22 18:45:00+00:00,86.461,92.052,-5.591000000000008
2026-08-22 19:00:00+00:00,86.485,92.047,-5.561999999999998
2026-08-22 19:15:00+00:00,86.556,92.077,-5.521000000000001
2026-08-22 19:30:00+00:00,86.611,92.14,-5.528999999999996
2026-08-22 19:45:00+00:00,86.572,92.134,-5.561999999999998
2026-08-22 20:00:00+00:00,86.493,92.049,-5.556000000000012
2026-08-22 20:15:00+00:00,86.645,92.308,-5.663000000000011
2026-08-22 20:30:00+00:00,86.683,92.366,-5.682999999999993
2026-08-22 20:45:00+00:00,86.638,92.337,-5.698999999999998
2026-08-22 21:00:00+00:00,86.702,92.417,-5.715000000000003
2026-08-22 21:15:00+00:00,86.687,92.385,-5.6980000000000075
2026-08-22 21:30:00+00:00,86.722,92.415,-5.693000000000012
2026-08-22 21:45:00+00:00,86.718,92.422,-5.7039999999999935
2026-08-22 22:00:00+00:00,86.742,92.446,-5.7039999999999935
2026-08-22 22:15:00+00:00,86.733,92.446,-5.712999999999994
2026-08-22 22:30:00+00:00,86.743,92.466,-5.722999999999999
2026-08-22 22:45:00+00:00,86.727,92.452,-5.724999999999994
2026-08-22 23:00:00+00:00,86.741,92.459,-5.7180000000000035
2026-08-22 23:15:00+00:00,86.728,92.436,-5.708000000000013
2026-08-22 23:30:00+00:00,86.679,92.411,-5.731999999999999
2026-08-22 23:45:00+00:00,86.601,92.309,-5.707999999999998
2026-08-23 00:00:00+00:00,86.582,92.323,-5.741
2026-08-23 00:15:00+00:00,86.597,92.335,-5.7379999999999995
2026-08-23 00:30:00+00:00,86.626,92.322,-5.695999999999998
2026-08-23 00:45:00+00:00,86.597,92.234,-5.6370000000000005
2026-08-23 01:00:00+00:00,86.581,92.251,-5.670000000000002
2026-08-23 01:15:00+00:00,86.532,92.247,-5.715000000000003
2026-08-23 01:30:00+00:00,86.521,92.189,-5.667999999999992
2026-08-23 01:45:00+00:00,86.617,92.22,-5.602999999999994
2026-08-23 02:00:00+00:00,86.629,92.268,-5.638999999999996
2026-08-23 02:15:00+00:00,86.609,92.278,-5.669000000000011
2026-08-23 02:30:00+00:00,86.622,92.339,-5.716999999999999
2026-08-23 02:45:00+00:00,86.593,92.315,-5.721999999999994
2026-08-23 03:00:00+00:00,86.584,92.291,-5.706999999999994
2026-08-23 03:15:00+00:00,86.598,92.322,-5.724000000000004
2026-08-23 03:30:00+00:00,86.59,92.298,-5.707999999999998
2026-08-23 03:45:00+00:00,86.532,92.209,-5.677000000000007
2026-08-23 04:00:00+00:00,86.555,92.244,-5.688999999999993
2026-08-23 04:15:00+00:00,86.581,92.222,-5.640999999999991
2026-08-23 04:30:00+00:00,86.539,92.186,-5.647000000000006
2026-08-23 04:45:00+00:00,86.542,92.236,-5.694000000000003
2026-08-23 05:00:00+00:00,86.59,92.222,-5.631999999999991
2026-08-23 05:15:00+00:00,86.464,92.139,-5.674999999999997
2026-08-23 05:30:00+00:00,86.517,92.172,-5.655000000000001
2026-08-23 05:45:00+00:00,86.551,92.24,-5.688999999999993
2026-08-23 06:00:00+00:00,86.563,92.235,-5.671999999999997
2026-08-23 06:15:00+00:00,86.641,92.356,-5.714999999999989
2026-08-23 06:30:00+00:00,86.576,92.294,-5.7180000000000035
2026-08-23 06:45:00+00:00,86.564,92.269,-5.7050000000000125
2026-08-23 07:00:00+00:00,86.539,92.265,-5.725999999999999
2026-08-23 07:15:00+00:00,86.632,92.284,-5.652000000000001
2026-08-23 07:30:00+00:00,86.614,92.271,-5.6569999999999965
2026-08-23 07:45:00+00:00,86.6,92.275,-5.675000000000011
2026-08-23 08:00:00+00:00,86.656,92.35,-5.693999999999988
2026-08-23 08:15:00+00:00,86.627,92.29,-5.663000000000011
2026-08-23 08:30:00+00:00,86.595,92.212,-5.617000000000004
2026-08-23 08:45:00+00:00,86.62,92.237,-5.61699999999999
2026-08-23 09:00:00+00:00,86.657,92.255,-5.597999999999999
2026-08-23 09:15:00+00:00,86.66,92.243,-5.582999999999998
2026-08-23 09:30:00+00:00,86.576,92.163,-5.587000000000003
2026-08-23 09:45:00+00:00,86.555,92.187,-5.631999999999991
2026-08-23 10:00:00+00:00,86.543,92.183,-5.640000000000001
2026-08-23 10:15:00+00:00,86.553,92.157,-5.603999999999999
2026-08-23 10:30:00+00:00,86.581,92.16,-5.5789999999999935
2026-08-23 10:45:00+00:00,86.59,92.161,-5.570999999999998
2026-08-23 11:00:00+00:00,86.585,92.177,-5.592000000000013
2026-08-23 11:15:00+00:00,86.591,92.163,-5.572000000000003
2026-08-23 11:30:00+00:00,86.578,92.131,-5.552999999999997
2026-08-23 11:45:00+00:00,86.577,92.113,-5.536000000000001
2026-08-23 12:00:00+00:00,86.564,92.149,-5.585000000000008
2026-08-23 12:15:00+00:00,86.577,92.149,-5.572000000000003
2026-08-23 12:30:00+00:00,86.588,92.165,-5.577000000000012
2026-08-23 12:45:00+00:00,86.525,92.155,-5.6299999999999955
2026-08-23 13:00:00+00:00,86.556,92.161,-5.605000000000004
2026-08-23 13:15:00+00:00,86.562,92.197,-5.635000000000005
2026-08-23 13:30:00+00:00,86.537,92.241,-5.7039999999999935
2026-08-23 13:45:00+00:00,86.608,92.251,-5.643000000000001
2026-08-23 14:00:00+00:00,86.489,92.2,-5.7109999999999985
2026-08-23 14:15:00+00:00,86.555,92.288,-5.73299999999999
2026-08-23 14:30:00+00:00,86.537,92.213,-5.675999999999988
2026-08-23 14:45:00+00:00,86.557,92.258,-5.700999999999993
2026-08-23 15:00:00+00:00,86.587,92.272,-5.685000000000002
2026-08-23 15:15:00+00:00,86.579,92.235,-5.656000000000006
2026-08-23 15:30:00+00:00,86.547,92.208,-5.661000000000001
2026-08-23 15:45:00+00:00,86.529,92.158,-5.629000000000005
2026-08-23 16:00:00+00:00,86.51,92.15,-5.640000000000001
2026-08-23 16:15:00+00:00,86.526,92.142,-5.616
2026-08-23 16:30:00+00:00,86.561,92.192,-5.630999999999986
2026-08-23 16:45:00+00:00,86.555,92.18,-5.625
2026-08-23 17:00:00+00:00,86.554,92.147,-5.5930000000000035
2026-08-23 17:15:00+00:00,86.547,92.218,-5.6710000000000065
2026-08-23 17:30:00+00:00,86.374,92.029,-5.655000000000001
2026-08-23 17:45:00+00:00,86.433,92.081,-5.647999999999996
2026-08-23 18:00:00+00:00,86.451,92.102,-5.6510000000000105
2026-08-23 18:15:00+00:00,86.374,92.07,-5.695999999999998
2026-08-23 18:30:00+00:00,86.368,92.001,-5.63300000000001
2026-08-23 18:45:00+00:00,86.123,91.655,-5.5319999999999965
2026-08-23 19:00:00+00:00,86.264,91.816,-5.552000000000007
2026-08-23 19:15:00+00:00,86.324,91.896,-5.572000000000003
2026-08-23 19:30:00+00:00,86.333,91.935,-5.602000000000004
2026-08-23 19:45:00+00:00,86.306,91.877,-5.570999999999998
2026-08-23 20:00:00+00:00,86.367,91.953,-5.5859999999999985
2026-08-23 20:15:00+00:00,86.322,91.911,-5.588999999999999
2026-08-23 20:30:00+00:00,86.411,92.031,-5.6200000000000045
2026-08-23 20:45:00+00:00,86.417,92.015,-5.597999999999999
2026-08-23 21:00:00+00:00,86.332,91.963,-5.631
2026-08-23 21:15:00+00:00,86.333,91.952,-5.619
2026-08-23 21:30:00+00:00,86.341,91.955,-5.614000000000004
2026-08-23 21:45:00+00:00,86.565,92.122,-5.557000000000002
2026-08-23 22:00:00+00:00,86.37,91.9,-5.530000000000001
2026-08-23 22:15:00+00:00,86.352,91.902,-5.549999999999997
2026-08-23 22:30:00+00:00,86.298,91.878,-5.579999999999998
2026-08-23 22:45:00+00:00,86.22,91.778,-5.558000000000007
2026-08-23 23:00:00+00:00,86.132,91.661,-5.528999999999996
2026-08-23 23:15:00+00:00,86.114,91.674,-5.560000000000002
2026-08-23 23:30:00+00:00,86.132,91.677,-5.545000000000002
2026-08-23 23:45:00+00:00,85.995,91.625,-5.6299999999999955
2026-08-24 00:00:00+00:00,86.12,91.671,-5.551000000000002
2026-08-24 00:15:00+00:00,85.927,91.488,-5.560999999999993
2026-08-24 00:30:00+00:00,85.594,91.165,-5.571000000000012
2026-08-24 00:45:00+00:00,85.806,91.35,-5.543999999999997
2026-08-24 01:00:00+00:00,85.346,90.792,-5.445999999999998
2026-08-24 01:15:00+00:00,85.156,90.57,-5.413999999999987
2026-08-24 01:30:00+00:00,85.291,90.725,-5.4339999999999975
2026-08-24 01:45:00+00:00,85.345,90.87,-5.525000000000006
2026-08-24 02:00:00+00:00,85.315,90.876,-5.561000000000007
2026-08-24 02:15:00+00:00,85.487,91.044,-5.557000000000002
2026-08-24 02:30:00+00:00,85.566,91.159,-5.5930000000000035
2026-08-24 02:45:00+00:00,85.662,91.266,-5.603999999999999
2026-08-24 03:00:00+00:00,85.655,91.274,-5.619
2026-08-24 03:15:00+00:00,85.699,91.335,-5.635999999999996
2026-08-24 03:30:00+00:00,85.696,91.35,-5.653999999999996
2026-08-24 03:45:00+00:00,85.596,91.243,-5.646999999999991
2026-08-24 04:00:00+00:00,85.569,91.234,-5.664999999999992
2026-08-24 04:15:00+00:00,85.595,91.239,-5.6440000000000055
2026-08-24 04:30:00+00:00,85.575,91.252,-5.6769999999999925
2026-08-24 04:45:00+00:00,85.579,91.289,-5.710000000000008
2026-08-24 05:00:00+00:00,85.615,91.328,-5.713000000000008
2026-08-24 05:15:00+00:00,85.535,91.221,-5.686000000000007
2026-08-24 05:30:00+00:00,85.715,91.418,-5.703000000000003
2026-08-24 05:45:00+00:00,85.535,91.256,-5.721000000000004
2026-08-24 06:00:00+00:00,85.294,90.992,-5.6980000000000075
2026-08-24 06:15:00+00:00,85.43,91.15,-5.719999999999999
2026-08-24 06:30:00+00:00,85.227,91.005,-5.777999999999992
2026-08-24 06:45:00+00:00,85.169,90.9,-5.731000000000009
2026-08-24 07:00:00+00:00,85.205,91.01,-5.805000000000007
2026-08-24 07:15:00+00:00,85.297,91.1,-5.802999999999997
2026-08-24 07:30:00+00:00,85.483,91.319,-5.8359999999999985
2026-08-24 07:45:00+00:00,85.652,91.428,-5.775999999999996
2026-08-24 08:00:00+00:00,85.498,91.344,-5.845999999999989
2026-08-24 08:15:00+00:00,85.48,91.426,-5.945999999999998
2026-08-24 08:30:00+00:00,85.19,91.157,-5.966999999999999
2026-08-24 08:45:00+00:00,84.946,90.955,-6.009
2026-08-24 09:00:00+00:00,85.063,91.018,-5.954999999999998
2026-08-24 09:15:00+00:00,85.359,91.289,-5.930000000000007
2026-08-24 09:30:00+00:00,85.287,91.227,-5.939999999999998
2026-08-24 09:45:00+00:00,85.121,91.017,-5.896000000000001
2026-08-24 10:00:00+00:00,85.071,90.984,-5.912999999999997
2026-08-24 10:15:00+00:00,84.979,90.865,-5.885999999999996
2026-08-24 10:30:00+00:00,85.179,91.035,-5.8559999999999945
2026-08-24 10:45:00+00:00,85.34,91.133,-5.792999999999992
2026-08-24 11:00:00+00:00,85.229,91.051,-5.822000000000003
2026-08-24 11:15:00+00:00,85.488,91.326,-5.837999999999994
2026-08-24 11:30:00+00:00,85.149,91.06,-5.911000000000001
2026-08-24 11:45:00+00:00,85.378,91.195,-5.816999999999993
2026-08-24 12:00:00+00:00,85.491,91.298,-5.807000000000002
2026-08-24 12:15:00+00:00,85.454,91.282,-5.828000000000003
2026-08-24 12:30:00+00:00,85.6,91.422,-5.822000000000003
2026-08-24 12:45:00+00:00,85.538,91.303,-5.765000000000001
2026-08-24 13:00:00+00:00,85.512,91.453,-5.9410000000000025
2026-08-24 13:15:00+00:00,85.931,91.806,-5.875
2026-08-24 13:30:00+00:00,85.689,91.547,-5.858000000000004
2026-08-24 13:45:00+00:00,85.399,91.17,-5.771000000000001
2026-08-24 14:00:00+00:00,85.36,91.162,-5.802000000000007
2026-08-24 14:15:00+00:00,84.937,90.768,-5.831000000000003
2026-08-24 14:30:00+00:00,85.191,91.031,-5.840000000000003
2026-08-24 14:45:00+00:00,85.028,90.828,-5.799999999999997
2026-08-24 15:00:00+00:00,85.008,90.827,-5.819000000000003
2026-08-24 15:15:00+00:00,84.503,90.28,-5.777000000000001
2026-08-24 15:30:00+00:00,84.777,90.563,-5.786000000000001
2026-08-24 15:45:00+00:00,84.791,90.619,-5.828000000000003
2026-08-24 16:00:00+00:00,85.01,90.712,-5.701999999999998
2026-08-24 16:15:00+00:00,85.263,90.896,-5.632999999999996
2026-08-24 16:30:00+00:00,85.384,90.939,-5.554999999999993
2026-08-24 16:45:00+00:00,85.226,90.742,-5.516000000000005
2026-08-24 17:00:00+00:00,84.903,90.417,-5.513999999999996
2026-08-24 17:15:00+00:00,84.851,90.35,-5.498999999999995
2026-08-24 17:30:00+00:00,84.883,90.378,-5.4950000000000045
2026-08-24 17:45:00+00:00,84.77,90.281,-5.51100000000001
2026-08-24 18:00:00+00:00,84.826,90.34,-5.51400000000001
2026-08-24 18:15:00+00:00,84.97,90.486,-5.516000000000005
2026-08-24 18:30:00+00:00,85.162,90.625,-5.462999999999994
2026-08-24 18:45:00+00:00,85.163,90.576,-5.412999999999997
2026-08-24 19:00:00+00:00,85.222,90.618,-5.396000000000001
2026-08-24 19:15:00+00:00,85.185,90.601,-5.415999999999997
2026-08-24 19:30:00+00:00,85.085,90.476,-5.391000000000005
2026-08-24 19:45:00+00:00,85.036,90.413,-5.376999999999995
2026-08-24 20:00:00+00:00,85.006,90.372,-5.366
2026-08-24 20:15:00+00:00,84.954,90.344,-5.390000000000001
2026-08-24 20:30:00+00:00,84.895,90.301,-5.406000000000006
2026-08-24 20:45:00+00:00,84.963,90.359,-5.396000000000001
2026-08-24 21:00:00+00:00,84.963,90.38,-5.417000000000002
2026-08-24 21:15:00+00:00,84.98,90.414,-5.4339999999999975
2026-08-24 21:30:00+00:00,85.09,90.472,-5.381999999999991
2026-08-24 21:45:00+00:00,85.008,90.388,-5.38000000000001
2026-08-24 22:00:00+00:00,85.006,90.424,-5.418000000000006
2026-08-24 22:15:00+00:00,85.04,90.479,-5.438999999999993
2026-08-24 22:30:00+00:00,85.097,90.524,-5.427000000000007
2026-08-24 22:45:00+00:00,85.106,90.52,-5.4140000000000015
2026-08-24 23:00:00+00:00,85.137,90.588,-5.450999999999993
2026-08-24 23:15:00+00:00,85.156,90.632,-5.475999999999999
2026-08-24 23:30:00+00:00,85.152,90.64,-5.4879999999999995
2026-08-24 23:45:00+00:00,85.2,90.655,-5.454999999999998
2026-08-25 00:00:00+00:00,85.116,90.528,-5.412000000000006
2026-08-25 00:15:00+00:00,85.112,90.521,-5.409000000000006
2026-08-25 00:30:00+00:00,84.933,90.3,-5.36699999999999
2026-08-25 00:45:00+00:00,84.821,90.184,-5.3629999999999995
2026-08-25 01:00:00+00:00,85.165,90.584,-5.418999999999997
2026-08-25 01:15:00+00:00,85.257,90.669,-5.411999999999992
2026-08-25 01:30:00+00:00,85.393,90.783,-5.390000000000001
2026-08-25 01:45:00+00:00,85.488,90.84,-5.352000000000004
2026-08-25 02:00:00+00:00,85.801,91.185,-5.384
2026-08-25 02:15:00+00:00,85.694,91.109,-5.414999999999992
2026-08-25 02:30:00+00:00,85.616,91.014,-5.397999999999996
2026-08-25 02:45:00+00:00,85.568,90.966,-5.397999999999996
2026-08-25 03:00:00+00:00,85.343,90.739,-5.396000000000001
2026-08-25 03:15:00+00:00,85.357,90.753,-5.396000000000001
2026-08-25 03:30:00+00:00,85.422,90.811,-5.38900000000001
2026-08-25 03:45:00+00:00,85.438,90.823,-5.384999999999991
2026-08-25 04:00:00+00:00,85.361,90.761,-5.3999999999999915
2026-08-25 04:15:00+00:00,85.276,90.678,-5.402000000000001
2026-08-25 04:30:00+00:00,85.139,90.544,-5.405000000000001
2026-08-25 04:45:00+00:00,85.088,90.523,-5.435000000000002
2026-08-25 05:00:00+00:00,84.967,90.435,-5.4680000000000035
2026-08-25 05:15:00+00:00,84.978,90.4,-5.422000000000011
2026-08-25 05:30:00+00:00,84.946,90.396,-5.450000000000003
2026-08-25 05:45:00+00:00,84.445,89.879,-5.434000000000012
2026-08-25 06:00:00+00:00,84.261,89.665,-5.404000000000011
2026-08-25 06:15:00+00:00,84.218,89.572,-5.353999999999999
2026-08-25 06:30:00+00:00,84.473,89.869,-5.396000000000001
2026-08-25 06:45:00+00:00,84.256,89.7,-5.444000000000003
2026-08-25 07:00:00+00:00,84.415,89.866,-5.450999999999993
2026-08-25 07:15:00+00:00,84.459,89.939,-5.47999999999999
2026-08-25 07:30:00+00:00,84.37,89.866,-5.495999999999995
2026-08-25 07:45:00+00:00,84.55,90.062,-5.5120000000000005
2026-08-25 08:00:00+00:00,84.55,90.12,-5.570000000000007
2026-08-25 08:15:00+00:00,83.88,89.524,-5.6440000000000055
2026-08-25 08:30:00+00:00,83.421,89.016,-5.594999999999999
2026-08-25 08:45:00+00:00,82.994,88.591,-5.596999999999994
2026-08-25 09:00:00+00:00,82.85,88.46,-5.609999999999999
2026-08-25 09:15:00+00:00,82.682,88.308,-5.626000000000005
2026-08-25 09:30:00+00:00,82.274,87.934,-5.659999999999997
2026-08-25 09:45:00+00:00,82.111,87.666,-5.554999999999993
2026-08-25 10:00:00+00:00,82.499,87.984,-5.484999999999999
2026-08-25 10:15:00+00:00,82.411,87.946,-5.534999999999997
2026-08-25 10:30:00+00:00,82.571,88.159,-5.588000000000008
2026-08-25 10:45:00+00:00,82.448,88.034,-5.586000000000013
2026-08-25 11:00:00+00:00,82.472,88.067,-5.594999999999999
2026-08-25 11:15:00+00:00,82.496,88.158,-5.662000000000006
2026-08-25 11:30:00+00:00,82.18,87.826,-5.645999999999987
2026-08-25 11:45:00+00:00,81.949,87.573,-5.623999999999995
2026-08-25 12:00:00+00:00,82.288,87.991,-5.703000000000003
2026-08-25 12:15:00+00:00,82.331,87.949,-5.617999999999995
2026-08-25 12:30:00+00:00,82.44,88.025,-5.585000000000008
2026-08-25 12:45:00+00:00,82.205,87.775,-5.570000000000007
2026-08-25 13:00:00+00:00,82.006,87.497,-5.491
2026-08-25 13:15:00+00:00,82.414,87.896,-5.481999999999999
2026-08-25 13:30:00+00:00,82.232,87.792,-5.560000000000002
2026-08-25 13:45:00+00:00,82.432,88.03,-5.597999999999999
2026-08-25 14:00:00+00:00,82.376,87.907,-5.530999999999992
2026-08-25 14:15:00+00:00,82.599,88.064,-5.464999999999989
2026-08-25 14:30:00+00:00,82.529,87.999,-5.469999999999999
2026-08-25 14:45:00+00:00,82.47,87.867,-5.397000000000006
2026-08-25 15:00:00+00:00,82.443,87.787,-5.344000000000008
2026-08-25 15:15:00+00:00,82.377,87.772,-5.39500000000001
2026-08-25 15:30:00+00:00,81.643,86.908,-5.265000000000001
2026-08-25 15:45:00+00:00,82.04,87.256,-5.215999999999994
2026-08-25 16:00:00+00:00,82.127,87.331,-5.204000000000008
2026-08-25 16:15:00+00:00,82.289,87.418,-5.129000000000005
2026-08-25 16:30:00+00:00,82.24,87.251,-5.01100000000001
2026-08-25 16:45:00+00:00,82.142,87.057,-4.915000000000006
2026-08-25 17:00:00+00:00,82.132,87.073,-4.940999999999988
2026-08-25 17:15:00+00:00,82.164,87.023,-4.858999999999995
2026-08-25 17:30:00+00:00,82.225,87.138,-4.913000000000011
2026-08-25 17:45:00+00:00,82.069,86.964,-4.894999999999996
2026-08-25 18:00:00+00:00,82.097,87.043,-4.946000000000012
2026-08-25 18:15:00+00:00,82.263,87.202,-4.938999999999993
2026-08-25 18:30:00+00:00,82.336,87.269,-4.933000000000007
2026-08-25 18:45:00+00:00,82.254,87.178,-4.923999999999992
2026-08-25 19:00:00+00:00,82.27,87.219,-4.948999999999998
2026-08-25 19:15:00+00:00,82.199,87.17,-4.971000000000004
2026-08-25 19:30:00+00:00,81.95,86.954,-5.003999999999991
2026-08-25 19:45:00+00:00,81.057,86.073,-5.015999999999991
2026-08-25 20:00:00+00:00,80.477,85.276,-4.798999999999992
2026-08-25 20:15:00+00:00,80.665,85.545,-4.8799999999999955
2026-08-25 20:30:00+00:00,80.867,85.694,-4.826999999999998
2026-08-25 20:45:00+00:00,81.103,85.871,-4.768000000000001
2026-08-25 21:00:00+00:00,81.253,85.998,-4.7450000000000045
2026-08-25 21:15:00+00:00,81.315,86.016,-4.701000000000008
2026-08-25 21:30:00+00:00,81.217,85.891,-4.674000000000007
2026-08-25 21:45:00+00:00,81.139,85.821,-4.682000000000002
2026-08-25 22:00:00+00:00,81.212,86.036,-4.823999999999998
2026-08-25 22:15:00+00:00,81.014,85.876,-4.862000000000009
2026-08-25 22:30:00+00:00,80.983,85.846,-4.8629999999999995
2026-08-25 22:45:00+00:00,81.01,85.912,-4.902000000000001
2026-08-25 23:00:00+00:00,80.972,85.896,-4.924000000000007
2026-08-25 23:15:00+00:00,81.009,85.915,-4.906000000000006
2026-08-25 23:30:00+00:00,81.035,85.945,-4.909999999999997
2026-08-25 23:45:00+00:00,80.983,85.901,-4.917999999999992
2026-08-26 00:00:00+00:00,80.896,85.761,-4.864999999999995
2026-08-26 00:15:00+00:00,80.899,85.785,-4.885999999999996
2026-08-26 00:30:00+00:00,80.7,85.583,-4.882999999999996
2026-08-26 00:45:00+00:00,80.717,85.532,-4.814999999999998
2026-08-26 01:00:00+00:00,80.405,85.194,-4.7890000000000015
2026-08-26 01:15:00+00:00,80.564,85.363,-4.799000000000007
2026-08-26 01:30:00+00:00,80.444,85.301,-4.856999999999999
2026-08-26 01:45:00+00:00,80.514,85.426,-4.912000000000006
2026-08-26 02:00:00+00:00,80.314,85.221,-4.907000000000011
2026-08-26 02:15:00+00:00,80.367,85.268,-4.900999999999996
2026-08-26 02:30:00+00:00,80.405,85.336,-4.930999999999997
2026-08-26 02:45:00+00:00,80.378,85.324,-4.945999999999998
2026-08-26 03:00:00+00:00,80.244,85.174,-4.930000000000007
2026-08-26 03:15:00+00:00,80.252,85.146,-4.8940000000000055
2026-08-26 03:30:00+00:00,80.263,85.168,-4.905000000000001
2026-08-26 03:45:00+00:00,80.263,85.16,-4.896999999999991
2026-08-26 04:00:00+00:00,80.396,85.322,-4.926000000000002
2026-08-26 04:15:00+00:00,80.309,85.248,-4.939000000000007
2026-08-26 04:30:00+00:00,80.282,85.223,-4.9410000000000025
2026-08-26 04:45:00+00:00,80.611,85.572,-4.9609999999999985
2026-08-26 05:00:00+00:00,80.596,85.587,-4.991
2026-08-26 05:15:00+00:00,80.76,85.803,-5.042999999999992
2026-08-26 05:30:00+00:00,80.856,85.944,-5.088000000000008
2026-08-26 05:45:00+00:00,80.746,85.793,-5.047000000000011
2026-08-26 06:00:00+00:00,80.825,85.855,-5.030000000000001
2026-08-26 06:15:00+00:00,80.815,85.844,-5.028999999999996
2026-08-26 06:30:00+00:00,80.298,85.443,-5.144999999999996
2026-08-26 06:45:00+00:00,80.449,85.596,-5.147000000000006
2026-08-26 07:00:00+00:00,80.255,85.403,-5.14800000000001
2026-08-26 07:15:00+00:00,80.27,85.47,-5.200000000000003
2026-08-26 07:30:00+00:00,80.056,85.189,-5.132999999999996
2026-08-26 07:45:00+00:00,79.903,85.024,-5.120999999999995
2026-08-26 08:00:00+00:00,80.265,85.38,-5.114999999999995
2026-08-26 08:15:00+00:00,80.082,85.213,-5.131
2026-08-26 08:30:00+00:00,79.926,84.963,-5.036999999999992
2026-08-26 08:45:00+00:00,79.858,84.914,-5.055999999999997
2026-08-26 09:00:00+00:00,79.921,84.932,-5.010999999999996
2026-08-26 09:15:00+00:00,80.202,85.207,-5.0049999999999955
2026-08-26 09:30:00+00:00,79.849,84.855,-5.006
2026-08-26 09:45:00+00:00,80.12,85.0,-4.8799999999999955
2026-08-26 10:00:00+00:00,80.153,84.954,-4.800999999999988
2026-08-26 10:15:00+00:00,80.145,84.958,-4.813000000000002
2026-08-26 10:30:00+00:00,80.177,84.971,-4.793999999999997
2026-08-26 10:45:00+00:00,80.226,85.066,-4.840000000000003
2026-08-26 11:00:00+00:00,80.196,85.052,-4.856000000000009
2026-08-26 11:15:00+00:00,80.213,85.218,-5.00500000000001
2026-08-26 11:30:00+00:00,80.413,85.424,-5.01100000000001
2026-08-26 11:45:00+00:00,80.558,85.511,-4.952999999999989
2026-08-26 12:00:00+00:00,80.405,85.34,-4.935000000000002
2026-08-26 12:15:00+00:00,80.247,85.189,-4.941999999999993
2026-08-26 12:30:00+00:00,80.262,85.253,-4.991
2026-08-26 12:45:00+00:00,80.647,85.667,-5.019999999999996
2026-08-26 13:00:00+00:00,80.801,85.806,-5.0049999999999955
2026-08-26 13:15:00+00:00,80.721,85.76,-5.0390000000000015
2026-08-26 13:30:00+00:00,81.24,86.152,-4.912000000000006
2026-08-26 13:45:00+00:00,81.503,86.487,-4.983999999999995
2026-08-26 14:00:00+00:00,81.468,86.447,-4.978999999999999
2026-08-26 14:15:00+00:00,81.639,86.545,-4.906000000000006
2026-08-26 14:30:00+00:00,81.808,86.699,-4.890999999999991
2026-08-26 14:45:00+00:00,81.877,86.805,-4.9280000000000115
2026-08-26 15:00:00+00:00,82.209,87.125,-4.915999999999997
2026-08-26 15:15:00+00:00,82.4,87.312,-4.911999999999992
2026-08-26 15:30:00+00:00,82.272,87.169,-4.896999999999991
2026-08-26 15:45:00+00:00,82.8,87.773,-4.972999999999999
2026-08-26 16:00:00+00:00,82.905,87.83,-4.924999999999997
2026-08-26 16:15:00+00:00,83.068,87.89,-4.822000000000003
2026-08-26 16:30:00+00:00,83.048,87.851,-4.802999999999997
2026-08-26 16:45:00+00:00,82.745,87.544,-4.798999999999992
2026-08-26 17:00:00+00:00,82.684,87.407,-4.722999999999999
2026-08-26 17:15:00+00:00,82.69,87.415,-4.7250000000000085
2026-08-26 17:30:00+00:00,82.579,87.281,-4.702000000000012
2026-08-26 17:45:00+00:00,82.54,87.248,-4.707999999999998
2026-08-26 18:00:00+00:00,82.363,87.012,-4.649000000000001
2026-08-26 18:15:00+00:00,82.251,86.889,-4.637999999999991
2026-08-26 18:30:00+00:00,82.137,86.769,-4.632000000000005
2026-08-26 18:45:00+00:00,81.988,86.598,-4.609999999999999
2026-08-26 19:00:00+00:00,81.996,86.598,-4.602000000000004
2026-08-26 19:15:00+00:00,82.009,86.599,-4.590000000000003
2026-08-26 19:30:00+00:00,81.963,86.594,-4.631
2026-08-26 19:45:00+00:00,81.925,86.538,-4.6129999999999995
2026-08-26 20:00:00+00:00,81.868,86.519,-4.6510000000000105
2026-08-26 20:15:00+00:00,81.78,86.432,-4.652000000000001
2026-08-26 20:30:00+00:00,81.793,86.425,-4.631999999999991
2026-08-26 20:45:00+00:00,81.902,86.519,-4.617000000000004
2026-08-26 21:00:00+00:00,82.057,86.645,-4.587999999999994
2026-08-26 21:15:00+00:00,82.076,86.689,-4.6129999999999995
2026-08-26 21:30:00+00:00,82.035,86.729,-4.694000000000003
2026-08-26 21:45:00+00:00,82.033,86.646,-4.6129999999999995
2026-08-26 22:00:00+00:00,81.784,86.474,-4.689999999999998
2026-08-26 22:15:00+00:00,81.829,86.527,-4.6980000000000075
2026-08-26 22:30:00+00:00,81.874,86.548,-4.674000000000007
2026-08-26 22:45:00+00:00,81.797,86.503,-4.706000000000003
2026-08-26 23:00:00+00:00,81.817,86.531,-4.714000000000013
2026-08-26 23:15:00+00:00,81.822,86.522,-4.700000000000003
2026-08-26 23:30:00+00:00,81.819,86.547,-4.727999999999994
2026-08-26 23:45:00+00:00,81.812,86.499,-4.686999999999998
2026-08-27 00:00:00+00:00,81.604,86.291,-4.686999999999998
2026-08-27 00:15:00+00:00,81.521,86.253,-4.731999999999999
2026-08-27 00:30:00+00:00,81.554,86.245,-4.6910000000000025
2026-08-27 00:45:00+00:00,81.751,86.45,-4.698999999999998
2026-08-27 01:00:00+00:00,81.848,86.479,-4.631
2026-08-27 01:15:00+00:00,82.015,86.681,-4.665999999999997
2026-08-27 01:30:00+00:00,81.85,86.537,-4.687000000000012
2026-08-27 01:45:00+00:00,81.639,86.297,-4.658000000000001
2026-08-27 02:00:00+00:00,81.692,86.402,-4.710000000000008
2026-08-27 02:15:00+00:00,81.622,86.303,-4.680999999999997
2026-08-27 02:30:00+00:00,81.529,86.187,-4.658000000000001
2026-08-27 02:45:00+00:00,81.463,86.082,-4.619
2026-08-27 03:00:00+00:00,81.737,86.38,-4.643000000000001
2026-08-27 03:15:00+00:00,81.797,86.4,-4.603000000000009
2026-08-27 03:30:00+00:00,81.876,86.492,-4.616
2026-08-27 03:45:00+00:00,81.857,86.492,-4.635000000000005
2026-08-27 04:00:00+00:00,81.846,86.489,-4.643000000000001
2026-08-27 04:15:00+00:00,81.914,86.555,-4.641000000000005
2026-08-27 04:30:00+00:00,81.857,86.509,-4.652000000000001
2026-08-27 04:45:00+00:00,81.834,86.483,-4.649000000000001
2026-08-27 05:00:00+00:00,81.842,86.495,-4.653000000000006
2026-08-27 05:15:00+00:00,81.611,86.286,-4.674999999999997
2026-08-27 05:30:00+00:00,81.581,86.295,-4.713999999999999
2026-08-27 05:45:00+00:00,81.437,86.148,-4.7109999999999985
2026-08-27 06:00:00+00:00,81.359,86.064,-4.704999999999998
2026-08-27 06:15:00+00:00,81.309,85.966,-4.6569999999999965
2026-08-27 06:30:00+00:00,81.06,85.749,-4.688999999999993
2026-08-27 06:45:00+00:00,81.15,85.888,-4.7379999999999995
